id,constelacion,ra_grados,dec_grados,mag
Berk58,Cassiopeia,0.05417,60.945,9.7
Berk59,Cepheus,0.54167,67.41833,
K13,Cassiopeia,2.525,61.21667,
Berk2,Cassiopeia,6.3125,60.38667,
K14,Cassiopeia,7.975,63.16667,8.5
NGC225,Cassiopeia,10.9125,61.775,7.0
K16,Cassiopeia,10.925,64.18333,10.3
NGC188,Cepheus,11.86667,85.25333,8.1
NGC581,Cassiopeia,23.34583,60.65,7.4
Tr1,Cassiopeia,23.91667,61.285,8.1
Cr463,Cassiopeia,27.1,71.95,5.7
St4,Perseus,28.2,57.06667,
Cr26,Cassiopeia,38.175,61.45,6.5
Tr2,Perseus,39.325,55.98333,5.9
NGC1027,Cassiopeia,40.66667,61.595,6.7
SAC468,Aries,41.85,17.2,
IC1848,Cassiopeia,42.825,60.40667,6.5
Cr34,Cassiopeia,45.225,60.41667,6.8
Tr3,Cassiopeia,47.95,63.25,7.0
St23,Camelopardalis,49.075,60.03333,
NGC1342,Perseus,52.90833,37.37667,6.7
IC348,Perseus,56.14167,32.16167,7.3
SAC10180,Camelopardalis,56.95,59.05,8.4
NGC1444,Perseus,57.35417,52.65667,6.6
K7,Perseus,59.75,51.8,
NGC1496,Perseus,61.13333,52.66167,10.0
NGC1502,Camelopardalis,61.95833,62.33,5.7
NGC1662,Orion,72.1125,10.935,6.4
NGC1746,Taurus,75.95833,23.77,6.0
NGC1807,Taurus,77.67917,16.52167,7.0
SAC2738,Auriga,77.925,47.7,
NGC1893,Auriga,80.6875,33.41167,7.5
NGC1912,Auriga,82.16667,35.84667,6.4
SAC470,Taurus,83.425,26.48333,
Cr69,Orion,83.775,9.93333,2.8
NGC1981,Orion,83.7875,-4.43167,4.6
SAC471,Taurus,83.975,25.95,
NGC2141,Orion,90.72917,10.44667,9.4
NGC2158,Gemini,91.85417,24.095,8.6
NGC2169,Orion,92.1,13.965,5.9
NGC2232,Monoceros,97.00417,-4.84667,3.9
NGC2244,Monoceros,97.98333,4.94167,4.8
SAC9916,Canis Major,99.1,-14.18333,
SAC9918,Canis Major,100.525,-29.45,
Berk30,Monoceros,104.425,3.21667,
SAC9922,Canis Major,104.65,-12.91667,
NGC2353,Monoceros,108.625,-10.26667,7.1
Tr6,Canis Major,111.525,-24.3,10.0
Tr7,Puppis,111.825,-24.03333,7.9
NGC2422,Puppis,114.14583,-14.48333,4.4
Mel71,Puppis,114.375,-12.06667,7.1
NGC2439,Puppis,115.1875,-31.69167,6.9
NGC2453,Puppis,116.89583,-27.19333,8.3
Tr9,Puppis,118.825,-25.93333,8.7
NGC2548,Hydra,123.42917,-5.75,5.8
NGC2632,Cancer,130.1,19.66667,3.1
NGC2682,Cancer,132.825,11.8,6.9
SAC449,Ophiuchus,249.125,-8.95,
Tr26,Ophiuchus,262.125,-29.48333,9.5
Cr333,Scorpius,262.825,-34.08333,9.8
NGC6383,Scorpius,263.675,-32.58,5.5
Tr27,Scorpius,264.05,-33.48333,6.7
Tr28,Scorpius,264.2,-32.65,7.7
NGC6416,Scorpius,266.07917,-32.36167,5.7
Cr347,Sagittarius,266.6,-29.3,8.8
IC4665,Ophiuchus,266.625,5.65,4.2
NGC6475,Scorpius,268.4625,-34.79333,3.3
NGC6520,Sagittarius,270.85,-27.88667,8.0
NGC6530,Sagittarius,271.12917,-24.35833,4.6
SAC476,Hercules,272.2,31.53333,
Tr32,Serpens,274.375,-13.35,12.2
NGC6604,Serpens,274.5125,-12.24167,6.5
Tr33,Sagittarius,276.2,-19.68333,7.8
NGC6649,Scutum,278.3625,-10.40333,8.9
Tr35,Scutum,280.725,-4.13333,9.2
NGC6694,Scutum,281.325,-9.38333,8.0
NGC6705,Scutum,282.77083,-6.27,5.8
NGC6709,Aquila,282.825,10.31833,6.7
SAC10057,Sagittarius,283.35,-20.75,
SAC10144,Lyra,283.375,36.91667,3.8
Berk80,Aquila,283.625,-1.23333,
NGC6716,Sagittarius,283.64167,-19.90167,6.9
Berk82,Aquila,287.85,13.06667,
NGC6774,Sagittarius,289.075,-16.25,
NGC6791,Lyra,290.22083,37.77167,9.5
NGC6793,Vulpecula,290.80833,22.14,
K25,Aquila,291.125,13.7,
NGC6800,Vulpecula,291.77917,25.13833,
Berk47,Sagitta,292.125,17.365,
NGC6811,Cygnus,294.32083,46.38667,6.8
Cr401,Aquila,294.6,0.33333,7.0
NGC6819,Cygnus,295.325,40.18667,7.3
NGC6823,Vulpecula,295.7875,23.3,7.1
Harvard20,Sagitta,298.34583,18.35833,7.7
NGC6871,Cygnus,301.49583,35.77667,5.2
SAC273,Cygnus,302.3,35.48333,6.3
NGC6885,Vulpecula,302.99167,26.48333,6.0
IC4996,Cygnus,304.15,37.55,7.3
Berk85,Cygnus,304.725,37.7,
Berk86,Cygnus,305.1,38.7,7.9
Berk87,Cygnus,305.425,37.36667,
NGC6910,Cygnus,305.8,40.77667,7.4
Cr421,Cygnus,305.825,41.7,10.1
SAC431,Cygnus,306.5,41.93333,
Berk90,Cygnus,308.825,46.8,
French 1,Delphinus,316.84167,16.29667,
IC1369,Cygnus,318.0375,47.76667,6.8
Berk55,Cygnus,319.175,51.78333,
NGC7063,Cygnus,321.0875,36.48667,7.0
IC1396,Cepheus,324.74167,57.48833,3.5
NGC7142,Cepheus,326.2875,65.775,9.3
NGC7209,Lacerta,331.27917,46.48333,6.7
IC1434,Lacerta,332.675,52.85,9.0
NGC7235,Cepheus,333.10417,57.27,7.7
K9,Lacerta,333.875,54.4,
Berk94,Cepheus,335.71667,55.87167,8.7
Berk96,Lacerta,337.35,55.4,
K18,Cepheus,343.025,58.28333,
K10,Cepheus,343.725,59.16667,
NGC7423,Cepheus,343.78333,57.09667,15.0
K19,Cepheus,347.04583,60.52167,9.2
NGC7510,Cepheus,347.76667,60.57,7.9
NGC7686,Andromeda,352.52917,49.13333,5.6
K21,Cassiopeia,357.475,62.71667,
K12,Cassiopeia,358.25,61.96667,
