Id;Name;Type;RA;Dec;Mag 1;Mag 2;Sep;PosAngle;Spect 1;Spect 2;Catalogue
DBL0001;HR9094,SAO10937,HD225009,STF3053,STF 3053;Triple;00h 02m 36s;+66°05,9';5,9;7,4;15,2;;;;RASC|CDSA
DBL0002;WDS00141+7601,STTA1,BD+75 00004;Dbl;00h 14m 03s;+76°01,6';7,4;7,8;73,2;103;M;;WDS
DBL0003;Bet Tuc,Lac 119;Mult;00h 31m 33s;-62°57,4';4,4;;;;;;CDSA
DBL0004;Pi And,SAO54033,HD3369,29 And,HR154;Triple;00h 36m 53s;+33°43,1';4,4;8,6;35,2;;;;RASC
DBL0005;WDS00405+5632,H518,BD+55 00138,Shedar;Dbl;00h 40m 30s;+56°32,2';2,3;9,0;70,9;283;K0;;WDS
DBL0006;Eta Cas,24 Cas,SAO21732,HR219,HD4614,Achird,STF 60;Mult;00h 49m 06s;+57°48,9';3,4;7,4;11,6;;;;AL|RASC|CDSA
DBL0007;65 Psc,SAO74295,HR230,HD4757;Dbl;00h 49m 53s;+27°42,6';7,0;7,0;4,5;;;;AL
DBL0008;Psi Psc,74 Psc,SAO74482,HR310,HD6456,Psi Pic,STF 88,WDS01057+2128,STF88,BD+20 00156,HIP5132,CCDM01057+2128,HD6457,BD+20  157;Triple;01h 05m 41s;+21°28,3';5,3;5,6;29,9;159;B9.5V;A0V;AL|CDSA|WDS
DBL0009;77 Psc,SAO109666,HD6479,HR313;Mult;01h 05m 49s;+04°54,4';6,3;7,3;33,0;;;;RASC
DBL0010;Zet Psc,86 Psc,SAO109739,HR361,HD7344,STF 100;Mult;01h 13m 44s;+07°34,5';5,2;5,3;0,1;;;;AL|CDSA
DBL0011;WDS01144-0755,37 Cet,STFA3,BD-08 00216;Dbl;01h 14m 24s;-07°55,3';5,2;7,8;49,4;331;F6V;G9V;WDS
DBL0012;HIP6229,CCDM01200+5813,HD7902,BD+57  257;Star+Var Star;01h 19m 52s;+58°12,4';7,1;7,1;;;B6Ib;;WDS
DBL0013;WDS01201+5814,Phi Cas,H323,BD+57 00257;Dbl;01h 20m 05s;+58°13,8';5,1;7,0;134,1;231;B5;;WDS
DBL0014;ASCC832235,HIP6706,HD8723,Rho Psc,93 Psc;Star+Var Star;01h 26m 15s;+19°10,3';5,3;;447,0;57;F2V:var;;WDS
DBL0015;Rho Eri,Dunlop 5;Dbl;01h 40m 10s;-56°12,7';5,8;;;;;;CDSA
DBL0016;HIP8486,CCDM01495-1042,HD11131,BD-11  351;Star+Dbl;01h 49m 23s;-10°42,1';6,7;6,7;;;G0;;WDS
DBL0017;WDS01496-1041,Chi Cet,ENG8,BD-11 00352;Dbl;01h 49m 35s;-10°41,1';4,7;6,8;184,1;250;F0V;G3V;WDS
DBL0018;Gam Ari,5 Ari,SAO92680,HR545,HD11503,Mesarthim,STF180;Triple;01h 53m 32s;+19°17,7';4,8;4,9;7,8;;;;AL|RASC|CDSA
DBL0019;WDS01562+3715,BU1368,BD+36 00349;Dbl;01h 55m 54s;+37°16,6';6,1;9,8;204,4;258;gM0;;WDS
DBL0020;56 And,SAO55107,HD11749,HR557,STF I 4,WDS01562+3715,STFA4;Mult;01h 56m 09s;+37°15,1';5,7;5,9;190,4;298;K0III;gM0;RASC|CDSA|WDS
DBL0021;Lam Ari,9 Ari,SAO75051,HR569,HD11973,H V 12 = O SST 21;Mult;01h 57m 56s;+23°35,7';4,8;7,3;37,4;;;;AL|CDSA
DBL0022;Alp Psc,113 Psc,HR595,HD12446,STF 202;Dbl;02h 02m 03s;+02°45,8';5,2;6,2;2,0;;;;AL|CDSA
DBL0023;Gam And,57 And,SAO37734,HR603,HD12533,Almaak,Alamach,Almach;Mult;02h 03m 54s;+42°19,7';2,3;5,1;9,6;;;;AL|RASC|CDSA
DBL0024;WDS02094+2556,14 Ari,H669,CCDM02094+2557,HD13174,BD+25  355,HIP10053;Dbl;02h 09m 25s;+25°56,3';5,0;8,0;106,0;279;F2III;;WDS
DBL0025;59 And,SAO55330,HD13294,HR628,WDS02109+3902,STF222,BD+38 00425;Dbl;02h 10m 53s;+39°02,3';5,6;6,4;16,2;36;B9V;A1Vn;RASC|WDS
DBL0026;6 Tri,SAO55347,HR642,HD13480,STF 227;Dbl;02h 12m 22s;+30°18,1';4,9;6,5;3,8;;;;AL|CDSA
DBL0027;66 Cert,SAO129752,HD13612,66 Cet,HR650;Triple;02h 12m 47s;-02°23,6';5,5;7,6;16,4;;;;RASC
DBL0028;Iot Cas,STF 262;Dbl;02h 29m 04s;+67°24,1';4,5;;;;;;CDSA
DBL0029;Alp UMi,1 UMi,SAO308,HR424,HD8890,Polaris,Alrucaba,STF 93;Mult;02h 31m 49s;+89°15,8';2,0;8,8;18,4;;;;AL|RASC|CDSA
DBL0030;15 Tri,SAO55687,HD16058,HR750,WDS02358+3441,AG304,BD+34 00469;Dbl;02h 35m 47s;+34°41,2';5,3;6,6;141,3;16;M3IIIa;;RASC|WDS
DBL0031;Nu Cet,SAO110635,HD16161,78 Cet,HR754;Dbl;02h 35m 52s;+05°35,5';4,9;9,7;8,1;;;;RASC
DBL0032;WDS02407+2704,33 Ari,STF289,CCDM02407+2704,HD16628,BD+26  443,HIP12489;Dbl;02h 40m 41s;+27°03,6';5,3;9,6;28,3;1;A3V;;WDS
DBL0033;Gam Cet,86 Cet,SAO110707,HR804,HD16970,STF 299;Triple;02h 43m 18s;+03°14,1';3,5;6,2;2,8;;;;AL|CDSA
DBL0034;Eta Per,15 Per,SAO23655,HR834,HD17506,miram,STF 307;Mult;02h 50m 42s;+55°53,7';3,8;8,5;28,3;;;;AL|RASC|CDSA
DBL0035;The Eri,Piazzi (no #);Dbl;02h 58m 16s;-40°18,2';3,2;;;;;;CDSA
DBL0036;Struve 331;Dbl;03h 00m 54s;+52°21,0';5,3;6,7;12,3;;;;AL
DBL0037;Alp For,h 3555;Dbl;03h 12m 04s;-28°59,2';3,9;;;;;;CDSA
DBL0038;WDS03459+2433,21 Tau,HJL1026,Sterope;Dbl;03h 45m 54s;+24°33,2';5,8;6,4;149,6;130;B8V;;WDS
DBL0039;WDS03475+2406,Eta Tau,STFA8,BD+23 00541,Alcyone;Dbl;03h 47m 29s;+24°06,3';2,8;6,3;117,6;291;B7III;A4V;WDS
DBL0040;f Eri,Dunlop 16;Dbl;03h 48m 36s;-37°37,0';4,8;;;;;;CDSA
DBL0041;Zeta Per,SAO56799,HD24398,zet Per,44 Per,Atik,HR1203;Mult;03h 54m 08s;+31°53,0';2,8;9,4;12,9;;;;RASC
DBL0042;32 Eri,SAO130805,HR1211,HD24554,STF 470;Triple;03h 54m 17s;-02°57,1';6,1;7,6;6,8;;;;AL|CDSA
DBL0043;Keid,SAO131063,HD26965,omi Eri,40 Eri,O2 Eri,STF518;Mult;04h 15m 16s;-07°39,1';4,4;9,4;83,4;;;;RASC|CDSA
DBL0044;WDS04204+2721,Phi Tau,SHJ40,BD+27 00655;Dbl;04h 20m 21s;+27°21,0';5,1;7,5;48,7;259;K2III;;WDS
DBL0045;Chi Tau,59 Tau,SAO76573,HR1369,HD27638;Triple;04h 22m 35s;+25°37,7';5,4;8,4;19,4;;;;AL
DBL0046;HIP20531,CCDM04240+2419,BD+23  683;Star+Dbl;04h 23m 58s;+24°18,2';8,2;8,2;;;A1Vp;;WDS
DBL0047;WDS04240+2418,62 Tau,STF534,BD+23 00684;Dbl;04h 24m 00s;+24°18,0';6,4;7,9;29,1;291;B3V;A1V;WDS
DBL0048;WDS04254+2218,Kappa Tau,STF541,BD+21 00642;Dbl;04h 25m 22s;+22°17,6';4,2;5,3;339,4;174;A7IV/V;;WDS
DBL0049;The Tau,STF I 10;Mult;04h 28m 35s;+15°57,7';3,8;;;;;;CDSA
DBL0050;WDS04287+1552,Theta 2 Tau,STFA10,BD+15 00632;Dbl;04h 28m 40s;+15°52,2';3,4;3,9;336,9;347;A7III;;WDS
DBL0051;1 Cam,SAO24672,HR1417,HD28446;Triple;04h 32m 02s;+53°54,6';5,8;6,9;10,3;;;;AL|RASC
DBL0052;WDS04334+4304,57 Per,SHJ44,BD+42 00990;Dbl;04h 33m 25s;+43°03,8';6,1;6,8;121,4;197;F0V;;WDS
DBL0053;WDS04357+1010,88 Tau,SHJ45;Dbl;04h 35m 39s;+10°09,6';4,3;7,8;69,2;300;A5m;;WDS
DBL0054;HIP21673,Sigma 1 Tau,CCDM04392+1552,HD29479,BD+15  665;Star+Dbl;04h 39m 09s;+15°48,0';5,1;5,1;;;A4m;;WDS
DBL0055;WDS04393+1555,Sigma 2 Tau,STFA11,BD+15 00666;Dbl;04h 39m 17s;+15°55,0';4,7;5,1;444,0;194;A5Vn;A4m;WDS
DBL0056;WDS04422+2257,Tau Tau,S455,BD+22 00737;Dbl;04h 42m 15s;+22°57,4';4,2;7,0;62,5;214;B3V;;WDS
DBL0057;55 Eri,SAO131442,HR1505,HD30020;Dbl;04h 43m 35s;-08°47,6';6,8;6,9;9,3;;;;AL
DBL0058;Iot Pic,Dunlop 18;Dbl;04h 50m 55s;-53°27,6';5,6;;;;;;CDSA
DBL0059;WDS04564-0510,62 Eri,SHJ48,BD-05 01091;Dbl;04h 56m 24s;-05°10,2';5,5;8,9;66,1;76;B6V;;WDS
DBL0060;Beta Cam,SAO13351,HD31910,bet Cam,10 Cam,WDS05034+6027,S459,BD+60 00856,HIP23522,ASCC118306;Triple;05h 03m 25s;+60°26,5';4,0;7,4;80,8;209;G1I;A5;RASC|WDS
DBL0061;WDS05061+5858,11 Cam,STFA13,BD+58 00804,HIP23734,HD32343;Dbl;05h 06m 08s;+58°58,3';5,2;6,2;177,7;10;B2.5Ve;;WDS
DBL0062;Rho Ori,SAO112528,HD33856,17 Ori;Triple;05h 13m 17s;+02°51,6';4,5;8,4;6,9;;;;RASC
DBL0063;Bet Ori,19 Ori,SAO131907,HR1713,HD34085,STF668;Mult;05h 14m 32s;-08°12,1';0,1;6,6;9,5;;;;AL|CDSA
DBL0064;Eta Ori,Dawes 5;Dbl;05h 24m 29s;-02°23,8';3,4;;;;;;CDSA
DBL0065;118 Tau,SAO77201,HR1821,HD35943;Triple;05h 29m 16s;+25°09,0';5,5;6,3;4,8;;;;AL
DBL0066;Del Ori,34 Ori,SAO132221,HR1851,HD36485,Mintaka,SAO132220,HD36486,STF I 14,WDS05320-0018,Delta Ori,STFA14,BD-00 00982;Triple;05h 32m 00s;-00°17,0';6,8;11,4;51,7;0;O9.5II;;AL|RASC|CDSA|WDS
DBL0067;Struve 747,HR1887,SAO132301,HD36960;Dbl;05h 35m 00s;-06°00,0';4,8;5,7;35,8;;;;AL|RASC
DBL0068;Lam Ori,39 Ori,SAO112921,HR1879,HD36861,STF 738;Mult;05h 35m 08s;+09°56,0';3,5;5,5;4,4;;;;AL|CDSA
DBL0069;The Ori,41 Ori,SAO132314,HR1895,HD37022,The Trapezium,Trapezium,STF 748,HIP26221,Theta 1 Ori,CCDM05353-0524,BD-05 1315;Mult;05h 35m 17s;-05°23,3';5,1;5,2;117,0;;O6pe;;AL|RASC|CDSA|WDS
DBL0070;The Ori,43 Ori,SAO132321,HR1897,HD37041,WDS05354-0525,Theta 2 Ori,STFA17,BD-05 01319;Mult;05h 35m 23s;-05°25,0';5,1;5,2;117,0;315;O9.5IV;;AL|WDS
DBL0071;ASCC1198622,42 Ori,HIP26237,HD37018;Star+Var Star+Dbl;05h 35m 23s;-04°50,3';4,6;5,2;252,0;105;B2III...;;WDS
DBL0072;Iot Ori,44 Ori,SAO132323,HR1899,HD37043,STF 752;Triple;05h 35m 26s;-05°54,6';2,8;7,3;11,4;;;;AL|CDSA
DBL0073;STF742,STF 742;Dbl;05h 36m 24s;+22°00,0';7,2;;;;;;CDSA
DBL0074;Sig Ori,48 Ori,SAO132406,HR1931,HD37468,STF 762;Mult;05h 38m 45s;-02°36,0';3,8;4,6;0,2;;;;AL|CDSA
DBL0075;Zet Ori,50 Ori,SAO132444,HR1948,HD37742,STF 774;Triple;05h 40m 46s;-01°56,5';2,0;4,2;2,4;;;;AL|CDSA
DBL0076;Gam Lep,13 Lep,SAO170759,HR1983,HD38393,Gamma Lep,Kursi al Jabbar,H VI 40,WDS05445-2227,H640,CD-22 01211;Triple;05h 44m 28s;-22°26,8';3,6;6,1;96,5;349;F6V;K2V;AL|RASC|CDSA|WDS
DBL0077;The Aur,37 Aur,SAO58636,HR2095,HD40312,ALDS 29;Mult;05h 59m 43s;+37°12,7';2,6;7,1;3,5;;;;AL|CDSA
DBL0078;WDS06045+5134,35 Cam,STT128,BD+51 01146,CCDM06045+5135,HD40873;Dbl;06h 04m 29s;+51°34,4';6,4;9,3;39,5;14;A7III;;WDS
DBL0079;Eps Mon,8 Mon,SAO113810,HR2298,HD44769,STF 900;Triple;06h 23m 46s;+04°35,5';4,4;6,6;12,9;;;;AL|CDSA
DBL0080;WDS06268+5825,5 Lyn,S514,BD+58 00925;Dbl;06h 26m 49s;+58°25,0';5,4;7,9;95,5;272;K4III;;WDS
DBL0081;Bet Mon,11 Mon,SAO133316,HR2356,HD45725,Beta Mon,STF 919;Mult;06h 28m 49s;-07°02,0';4,6;5,1;7,1;;;;AL|RASC|CDSA
DBL0082;WDS06290+2013,Nu Gem,STTA77,BD+20 01441;Dbl;06h 28m 58s;+20°12,7';4,1;8,0;112,8;330;B6IIIe;;WDS
DBL0083;WDS06323+1747,20 Gem,STF924,BD+17 01286,HIP31158,CCDM06323+1747,HD46136,BD+17 1286;Dbl;06h 32m 19s;+17°47,0';6,3;6,9;19,9;211;F8III;;WDS
DBL0084;Alp CMa,SAO 151881;Mult;06h 45m 09s;-16°43,0';-1,5;;;;;;CDSA
DBL0085;12 Lyn,SAO25939,HR2470,HD48250,STF 948;Mult;06h 46m 14s;+59°26,5';4,9;5,5;1,7;;;;AL|CDSA
DBL0086;Eps CMa,21 CMa,SAO172676,HR2618,HD52089,ALDS 33;Dbl;06h 58m 38s;-28°58,3';1,5;7,9;7,5;;;;AL|CDSA
DBL0087;Mekbuda,SAO79031,HD52973,zet Gem,43 Gem,WDS07041+2034,Zeta Gem,SHJ77;Mult;07h 04m 07s;+20°34,2';3,8;3,8;0,1;347;F7-G3Ib;;RASC|WDS
DBL0088;Gam Vol,Dunlop 42;Dbl;07h 08m 42s;-70°29,8';5,7;;;;;;CDSA
DBL0089;HR 2764,SAO173349,HD56577,Winter Albiero,145CMa,ADS5951,WDS 07166-2319,WDS07166-2319,HJ3945,CD-23 05189;Dbl;07h 16m 37s;-23°18,9';4,8;6,0;26,8;50;K3Ib;dF0;RASC|CDSA|WDS
DBL0090;HIP35213,CCDM07166-2319,HD56578,BD-23  118,CD-23  5192,CPD-23  2015;Star+Dbl;07h 16m 38s;-23°18,6';6,0;6,0;;;A5m...;;WDS
DBL0091;Del Gem,55 Gem,SAO79294,HR2777,HD56986,STF 1066;Triple;07h 20m 07s;+21°58,9';3,5;5,5;0,2;;;;AL|CDSA
DBL0092;19 Lyn,SAO26311,HR2783,HD57102,SAO26312,HD57103,HR 2784,WDS07229+5517,STF1062,BD+55 01193;Mult;07h 22m 51s;+55°17,0';6,5;7,5;15,1;4;B8V;;AL|RASC|WDS
DBL0093;WDS07241-2918,Eta CMa,SMY2,CD-29 04328,Aludra;Dbl;07h 24m 06s;-29°18,1';2,5;6,8;177,0;287;B5Ia;;WDS
DBL0094;WDS07247-3149,DUN47,CD-31 04481;Dbl;07h 24m 44s;-31°48,5';5,4;7,6;97,1;344;B8V;;WDS
DBL0095;ASCC673721,65 Gem,HIP36429,HD59148;Star+Dbl;07h 29m 49s;+27°55,0';5,0;;818,0;333;K2III;;WDS
DBL0096;HR 2910,SAO174020,HD60585,N Pup;Dbl;07h 34m 19s;-23°28,4';5,9;5,9;9,6;;;;RASC
DBL0097;Alp Gem,66 Gem,SAO60198,HR2890,HD60178,STF 1110;Mult;07h 34m 36s;+31°53,3';2,9;3,8;2,0;;;;AL|CDSA
DBL0098;Kap Pup,H III 27;Dbl;07h 38m 18s;-25°21,8';4,7;5,1;0,2;;;;AL|CDSA
DBL0099;2 Pup,SAO153363,HD62864,HR3010;Triple;07h 45m 29s;-14°41,4';6,1;6,9;16,8;;;;RASC
DBL0100;HIP38031,CCDM07477-1600,HD63302,BD-15 2049;Star+Var Star;07h 47m 39s;-15°59,4';6,4;6,6;;;K3Iab/b;;WDS
DBL0101;WDS07478-1601,KNT4,BD-15 02052;Dbl;07h 47m 45s;-16°00,8';6,6;6,5;128,1;313;K5II;K2I;WDS
DBL0102;WDS07583+0213,14 CMi,SHJ87,BD+02 01833;Dbl;07h 58m 21s;+02°13,4';5,4;9,4;100,1;84;K0III;;WDS
DBL0103;WDS07583+0213,SHJ87,BD+02 01835;Dbl;07h 58m 27s;+02°13,6';9,4;9,9;127,9;193;A0;;WDS
DBL0104;Gam Vel,Dunlop 65;Mult;08h 09m 29s;-47°20,7';4,3;;;;;;CDSA
DBL0105;Zet Cnc,16 Cnc,SAO97645,HR3208,HD68257,Tegmen,HD68256,HR3209,Tegmeni;Mult;08h 12m 13s;+17°38,8';5,6;6,0;0,9;;;;AL|RASC|CDSA
DBL0106;HR3395,SAO116929,HD72945;Mult;08h 35m 51s;+06°37,2';6,0;7,2;10,3;;;;RASC
DBL0107;WDS08437-0714,F Hydrae,S579,BD-06 02708;Dbl;08h 43m 40s;-07°14,0';4,7;8,2;78,8;310;G1Ib;;WDS
DBL0108;Iot Cnc,48 Cnc,SAO80415,HR3474,HD74738,STF1268,WDS08467+2846,Iota Cnc,BD+29 01824,HIP43103,HD74739,ASCC678182;Dbl;08h 46m 40s;+28°45,9';6,6;9,1;30,4;308;G8III;A2V;AL|CDSA|WDS
DBL0109;Eps Hya,STF 1273;Dbl;08h 46m 47s;+06°25,1';3,4;;;;;;CDSA
DBL0110;38 Lyn,SAO61391,HR3690,HD80081,STF 1334;Mult;09h 18m 51s;+36°48,1';3,8;5,9;2,7;;;;AL|CDSA
DBL0111;HIP45802,CCDM09204-0934,HD80550,BD-09 2801;Star+Dbl;09h 20m 21s;-09°36,6';7,0;10,9;9,3;198;F4V;;WDS
DBL0112;WDS09205-0933,27 Hydrae,SHJ105,BD-08 02643;Dbl;09h 20m 29s;-09°33,3';4,9;7,0;229,1;211;G8III;F4V;WDS
DBL0113;Tau 1 Hya,SAO136895,HD81997,tau Hya,31 Hya,Ukdah,HR3759,WDS09291-0246,HJ1167,BD-02 02901;Dbl;09h 29m 09s;-02°46,1';4,6;7,6;65,7;4;F6V;K0;RASC|WDS
DBL0114;Ups Car,SAO 250695;Dbl;09h 47m 06s;-65°04,3';3,0;;;;;;CDSA
DBL0115;HR 3963,SAO155704,HD87344;Triple;10h 04m 03s;-18°06,1';5,9;6,9;21,2;;;;RASC
DBL0116;Alp Leo,32 Leo,SAO98967,HR3982,HD87901,Regulus;Mult;10h 08m 22s;+11°58,0';1,4;8,2;177,6;;;;AL|CDSA
DBL0117;WDS10167+2325,36 Leo,STFA18,BD+24 02209,Adhafera;Dbl;10h 16m 41s;+23°25,0';3,5;6,0;335,4;337;F0III;;WDS
DBL0118;Gam Leo,41 Leo,SAO81298,HR4057,HD89484,STF 1424;Mult;10h 19m 58s;+19°50,5';2,6;3,8;4,5;;;;AL|CDSA
DBL0119;J VEL,Rmk 13;Triple;10h 21m 00s;-56°03,0';4,5;;;;;;CDSA
DBL0120;WDS10459+3041,42 LMi,S612,BD+31 02180;Dbl;10h 45m 52s;+30°40,9';5,3;7,8;196,4;174;A1Vn;;WDS
DBL0121;WDS10476-1516,STF1474,BD-14 03186;Dbl;10h 47m 38s;-15°15,7';6,7;7,0;65,9;27;B9IV;;WDS
DBL0122;54 Leo,SAO81583,HR4259,HD94601,STF 1487;Dbl;10h 55m 37s;+24°45,0';4,5;6,4;6,5;;;;AL|CDSA
DBL0123;WDS11037+6145,Alpha Uma,BU1077,Dubhe;Dbl;11h 03m 44s;+61°45,0';2,0;7,2;384,5;206;G9III;;WDS
DBL0124;WDS11141+2031,Delta Leo,STT573,BD+21 02298,Duhr,Zosma;Dbl;11h 14m 07s;+20°31,4';2,5;10,9;207,8;341;A4V;;WDS
DBL0125;HR4363,SAO27970,HD97855;Dbl;11h 16m 04s;+52°46,3';6,5;8,2;12,7;;;;RASC
DBL0126;Xi UMa,STF 1523;Dbl+Var Star;11h 18m 11s;+31°31,7';4,4;;;;;;CDSA
DBL0127;83 Leo,SAO118864,HD99491,HR 4414,WDS11268+0301,STF1540,BD+03 02502;Triple;11h 26m 45s;+03°00,7';6,5;7,6;28,5;146;G7V;;RASC|WDS
DBL0128;HIP55848,CCDM11268+0300,HD99492,BD+03 2503;Star+Dbl;11h 26m 47s;+03°00,3';7,6;7,6;;;K2V;;WDS
DBL0129;Tau Leo,SAO118875,HD99648,84 Leo,HR4418,WDS11279+0251,STFA19,BD+03 02504;Const;11h 27m 56s;+02°51,3';4,9;7,6;91,1;181;G8II-III;;RASC|WDS
DBL0130;N Hydrae,N Hya,H III 96;Dbl;11h 32m 16s;-29°15,7';5,8;5,9;9,3;;;;AL|CDSA
DBL0131;WDS11480+2013,93 Leo,STFB7,BD+21 02358;Dbl;11h 47m 59s;+20°13,1';4,6;9,0;74,4;356;A7V;;WDS
DBL0132;WDS11551+4629,65 Uma,STF1579,BD+47 01914;Dbl;11h 55m 06s;+46°28,6';6,7;7,0;62,9;114;A3Vn;;WDS
DBL0133;HIP58648,CCDM12021+4304,HD104425,BD+43 2177;Star+Dbl+Var Star;12h 01m 33s;+43°02,5';8,9;9,1;0,6;86;F6II;;WDS
DBL0134;WDS12021+4303,67 Uma,FOR1,BD+43 02179;Dbl;12h 02m 07s;+43°02,7';5,2;6,7;274,4;62;A7m;;WDS
DBL0135;Del Cen;Dbl;12h 08m 22s;-50°43,3';2,6;;;;;;CDSA
DBL0136;2 CVn,SAO44097,HD106690,HR4666;Dbl;12h 16m 08s;+40°39,6';5,7;8,8;11,4;;;;RASC
DBL0137;HR4698,SAO82254,HD107398;Dbl;12h 20m 41s;+27°03,2';7,1;7,2;8,5;;;;RASC
DBL0138;12 Com,SAO82273,HD107700,HR4707,WDS12225+2551,SHJ143,BD+26 02338;Triple;12h 22m 30s;+25°50,7';4,8;8,5;65,3;168;G0III-;A3;RASC|WDS
DBL0139;Alp Cru,SAO 251904;Dbl;12h 26m 36s;-63°05,9';1,3;;;;;;CDSA
DBL0140;WDS12289+2555,17 Com,STFA21,BD+26 02354;Dbl;12h 28m 55s;+25°54,7';5,2;6,6;146,4;251;A0p;;WDS
DBL0141;Del Crv,7 Crv,SAO157323,HR4757,HD108767,Algorab,Sh 145;Dbl;12h 29m 52s;-16°30,9';3,0;8,2;24,4;;;;AL|RASC|CDSA
DBL0142;Gam Cru,SAO 240019;Triple;12h 31m 10s;-57°06,8';1,6;;;;;;CDSA
DBL0143;ASCC82841,5 Dra,HIP61281,HD109387,Kappa Dra;Star+Var Star;12h 33m 29s;+69°47,2';3,9;;926,0;25;B6IIIp;;WDS
DBL0144;24 Com,SAO100159,HR4791,HD109510,STF1657;Dbl;12h 35m 06s;+18°22,6';6,6;8,1;20,2;;;;AL|RASC|CDSA
DBL0145;Gam Vir,29 Vir,SAO138917,HR4825,HD110379,STF 1670;Mult;12h 41m 40s;-01°27,0';3,6;3,8;4,1;;;;AL|CDSA
DBL0146;Bet Mus,R 207;Dbl+Var Star;12h 46m 17s;-68°06,4';3,0;;;;;;CDSA
DBL0147;32 Cam,STF 1694,WDS12492+8325,HIP27949,HD39283,Xi Aur,30 Aur,BD+55 1027,STF1694,BD+84 00290;Triple;12h 49m 07s;+83°25,0';5,8;6,3;21,6;324;A1IIIsh;;AL|CDSA|WDS
DBL0148;32 Com,SAO100309,HD111862,HR4884;Triple;12h 52m 12s;+17°04,4';6,3;6,9;196,5;;;;RASC
DBL0149;Mu Cru,SAO 240366;Dbl;12h 54m 36s;-57°10,6';4,0;;;;;;CDSA
DBL0150;Alp CVn,12 CVn,SAO63256,HR4914,HD112412,Cor Caroli,ALDS49;Dbl;12h 56m 00s;+38°18,8';5,6;8,3;19,4;;;;AL|RASC|CDSA
DBL0151;HIP65355,CCDM13237+0243,HD116443,BD+03 2766,WDS13237+0243,STF1740,BD+03 02765;Star+Dbl;13h 23m 41s;+02°43,4';7,3;7,3;26,3;74;G5;G5V;WDS
DBL0152;Zet UMa,79 UMa,SAO28737,HR5054,HD116656,STF 1744,WDS13239+5456,Zeta Uma,STF1744,Mizar;Mult;13h 23m 56s;+54°55,5';2,3;4,0;715,5;73;A1VpSrSi;;AL|CDSA|WDS
DBL0153;HIP65477,Alcor,CCDM13240+5456,HD116842,BD+55 1603;Star+Var Star;13h 25m 13s;+54°59,2';4,0;4,1;;;A5V SB;;WDS
DBL0154;WDS13284+1347,70 Vir,STT579,BD+14 02621;Dbl;13h 28m 26s;+13°46,7';5,0;8,7;268,6;127;G2V;K0II;WDS
DBL0155;3 Cen,SAO 204917;Dbl;13h 51m 50s;-32°59,6';6,1;;;;;;CDSA
DBL0156;Bet Cen,SAO 252582;Dbl;14h 03m 49s;-60°22,3';0,6;;;;;;CDSA
DBL0157;Kap Boo,17 Boo,SAO29045,HR5328,HD124674,Asellus Tertius,Kappa 2 Boo,STF 1821;Dbl;14h 13m 28s;+51°47,2';6,7;8,9;13,4;;;;AL|RASC|CDSA
DBL0158;Iot Boo,21 Boo,SAO29071,HR5350,HD125161,Iota Boo,Asellus Secundus,WDS14162+5122,STFA26,BD+52 01784,HIP69713;Triple;14h 16m 10s;+51°22,0';4,8;8,2;38,7;33;A7IV;K0V;AL|RASC|WDS
DBL0159;HR5397,SAO158558,HD126367;Triple;14h 25m 30s;-19°58,1';6,6;7,0;35,1;;;;RASC
DBL0160;HIP70781,CCDM14285+2817,HD127043,BD+28 2331,WDS14286+2817,STF1850,BD+28 02332,HD127067;Star+Dbl;14h 28m 31s;+28°17,3';7,6;7,6;25,5;261;A1V;A1V;WDS
DBL0161;Alp Cen,SAO 252838;Triple;14h 39m 36s;-60°50,1';0,0;;;;;;CDSA
DBL0162;Pi Boo,29 Boo,SAO101138,HR5475,HD129174,STF 1864;Triple;14h 40m 44s;+16°25,0';4,9;5,8;5,7;;;;AL|CDSA
DBL0163;Zet Boo,STF 1865;Dbl+Var Star;14h 41m 09s;+13°43,6';4,4;;;;;;CDSA
DBL0164;Eps Boo,36 Boo,HR5505,HD129988,Izar;Triple;14h 44m 59s;+27°04,5';5,1;7,7;2,8;;;;AL|CDSA
DBL0165;Alp Lib,8 Lib,SAO158836,HR5530,HD130819,HIP72603,CCDM14508-1602,BD-15 3965;Triple;14h 50m 41s;-15°59,8';5,2;5,5;;;F3V;;AL|WDS
DBL0166;Zuben Elgenubi,SAO158840,HD130841,alp Lib,9 Lib,Zubenelgenubi,HR5531,Sh 186,WDS14509-1603,Alpha Lib,SHJ186,BD-15 03966;Triple;14h 50m 53s;-16°02,5';2,8;3,2;230,8;314;A3IV;F4IV;RASC|CDSA|WDS
DBL0167;Xi Boo,37 Boo,SAO101250,HR5544,HD131156,STF 1888;Mult;14h 51m 23s;+19°06,0';4,5;6,7;7,2;;;;AL|CDSA
DBL0168;Pi Lup,h 4728;Dbl;15h 05m 07s;-47°03,0';4,7;;;;;;CDSA
DBL0169;Kap Lup,Dunlop 177;Dbl;15h 11m 58s;-48°44,6';5,7;;;;;;CDSA
DBL0170;Del Boo,49 Boo,SAO64589,HR5681,HD135722,Delta Boo,WDS15155+3319,STFA27,BD+33 02561,HIP74666;Dbl;15h 15m 30s;+33°18,8';3,5;7,9;104,9;78;G8III;G0V;AL|RASC|WDS
DBL0171;Mu Lup,h 4753;Triple;15h 18m 32s;-47°52,5';4,3;;;;;;CDSA
DBL0172;Mu Boo,51 Boo,SAO64686,HR5733,HD137391,Alkalurops,Mu 1 Boo,STF 1938,WDS15245+3723,Mu1 Boo,STFA28,CCDM15245+3722,BD+37 2636;Triple;15h 24m 29s;+37°22,6';4,3;6,5;108,9;171;F2IVa;G0V;AL|RASC|CDSA|WDS
DBL0173;Del Ser,13 Ser,SAO101623,HR5788,HD138917,STF 1954;Mult;15h 34m 48s;+10°32,2';3,8;4,9;3,9;;;;AL|CDSA
DBL0174;HR5816,SAO140672,HD139461;Dbl;15h 38m 40s;-08°47,4';6,5;6,7;11,9;;;;RASC
DBL0175;Zet CrB,7 CrB,SAO64833,HR5833,HD139891,STF 1965;Dbl;15h 39m 22s;+36°38,2';6,0;7,0;6,4;;;;AL|CDSA
DBL0176;Xi Lup,Dunlop 196;Dbl;15h 56m 53s;-33°58,0';5,1;;;;;;CDSA
DBL0177;Eta Lup,Dunlop 197;Triple;16h 00m 07s;-38°23,8';3,4;;;;;;CDSA
DBL0178;Xi Sco,SAO159665,HR5977,HD144069,STF 1998;Mult;16h 04m 22s;-11°22,3';5,1;5,3;1,2;;;;AL|RASC|CDSA
DBL0179;Struve 1999;Dbl;16h 04m 24s;-11°27,0';7,4;8,0;10,5;;;;AL
DBL0180;Bet Sco,8 Sco,SAO159682,HR5984,HD144217,H III 7;Mult;16h 05m 26s;-19°48,3';2,6;3,9;;;;;AL|CDSA
DBL0181;ASCC1586748,Omega 2 Sco,HIP78990,HD144608,10 Sco;Star+Var Star;16h 07m 24s;-20°52,1';4,3;;877,0;145;G6/G8III;;WDS
DBL0182;Kap Her,7 Her,SAO101951,HR6008,HD145001,STF 2010,WDS16081+1703,Kappa Her,STF2010,BD+17 02964,Maasym,Marsic,HIP79043;Triple;16h 08m 04s;+17°02,8';5,0;6,2;28,1;14;G7g;K0IV;AL|CDSA|WDS
DBL0183;HIP79045,Maasym,Marsic,CCDM16081+1703,HD145000,BD+17 2965;Star+Dbl;16h 08m 05s;+17°03,2';6,2;6,2;;;K1III;;WDS
DBL0184;HR6043,SAO65129,HD145802;Triple;16h 11m 40s;+33°20,5';6,3;10,6;5,4;;;;RASC
DBL0185;Nu Sco,14 Sco,SAO159763,HR6026,HD145501,BU 120,WDS16120-1928,H56,BD-19 04332,Jabbah;Mult;16h 11m 59s;-19°27,0';6,3;8,8;41,1;336;B2IV;;AL|CDSA|WDS
DBL0186;Sig CrB,17 CrB,SAO65165,HR6063,HD146361,Sigma CrB,STF 2032;Mult;16h 14m 41s;+33°51,5';5,6;6,6;6,4;;;;AL|RASC|CDSA
DBL0187;WDS16224+3348,Nu CrB,STFA29,BD+34 02773;Dbl;16h 22m 21s;+33°47,9';5,4;5,6;354,7;164;M2IIIab;;WDS
DBL0188;WDS16256-2327,BU1115,CD-23 12860,CCDM16255-2327,HD147888,CPD-23  6368,HIP80461;Dbl;16h 25m 24s;-23°27,6';6,8;8,4;0,3;196;B5V;;WDS
DBL0189;WDS16256-2327,H219,CD-23 12862;Dbl;16h 25m 35s;-23°26,7';5,1;7,3;151,1;0;B5V;;WDS
DBL0190;WDS16256-2327,KOU63,CCDM16255-2327,HD147932,CD-23 12862,CPD-23  6370,HIP80474;Dbl;16h 25m 35s;-23°24,3';5,8;11,7;4,8;206;B5V;;WDS
DBL0191;Eps Nor,h 4853;Dbl;16h 27m 11s;-47°33,3';4,5;;;;;;CDSA
DBL0192;Alp Sco,Burg/Grant (no #);Dbl;16h 29m 24s;-26°25,9';1,0;;;;;;CDSA
DBL0193;16 Dra,SAO30012,HR6184,HD150100;Mult;16h 36m 12s;+52°54,0';5,5;5,5;90,3;;;;AL
DBL0194;17 DraS,SAO30013,HD150117,17 Dra,HR6185,WDS16362+5255,STFA30,BD+53 01875;Mult;16h 36m 14s;+52°55,4';5,1;5,1;90,3;193;B9V;;RASC|WDS
DBL0195;WDS16406+0413,37 Her,STFA31,HIP81641,HD150378,3,ASCC1149754;Dbl;16h 40m 39s;+04°13,1';5,8;6,9;69,3;229;A1V;A3IV;WDS
DBL0196;WDS16519-3803,Mu 1 Sco,SKF2608;Dbl;16h 51m 52s;-38°02,8';3,0;3,5;346,8;72;B1IV;B2IV;WDS
DBL0197;HIP82671,HD152236,CD-42 11633,CPD-42  7545;Star+Var Star;16h 54m 00s;-42°21,7';4,8;4,9;;;B1Iae;;WDS
DBL0198;ASCC1974877,HIP82729,HD152334,zet Sco;Star+Var Star;16h 54m 35s;-42°21,6';3,6;;391,0;270;K4III;;WDS
DBL0199;WDS17037+1336,STFA33,BD+13 03292;Dbl;17h 03m 39s;+13°36,3';5,9;6,2;304,9;117;A1V;K1III;WDS
DBL0200;Mu Dra,21 Dra,SAO30239,HR6369,HD154905,STF 2120;Triple;17h 05m 20s;+54°28,2';5,8;5,9;2,0;;;;AL|CDSA
DBL0201;Alp Her,64 Her,SAO102680,HR6406,HD156014,Rasalgethi,STF 2140;Mult;17h 14m 39s;+14°23,4';3,5;5,7;4,9;;;;AL|RASC|CDSA
DBL0202;Del Her,65 Her,SAO84951,HR6410,HD156164,STF 3127;Mult;17h 15m 02s;+24°50,3';3,1;8,7;8,5;;;;AL|CDSA
DBL0203;36 Oph,SAO185199,HR6401,HD155885,Sh 243,WDS17153-2636,SHJ243,CD-26 12036;Mult;17h 15m 21s;-26°36,1';5,1;5,1;4,6;74;K5Ve;;AL|CDSA|WDS
DBL0204;Omi Oph,39 Oph,SAO185238,HR6424,HD156349,H III 25;Dbl;17h 18m 01s;-24°17,2';5,2;6,7;10,2;;;;AL|CDSA
DBL0205;Rho Her,75 Her,SAO66000,HR6484,HD157778,STF 2161,STF 2264;Triple;17h 23m 41s;+37°08,8';5,5;6,5;4,2;;;;AL|CDSA
DBL0206;Nu Dra,24 Dra,SAO30447,HR6554,HD159541,STF I 35;Dbl;17h 32m 11s;+55°11,0';4,9;4,9;62,3;;;;AL|CDSA
DBL0207;Kuma,SAO30450,HD159560,nu Dra,25 Dra,HR6555,WDS17322+5511,STFA35,BD+55 01945;Dbl;17h 32m 16s;+55°10,3';4,9;4,9;62,3;311;A4m;A6V;RASC|WDS
DBL0208;WDS17346+0935,STFA34,BD+09 03423;Dbl;17h 34m 36s;+09°34,5';7,5;12,0;90,6;223;A8IV;;WDS
DBL0209;WDS17346+0935,STFA34,BD+09 03424;Dbl;17h 34m 37s;+09°35,2';5,8;7,5;41,1;190;A2V;;WDS
DBL0210;WDS17391+0202,SHJ251,BD+02 03372;Dbl;17h 39m 05s;+02°03,2';7,8;10,7;99,8;69;F0;;WDS
DBL0211;WDS17391+0202,SHJ251,BD+02 03373;Dbl;17h 39m 08s;+02°01,6';6,4;7,8;111,3;328;K0III;;WDS
DBL0212;Psi Dra,31 Dra,SAO8890,HR6636,HD162003,Dziban,STF 2241,WDS17419+7209,STF2241,BD+72 00804;Mult;17h 41m 56s;+72°08,9';4,6;5,8;30,2;16;F5IV;F8V;AL|RASC|CDSA|WDS
DBL0213;HIP86620,CCDM17420+7209,HD162004,BD+72  805;Star+Dbl;17h 41m 58s;+72°09,4';5,8;5,8;;;G0V;;WDS
DBL0214;HIP87728,HD164613,BD+72  818;Star;17h 55m 11s;+72°00,3';5,4;;3705,0;96;F2.5II-III;;WDS
DBL0215;WDS17592+6409,STF2273,BD+64 01237,HIP88062,CCDM17592+6409,HD164983;Dbl;17h 59m 14s;+64°08,5';7,3;7,6;21,4;282;F4V;F5V;WDS
DBL0216;40 Dra,SAO8994,HR6809,HD166865,41 Dra,SAO8996,HD166866,HR6810,STF 2308,HIP88127,CCDM18002+8000,BD+79  570,WDS18002+8000,STF2308,BD+79 00571;Triple;18h 00m 03s;+80°00,0';6,0;6,4;19,3;232;K2Vvar;F7V;AL|RASC|CDSA|WDS
DBL0217;WDS18006+0256,67 Oph,H62,BD+02 03459;Dbl;18h 00m 39s;+02°55,8';4,0;8,1;54,7;143;B5I;B2V;WDS
DBL0218;95 Her,SAO85647,HR6729,HD164668;Dbl;18h 01m 30s;+21°35,7';5,2;5,3;6,3;;;;AL
DBL0219;70 Oph,SAO123107,HR6752,HD165341,STF 2272;Mult;18h 05m 27s;+02°30,0';4,0;5,8;1,9;;;;AL|CDSA
DBL0220;h 5014;Dbl;18h 07m 00s;-43°25,0';5,7;;;;;;CDSA
DBL0221;100 Her,SAO85753,HD166045,HR6781,STF 2280;Mult;18h 07m 50s;+26°06,0';5,9;5,9;14,3;;;;RASC|CDSA
DBL0222;WDS18239+5848,39 Dra,STF2323,BD+58 01810;Dbl;18h 23m 55s;+58°48,0';5,1;7,9;89,2;19;A1V;;WDS
DBL0223;Alp Lyr,H V 39;Dbl;18h 36m 56s;+38°47,0';0,0;;;;;;CDSA
DBL0224;Eps Lyr,4 Lyr,SAO67310,HR7051,HD173582,Epsilon 1 Lyr,Double Double,STF 2382/3,WDS18443+3940,STFA37,HIP91919,4 Ly;Mult;18h 44m 20s;+39°40,2';5,1;5,1;209,3;172;A4V;;AL|RASC|CDSA|WDS
DBL0225;HIP91926,Epsilon 2 Lyr,CCDM18443+3938,HD173607,BD+39 3510;Star+Dbl;18h 44m 23s;+39°36,7';4,6;4,8;2,3;87;A8Vn;;WDS
DBL0226;Zet Lyr,6 Lyr,SAO67321,HR7056,HD173648,STF I 38,WDS18448+3736,Zeta 1 Lyr,STFA38,BD+37 03223,HIP91971;Mult;18h 44m 46s;+37°36,3';4,4;5,8;43,7;150;F0IVv;;AL|CDSA|WDS
DBL0227;HR7083,SAO142661,HD174208;Triple;18h 49m 41s;-05°54,7';6,0;8,5;113,7;;;;RASC
DBL0228;Bet Lyr,10 Lyr,SAO67451,HR7106,HD174638,Sheliak,STF I 39,WDS18501+3322,Beta Lyr,STFA39,BD+33 03223,HIP92420;Mult;18h 50m 05s;+33°21,7';3,5;8,7;45,7;148;B7Ve;A8p;AL|RASC|CDSA|WDS
DBL0229;Struve 2404,HR7099,SAO104170,HD174569;Dbl;18h 50m 48s;+10°59,0';6,9;8,0;3,6;;;;AL|RASC
DBL0230;Del Lyr,Sh 586;Dbl;18h 53m 44s;+36°58,3';5,6;;;;;;CDSA
DBL0231;WDS18545+3654,Delta 2 Lyr,ES2028,BD+36 03319,Delta Lyrae Cluster,HIP92791,HD175588,12 Lyr;Dbl;18h 54m 30s;+36°53,9';4,3;11,2;86,3;349;M4II;;WDS
DBL0232;Otto Struve 525,HR7140,SAO67566,HD175635;Mult;18h 54m 52s;+33°58,1';6,0;7,0;45,4;;;;AL|RASC
DBL0233;The Ser,63 Ser,SAO124068,HR7141,HD175638,Theta 1 Ser,Alya,STF 2417,WDS18562+0412,Theta Ser,STF2417,BD+04 03916,HIP92951,CCDM18563+0413,HD175639,BD+04 3917;Triple;18h 56m 13s;+04°12,2';4,6;5,0;22,2;106;A5V;A5Vn;AL|RASC|CDSA|WDS
DBL0234;15 Aql,SAO142996,HD177463,HR7225,Sh 286,WDS19050-0402,SHJ286,BD-04 04684,HIP93717,ASCC1245653;Dbl;19h 04m 58s;-04°01,8';5,4;7,0;38,5;211;K0IV;;RASC|CDSA|WDS
DBL0235;Gam Cra,SAO 210928;Dbl+Var Star;19h 06m 25s;-37°03,7';4,9;;;;;;CDSA
DBL0236;HR7294,SAO48193,HD179958;Mult;19h 12m 05s;+49°51,3';6,6;6,8;8,1;;;;RASC
DBL0237;WDS19153+1505,STTA178,BD+14 03846,CCDM19153+1505,HD180262;Dbl;19h 15m 20s;+15°05,0';5,7;7,6;89,6;267;G8II-III;;WDS
DBL0238;WDS19287+2440,Alpha Vul,STFA42,BD+24 03759,Anser;Dbl;19h 28m 42s;+24°39,8';4,6;5,9;427,7;28;M0III;;WDS
DBL0239;Bet Cyg,6 Cyg,SAO87301,HR7417,HD183912,SAO 87301,WDS19307+2758,STFA43,Albireo;Triple;19h 30m 43s;+27°57,5';3,1;5,1;34,7;53;K3II;B9.5;AL|CDSA|WDS
DBL0240;WDS19373+1628,Epsilon Sge,H626,BD+16 03918;Dbl;19h 37m 17s;+16°27,7';5,8;8,4;87,4;82;G9III;;WDS
DBL0241;V340 Sge,SAO105104,HD185622,HR7475;Dbl;19h 39m 25s;+16°34,2';6,4;9,1;31,8;;;;RASC
DBL0242;WDS19407-1618,54 Sgr,HJ599,BD-16 05400;Dbl;19h 40m 43s;-16°17,5';5,4;7,7;45,5;41;K2III;F8V;WDS
DBL0243;16 Cyg,SAO 31899,WDS19418+5032,STFA46,BD+50 02847;Dbl;19h 41m 52s;+50°31,0';6,2;6,2;40,0;133;G1.5V;;CDSA|WDS
DBL0244;Del Cyg,STF 2579;Dbl;19h 44m 59s;+45°07,8';2,9;;;;;;CDSA
DBL0245;HR7529,SAO68805,HD186901;Mult;19h 45m 40s;+36°05,4';6,4;6,9;14,8;;;;RASC
DBL0246;57 Aql,SAO143898,HR7593,HD188293,STF 2594,WDS19546-0814,57 Aqu,STF2594,CCDM19546-0814,BD-08 5154,HIP97966;Dbl;19h 54m 38s;-08°13,6';5,7;6,5;35,7;171;B7Vn;B8V;AL|RASC|CDSA|WDS
DBL0247;WDS20041+1704,15 Sge,STT592,BD+16 04119;Dbl;20h 04m 06s;+17°04,2';5,9;6,9;217,0;335;G1V;;WDS
DBL0248;Kappa Cep,SAO9665,HD192907,kap Cep,1 Cep,HR7750;Triple;20h 08m 53s;+77°42,6';4,4;8,2;7,3;;;;RASC
DBL0249;Theta Sge,SAO88276,HD191570,the Sge,17 Sge,HR7705,WDS20099+2055,Theta Cyg,STF2637,BD+20 04452;Mult;20h 09m 57s;+20°54,9';6,5;7,1;83,9;222;F3V;F5IV;RASC|WDS
DBL0250;31 Cyg,SAO49337,HR7735,HD192577,WDS20136+4644,STFA50;Mult;20h 13m 38s;+46°44,4';3,8;4,8;337,5;322;K2II;;AL|WDS
DBL0251;o-1 Cyg,STF I 50;Mult;20h 14m 00s;+46°44,0';3,8;;;;;;CDSA
DBL0252;WDS20145+3648,29 Cyg,ENG72,BD+36 03955;Dbl;20h 14m 32s;+36°48,3';5,0;6,7;215,3;155;A2V;;WDS
DBL0253;Alpha 1 Cap,SAO163422,HD192876,alp Cap,5 Cap,HR7747,HIP100027,CCDM20176-1231,BD-12 5683;Mult;20h 17m 39s;-12°30,4';4,2;4,6;377,7;355;G3Ib;;RASC|WDS
DBL0254;Alp Cap,6 Cap,SAO163427,HR7754,HD192947,ALDS 88,WDS20181-1233,Alpha Cap,STFA51,Algedi,Giedi;Mult;20h 18m 03s;-12°32,6';3,6;4,0;377,7;290;G9III;;AL|CDSA|WDS
DBL0255;HIP100325,CCDM20210-1447,HD193452,BD-15 5626;Star+Dbl;20h 20m 47s;-14°47,0';6,1;9,1;0,7;75;B9.5III/IV;;WDS
DBL0256;Bet Cap,9 Cap,SAO163481,HR7776,HD193495,Dabih,WDS20210-1447,Beta Cap,STFA52;Mult;20h 21m 01s;-14°46,8';3,1;3,4;205,2;266;F8V;A0;AL|RASC|WDS
DBL0257;WDS20282+8125,75 Dra,STH7,BD+80 00657;Dbl;20h 28m 14s;+81°25,3';5,5;6,7;196,6;282;G9III;;WDS
DBL0258;WDS20289-1749,Rho Cap,SHJ323;Dbl;20h 28m 52s;-17°48,8';5,0;6,7;258,7;150;F3V;;WDS
DBL0259;Omicron Cap,SAO163625,HD195093,omi Cap,12 Cap,HR7829,WDS20299-1835,SHJ324,BD-19 05831,HIP101120,CCDM20299-1835,BD-19 5830;Dbl;20h 29m 53s;-18°35,2';6,7;7,5;21,9;238;A3Vn;A7V;RASC|WDS
DBL0260;HIP101143,CCDM20302+1925,HD195341,BD+18 4515;Star+Dbl;20h 30m 07s;+19°25,8';7,3;7,3;;;B9;;WDS
DBL0261;WDS20302+1925,S752,BD+18 04515;Dbl;20h 30m 14s;+19°25,2';6,8;7,3;106,3;288;B7IV;;WDS
DBL0262;WDS20375+3134,48 Cyg,STFA53,BD+31 04159;Dbl;20h 37m 32s;+31°34,3';6,3;6,5;182,7;177;B8III;F0V;WDS
DBL0263;Gam Del,12 Del,SAO106475,HR7947,HD197963,Gamma 2 Del,STF 2727;Dbl;20h 46m 39s;+16°07,4';5,1;6,1;9,8;;;;AL|RASC|CDSA
DBL0264;Epsilon Equ,SAO126428,HD199766,eps Equ,1 Equ,HR8034;Mult;20h 59m 04s;+04°17,6';5,2;5,5;1,0;;;;RASC
DBL0265;HIP104217,CCDM21069+3844,HD201092,BD+38 4344;Star+Var Star;21h 06m 52s;+38°44,0';6,1;6,2;;;K7V;;WDS
DBL0266;61 Cyg,SAO70919,HR8085,HD201091,STF 2758,WDS21069+3845,STF2758,BD+38 04343;Mult;21h 06m 55s;+38°44,7';5,2;6,0;28,7;154;K5V;K7V;AL|RASC|CDSA|WDS
DBL0267;WDS21103+1008,Gamma Equ,STFA54,BD+09 04735;Dbl;21h 10m 20s;+10°07,9';4,7;6,1;335,0;152;A9V;;WDS
DBL0268;HIP104538,CCDM21104+1007,HD201616,BD+09 4735;Star+Dbl;21h 10m 31s;+10°02,9';6,1;6,1;;;A2Vs;;WDS
DBL0269;HR8101,SAO89505,HD201671;Dbl;21h 10m 32s;+22°27,2';6,7;7,7;18,0;;;;RASC
DBL0270;17911,The Ind,SAO246965,h 5258;Dbl;21h 19m 52s;-53°27,0';4,4;;;;;;CDSA
DBL0271;Bet Cep,8 Cep,SAO10057,HR8238,HD205021,STF 2805;Triple;21h 28m 40s;+70°33,6';3,2;7,8;13,4;;;;AL|CDSA
DBL0272;3 Peg,SAO126940,HD205811,HR8265;Triple;21h 37m 44s;+06°37,0';6,2;7,7;39,2;;;;RASC
DBL0273;Struve 2816,HR8281,SAO33626,HD206267,STF2816,STF 2816;Dbl;21h 39m 00s;+57°29,0';5,7;8,1;11,8;;;;AL|RASC|CDSA
DBL0274;WDS21434+3817,79 Cyg,S799,BD+37 04408;Dbl;21h 43m 26s;+38°17,0';5,7;7,0;149,5;60;A0V;;WDS
DBL0275;WDS21441+2845,Mu Cyg,STF2822,HIP107310;Dbl;21h 44m 09s;+28°44,5';4,8;6,9;197,0;43;F6V;F2V;WDS
DBL0276;Eps Peg,8 Peg,SAO127029,HR8308,HD206778,S 798,WDS21442+0953,Epsilon Peg,S798,BD+09 04890,Enif;Triple;21h 44m 11s;+09°52,5';2,4;8,5;142,5;318;K2Ib;F8;AL|CDSA|WDS
DBL0277;HR8357,SAO33819,HD208095,STF2840,STF 2840;Triple;21h 52m 01s;+55°47,8';5,7;6,7;18,3;;;;RASC|CDSA
DBL0278;Xi Cep,17 Cep,SAO19827,HR8417,HD209790,Alkurhah,Kurhah,STF 2863;Triple;22h 03m 47s;+64°37,6';4,3;6,3;7,7;;;;AL|RASC|CDSA
DBL0279;HIP109352,Pi 1 Peg,CCDM22092+3310,HD210354,BD+32 4349;Star+Dbl;22h 09m 14s;+33°10,3';5,6;5,6;;;G6III:;;WDS
DBL0280;HIP109410,Pi 2 Peg,HD210459,BD+32 4352;Star;22h 09m 59s;+33°10,6';4,3;5,6;573,0;268;F5III;;WDS
DBL0281;HIP110541,CCDM22236+2051,BD+20 5138;Star+Dbl;22h 23m 35s;+20°51,8';8,5;10,7;0,4;73;F0;;WDS
DBL0282;WDS22237+2051,33 Peg,STF2900,BD+20 05138;Dbl;22h 23m 40s;+20°50,8';6,3;8,5;92,7;306;F7V;;WDS
DBL0283;WDS22279+0442,35 Peg,ENG85,BD+03 04710;Dbl;22h 27m 52s;+04°41,7';4,9;10,0;80,5;227;K0III;;WDS
DBL0284;Zet Aqr,55 Aqr,SAO146107,HR8558,HD213051,STF 2909;Triple;22h 28m 50s;-00°01,2';4,6;4,8;1,8;;;;AL|CDSA
DBL0285;Del Cep,27 Cep,SAO34508,HR8571,HD213306,ALDS97,WDS22292+5825,Delta Cep,STFA58,BD+57 02547;Triple;22h 29m 10s;+58°24,9';3,8;6,2;40,8;191;F5Iab;B7;AL|CDSA|WDS
DBL0286;8 Lac,SAO72509,HR8603,HD214168,STF 2922;Mult;22h 35m 52s;+39°38,0';5,7;6,4;22,4;;;;AL|RASC|CDSA
DBL0287;10 Lac,SAO72575,HD214680,HR8622;Dbl;22h 39m 16s;+39°03,0';4,9;10,1;62,2;;;;RASC
DBL0288;94 Aqr,SAO165625,HR8866,HD219834,STF 2998;Triple;23h 19m 07s;-13°27,5';5,1;7,5;0,2;;;;AL|CDSA
DBL0289;Sig Cas,8 Cas,SAO35947,HR9071,HD224572,STF 3049;Triple;23h 59m 01s;+55°45,3';4,9;7,1;2,8;;;;AL|CDSA
