nombre,alt,ra_grados,dec_grados,re_arcsec,razon_ejes,pa_grados,mag_v,sersic_n,frac_bulbo,polvo,n_medido
WLM,MCG -3- 1- 15,0.48708,-15.45028,286.38,0.347,4,10.48,1.0,0.03,1,0.0
NGC 7814,UGC 8,0.81292,16.14583,74.91,0.417,135,10.81,1.0,0.3,0,4.64
NGC 14,UGC 75,2.19333,15.815,52.66,0.741,25,12.16,1.0,0.03,0,1.58
NGC 16,UGC 80,2.26958,27.73028,5.1,0.537,16,12.1,4.0,1.0,0,0.0
NGC 23,UGC 89,2.47333,25.92306,32.73,0.646,8,12.1,1.0,0.5,0,0.0
NGC 24,ESO 472- 16,2.48583,-24.96194,77.59,0.234,46,11.64,1.0,0.15,1,1.09
NGC 25,ESO 149- 19,2.49958,-57.02,20.52,0.589,88,12.1,4.0,1.0,0,0.0
NGC 45,ESO 473- 1,3.51333,-23.18361,136.91,0.692,142,10.77,1.0,0.03,0,1.51
NGC 55,ESO 293- 50,3.78542,-39.22028,305.33,0.174,108,7.87,1.0,0.03,1,0.0
NGC 57,UGC 145,3.87917,17.32667,45.93,0.851,40,11.77,4.0,1.0,0,0.0
IC 10,UGC 192,5.1025,59.29167,386.79,0.813,0,11.26,1.0,0.03,0,0.0
NGC 128,UGC 292,7.3125,2.86528,25.42,0.302,1,11.87,4.0,0.6,0,0.0
,ESO 194- 21,7.42625,-51.51861,16.87,0.871,112,11.25,4.0,1.0,0,0.0
NGC 134,ESO 350- 23,7.5925,-33.24556,101.38,0.24,50,10.48,1.0,0.15,1,1.14
,ESO 79- 3,8.00875,-64.2525,56.26,0.155,134,11.84,1.0,0.3,1,1.11
NGC 147,UGC 326,8.29833,48.50778,200.5,0.589,25,9.57,4.0,1.0,0,0.0
NGC 151,MCG -2- 2- 54,8.51167,-9.70556,55.12,0.457,75,11.56,1.0,0.15,0,0.0
NGC 150,ESO 410- 19,8.56583,-27.805,50.63,0.479,118,11.25,1.0,0.3,0,7.73
NGC 157,MCG -2- 2- 56,8.69375,-8.39667,75.18,0.646,30,10.25,1.0,0.15,0,0.74
IC 1558,ESO 474- 2,8.95,-25.37306,99.18,0.724,150,12.06,1.0,0.03,0,0.0
NGC 175,ESO 540- 6,9.34167,-19.93667,41.04,0.871,0,12.15,1.0,0.3,0,0.0
NGC 185,UGC 396,9.74167,48.33833,123.63,0.851,35,9.2,4.0,1.0,0,0.0
NGC 205,UGC 426,10.09375,41.68639,238.3,0.501,170,8.02,4.0,1.0,0,0.0
NGC 210,MCG -2- 2- 81,10.14542,-13.87389,115.68,0.661,165,10.85,1.0,0.3,0,6.64
NGC 214,UGC 438,10.3675,25.49972,24.33,0.741,35,12.42,1.0,0.15,0,0.0
NGC 221,UGC 452,10.67458,40.86528,41.89,0.741,170,8.13,4.0,1.0,0,0.0
NGC 224,UGC 454,10.685,41.26889,2158.72,0.324,35,3.61,1.0,0.3,1,0.0
NGC 247,ESO 540- 22,11.78625,-20.76056,354.86,0.324,174,9.12,1.0,0.08,1,1.16
NGC 254,ESO 411- 15,11.865,-31.42056,61.61,0.617,137,11.72,4.0,0.6,0,8.63
NGC 253,ESO 474- 29,11.88792,-25.28833,400.04,0.245,52,7.49,1.0,0.15,1,1.27
NGC 255,MCG -2- 3- 17,11.9475,-11.46889,51.42,0.832,0,11.61,1.0,0.15,0,1.48
NGC 266,UGC 508,12.45083,32.27861,57.31,0.977,0,11.79,1.0,0.3,0,0.0
NGC 278,UGC 528,13.01917,47.55,25.31,0.955,0,10.72,1.0,0.3,0,0.0
SMC,ESO 29- 21,13.15875,-72.80028,3712.55,0.589,45,2.15,1.0,0.03,0,0.0
NGC 289,ESO 411- 25,13.17583,-31.20611,44.27,0.708,130,10.97,1.0,0.15,0,2.42
NGC 300,ESO 295- 20,13.72417,-37.6825,325.7,0.708,111,8.17,1.0,0.08,0,1.17
NGC 309,MCG -2- 3- 50,14.17792,-9.91417,55.09,0.832,0,11.95,1.0,0.15,0,0.0
,ESO 151- 12,14.19708,-53.09806,6.36,0.525,119,11.96,4.0,0.6,0,0.0
NGC 315,UGC 597,14.45458,30.35278,46.46,0.631,40,11.3,4.0,1.0,0,0.0
NGC 337,MCG -1- 3- 53,14.95833,-7.57806,42.06,0.631,130,11.51,1.0,0.08,0,1.09
Sculptor,ESO 351- 30,15.03917,-33.70917,3193.61,0.776,110,9.7,1.0,0.3,0,0.0
NGC 337A,MCG -1- 3- 65,15.39167,-7.58917,92.56,0.759,0,12.15,1.0,0.03,0,1.9
IC 1613,UGC 668,16.20167,2.11944,418.26,0.891,50,9.33,1.0,0.03,0,0.5
A 0102-06,MCG -1- 3- 85,16.27,-6.21278,75.59,0.851,0,11.84,1.0,0.08,0,1.55
IC 1625,ESO 243- 33,16.92625,-46.90667,45.93,0.741,7,12.0,4.0,1.0,0,0.0
NGC 404,UGC 718,17.3625,35.71778,28.0,1.0,0,10.31,4.0,1.0,0,0.0
IC 1633,ESO 243- 46,17.48042,-45.93083,29.32,0.832,120,11.7,4.0,1.0,0,0.0
NGC 410,UGC 735,17.74333,33.15167,46.46,0.55,30,11.62,4.0,1.0,0,0.0
NGC 434,ESO 113- 23,18.05667,-58.24667,33.88,0.562,6,12.04,1.0,0.3,0,0.0
NGC 428,UGC 763,18.23,0.98306,58.4,0.759,120,11.36,1.0,0.03,0,1.19
NGC 467,UGC 848,19.79333,3.30083,90.08,1.0,0,12.0,4.0,0.6,0,0.0
NGC 484,ESO 113- 36,19.89542,-58.52444,20.28,0.724,94,11.15,4.0,1.0,0,0.0
NGC 470,UGC 858,19.94,3.41028,53.49,0.617,155,11.78,1.0,0.3,0,11.88
NGC 474,UGC 864,20.02833,3.41667,97.64,0.891,75,11.47,4.0,0.6,0,8.09
NGC 488,UGC 907,20.44625,5.25472,80.96,0.741,15,10.4,1.0,0.3,0,4.58
NGC 493,UGC 914,20.53708,0.94722,67.38,0.309,58,12.38,1.0,0.08,1,1.13
NGC 507,UGC 938,20.91708,33.25611,146.09,1.0,0,11.3,4.0,0.6,0,0.0
NGC 514,UGC 947,21.01667,12.91639,83.39,0.794,110,11.69,1.0,0.15,0,1.19
NGC 521,UGC 962,21.1425,1.73167,49.1,0.912,20,11.8,1.0,0.15,0,0.0
NGC 520,UGC 966,21.14458,3.79694,58.11,0.407,130,11.69,1.0,0.03,0,6.32
NGC 524,UGC 968,21.19917,9.53917,136.34,1.0,0,10.4,4.0,0.6,0,0.0
NGC 533,UGC 992,21.38125,1.75972,57.83,0.617,50,11.51,4.0,1.0,0,0.0
NGC 578,ESO 476- 15,22.6175,-22.66583,85.33,0.631,110,10.89,1.0,0.15,0,1.86
NGC 584,MCG -1- 4- 60,22.83708,-6.86833,33.66,0.55,55,10.54,4.0,1.0,0,4.24
NGC 596,MCG -1- 5- 5,23.21708,-7.0325,34.05,0.646,30,10.94,4.0,1.0,0,0.0
NGC 600,MCG -1- 5- 7,23.27292,-7.31278,54.82,0.851,0,12.37,1.0,0.08,0,1.27
NGC 598,UGC 1117,23.46208,30.66028,1116.19,0.589,23,5.72,1.0,0.08,0,0.0
NGC 613,ESO 413- 11,23.57292,-29.41611,79.64,0.759,120,9.98,1.0,0.15,0,7.62
NGC 625,ESO 297- 5,23.77167,-41.43639,70.2,0.331,92,11.16,1.0,0.03,1,1.27
NGC 615,MCG -1- 5- 8,23.77417,-7.34083,40.31,0.398,155,11.72,1.0,0.3,0,5.64
NGC 630,ESO 297- 9,23.90292,-39.36,15.93,0.851,0,11.61,4.0,1.0,0,0.0
NGC 628,UGC 1149,24.17375,15.78333,170.26,0.912,25,9.4,1.0,0.15,0,2.1
NGC 636,MCG -1- 5- 13,24.7775,-7.51306,22.24,0.759,0,11.51,4.0,1.0,0,0.0
NGC 642,ESO 413- 14,24.77833,-29.915,29.39,0.562,31,12.33,1.0,0.15,0,0.0
NGC 660,UGC 1201,25.75958,13.64444,199.25,0.38,170,11.27,1.0,0.5,0,4.01
A 0143-43,ESO 245- 5,26.26583,-43.59806,65.55,0.871,122,12.15,1.0,0.03,0,1.05
IC 1727,UGC 1249,26.87792,27.33083,139.86,0.447,150,11.52,1.0,0.03,0,1.08
NGC 685,ESO 152- 24,26.92958,-52.76111,94.65,0.891,0,10.95,1.0,0.15,0,1.75
NGC 672,UGC 1256,26.97292,27.43361,118.39,0.355,65,10.92,1.0,0.08,0,1.19
NGC 681,MCG -2- 5- 52,27.29542,-10.42778,42.0,0.631,60,12.07,1.0,0.3,0,2.7
NGC 680,UGC 1286,27.4475,21.97056,15.74,0.832,0,12.0,4.0,1.0,0,7.41
NGC 691,UGC 1305,27.67375,21.75972,83.39,0.759,95,11.49,1.0,0.15,0,3.02
NGC 701,MCG -2- 5- 60,27.76625,-9.70389,37.65,0.479,40,12.27,1.0,0.15,0,1.77
NGC 697,UGC 1317,27.82208,22.35889,58.22,0.331,105,12.29,1.0,0.15,1,0.0
NGC 720,MCG -2- 5- 68,28.25167,-13.73917,50.36,0.513,140,10.26,4.0,1.0,0,0.0
NGC 718,UGC 1356,28.30208,4.19667,41.38,0.871,45,11.84,1.0,0.5,0,9.19
NGC 745,ESO 152- 32,28.53875,-56.69,74.88,0.575,0,11.7,4.0,0.6,0,0.0
NGC 731,MCG -2- 5- 73,28.73417,-9.01083,15.74,1.0,0,12.1,4.0,1.0,0,0.0
NGC 741,UGC 1413,29.08708,5.62889,52.74,0.977,0,11.3,4.0,1.0,0,0.0
NGC 782,ESO 114- 15,29.4075,-57.79028,51.67,0.871,15,11.73,1.0,0.3,0,0.0
NGC 753,UGC 1437,29.42708,35.91611,32.82,0.776,125,12.22,1.0,0.15,0,0.0
NGC 772,UGC 1466,29.83458,19.00611,132.69,0.589,130,10.34,1.0,0.3,0,2.94
NGC 779,MCG -1- 6- 16,29.9275,-5.96472,45.74,0.295,160,11.2,1.0,0.3,1,1.42
NGC 777,UGC 1476,30.0625,31.42944,37.77,0.832,155,11.59,4.0,1.0,0,0.0
NGC 788,MCG -1- 6- 25,30.27667,-6.81694,45.44,0.759,0,12.1,1.0,0.6,0,0.0
NGC 784,UGC 1501,30.32083,28.8375,78.45,0.229,0,11.68,1.0,0.03,1,0.91
NGC 799,UGC 1527,30.55125,-0.10083,38.9,0.871,100,12.22,1.0,0.5,0,0.0
NGC 821,UGC 1631,32.08792,10.99556,62.68,0.631,25,10.77,4.0,1.0,0,0.0
NGC 835,MCG -2- 6- 31,32.35375,-10.13583,12.6,0.832,0,12.16,1.0,0.3,0,0.0
NGC 862,ESO 298- 20,33.26208,-42.03333,10.77,0.933,0,11.88,4.0,1.0,0,0.0
NGC 864,UGC 1736,33.86417,6.00139,126.21,0.759,20,10.85,1.0,0.15,0,2.24
IC 1788,ESO 415- 15,33.95958,-31.20167,37.76,0.437,27,11.59,1.0,0.15,0,0.0
NGC 877,UGC 1768,34.49458,14.54722,36.4,0.759,140,11.83,1.0,0.15,0,0.0
NGC 897,ESO 355- 7,35.27958,-33.72139,66.83,0.617,17,12.04,1.0,0.5,0,0.0
NGC 895,MCG -1- 7- 2,35.4025,-5.52167,60.1,0.708,0,11.71,1.0,0.08,0,1.6
NGC 890,UGC 1823,35.50458,33.26583,41.41,0.692,0,11.3,4.0,1.0,0,0.0
NGC 891,UGC 1831,35.63792,42.34667,260.7,0.186,22,10.06,1.0,0.3,1,0.0
NGC 908,ESO 545- 11,35.76917,-21.23333,106.42,0.437,75,10.28,1.0,0.15,0,0.96
NGC 922,ESO 478- 28,36.265,-24.78972,17.92,0.813,0,11.9,1.0,0.08,0,0.0
NGC 925,UGC 1913,36.82,33.57806,231.73,0.562,102,10.14,1.0,0.08,0,0.0
NGC 936,UGC 1929,36.90667,-1.15472,124.34,0.871,135,10.22,4.0,0.6,0,5.7
NGC 941,UGC 1954,37.11542,-1.15167,45.3,0.741,170,12.38,1.0,0.15,0,1.4
NGC 945,MCG -2- 7- 13,37.15542,-10.53944,44.78,0.832,10,12.24,1.0,0.15,0,0.0
NGC 955,UGC 1986,37.64,-1.10722,27.64,0.257,19,12.18,1.0,0.3,1,2.1
NGC 958,MCG -1- 7- 19,37.67875,-2.93917,42.49,0.347,10,12.34,1.0,0.15,1,0.0
NGC 949,UGC 1983,37.70375,37.13583,24.39,0.537,145,11.65,1.0,0.3,0,0.0
NGC 959,UGC 2002,38.1,35.495,37.28,0.617,65,12.4,1.0,0.03,0,0.0
NGC 986,ESO 299- 7,38.3925,-39.04528,65.05,0.759,150,10.89,1.0,0.3,0,6.32
NGC 972,UGC 2045,38.55542,29.31167,50.81,0.513,152,11.52,1.0,0.3,0,0.0
NGC 988,MCG -2- 7- 37,38.87375,-9.35972,22.0,0.537,0,10.83,1.0,0.08,0,0.0
IC 239,UGC 2080,39.11625,38.97,66.35,0.912,0,11.25,1.0,0.08,0,0.0
Maffei I,UGCA 34,39.15125,59.65583,0.4,0.832,100,10.5,4.0,1.0,0,0.0
NGC 1016,UGC 2128,39.58208,2.11806,36.07,1.0,0,11.71,4.0,1.0,0,0.0
NGC 1022,MCG -1- 7- 25,39.63667,-6.67806,54.95,0.832,115,11.34,1.0,0.5,0,0.0
NGC 1003,UGC 2137,39.81875,40.87278,60.82,0.339,97,11.45,1.0,0.08,1,0.0
NGC 1032,UGC 2147,39.84833,1.09333,39.96,0.339,68,11.74,1.0,0.6,0,3.93
NGC 1035,MCG -1- 7- 27,39.87208,-8.13361,18.24,0.331,150,12.34,1.0,0.15,1,0.89
Fornax,ESO 356- 4,39.9975,-34.44917,165.54,0.741,60,8.14,4.0,1.0,0,0.0
NGC 1042,MCG -2- 7- 54,40.1,-8.43389,114.53,0.776,0,11.01,1.0,0.08,0,1.4
NGC 1023,UGC 2154,40.10042,39.06278,67.94,0.339,87,9.45,4.0,1.0,0,0.0
NGC 1052,MCG -1- 7- 34,40.27042,-8.25611,40.47,0.692,120,10.51,4.0,1.0,0,5.01
NGC 1055,UGC 2173,40.43625,0.44194,131.65,0.355,105,10.65,1.0,0.3,0,1.97
NGC 1068,UGC 2188,40.6675,-0.01333,53.49,0.851,70,8.86,1.0,0.3,0,2.94
NGC 1060,UGC 2191,40.81292,32.425,28.65,0.759,75,12.1,4.0,1.0,0,0.0
NGC 1058,UGC 2193,40.875,37.34167,33.48,0.933,0,11.27,1.0,0.15,0,0.0
NGC 1073,UGC 2210,40.91833,1.37667,112.49,0.912,15,10.92,1.0,0.15,0,3.08
NGC 1079,ESO 416- 13,40.93583,-29.00389,66.45,0.617,87,11.48,1.0,0.6,0,4.42
NGC 1084,MCG -1- 8- 7,41.49917,-7.57833,41.52,0.562,35,10.76,1.0,0.15,0,1.06
NGC 1097,ESO 416- 20,41.57875,-30.2725,95.12,0.676,130,9.48,1.0,0.3,0,4.59
NGC 1087,UGC 2245,41.60375,-0.49611,63.26,0.603,5,10.91,1.0,0.15,0,1.78
NGC 1090,UGC 2247,41.63958,-0.24667,61.24,0.437,102,11.76,1.0,0.15,0,1.96
IC 1864,ESO 356- 17,43.415,-34.19694,22.82,0.617,63,11.75,1.0,0.3,0,0.0
NGC 1140,MCG -2- 8- 19,43.64,-10.02694,11.87,0.55,10,12.29,1.0,0.03,0,2.92
A 0255-54,ESO 154- 23,44.21792,-54.57306,126.41,0.209,39,12.25,1.0,0.03,1,1.07
NGC 1156,UGC 2455,44.9275,25.2375,39.03,0.741,25,11.77,1.0,0.03,0,0.0
NGC 1161,UGC 2474,45.31042,44.8975,88.03,0.724,23,11.15,4.0,0.6,0,0.0
NGC 1172,MCG -3- 8- 59,45.40042,-14.83694,43.87,0.776,0,11.8,4.0,1.0,0,0.0
NGC 1187,ESO 480- 23,45.65708,-22.86778,90.39,0.741,130,10.79,1.0,0.15,0,0.0
NGC 1179,ESO 547- 1,45.66,-18.89778,312.56,0.776,35,12.05,1.0,0.08,0,2.56
NGC 1169,UGC 2503,45.89625,46.38444,90.83,0.676,28,11.45,1.0,0.3,0,0.0
NGC 1199,MCG -3- 8- 67,45.91042,-15.61389,31.41,0.794,0,11.47,4.0,1.0,0,0.0
NGC 1201,ESO 480- 28,46.03458,-26.0675,96.85,0.589,7,10.77,4.0,0.6,0,0.0
NGC 1209,MCG -3- 8- 73,46.51292,-15.61167,26.74,0.479,85,11.51,4.0,1.0,0,0.0
IC 284,UGC 2531,46.54083,42.37194,86.73,0.513,13,11.92,1.0,0.03,0,0.0
,ESO 300- 14,47.40833,-41.03083,304.93,0.513,166,12.45,1.0,0.03,0,1.19
NGC 1232,ESO 547- 14,47.43875,-20.58111,126.21,0.871,108,9.97,1.0,0.15,0,1.88
NGC 1249,ESO 155- 6,47.51083,-53.33444,63.28,0.479,86,11.64,1.0,0.08,0,1.76
NGC 1241,MCG -2- 9- 11,47.81125,-8.92194,50.5,0.603,140,11.24,1.0,0.3,0,0.0
NGC 1255,ESO 481- 13,48.38625,-25.72528,95.74,0.631,117,10.65,1.0,0.15,0,1.55
NGC 1253,MCG -1- 9- 18,48.53875,-2.82278,83.74,0.447,75,11.72,1.0,0.08,0,2.12
NGC 1288,ESO 357- 13,49.30583,-32.57583,40.84,0.832,0,12.23,1.0,0.15,0,0.0
NGC 1291,ESO 301- 2,49.32333,-41.10778,134.11,0.832,0,8.49,1.0,0.6,0,6.08
NGC 1292,ESO 418- 1,49.56333,-27.61111,32.02,0.447,7,12.29,1.0,0.15,0,1.25
NGC 1313,ESO 82- 11,49.56458,-66.4975,103.25,0.759,0,8.65,1.0,0.08,0,1.64
NGC 1272,UGC 2662,49.83875,41.49222,59.17,0.933,0,11.96,4.0,1.0,0,0.0
NGC 1300,ESO 547- 31,49.92,-19.41139,138.39,0.661,106,10.36,1.0,0.15,0,0.0
NGC 1275,UGC 2669,49.95208,41.5125,19.79,0.759,110,12.09,1.0,0.03,0,0.0
NGC 1302,ESO 481- 20,49.96167,-26.06,78.97,0.955,0,10.7,1.0,0.6,0,6.85
NGC 1310,ESO 357- 19,50.26667,-37.10111,47.44,0.776,95,12.0,1.0,0.15,0,1.22
NGC 1309,MCG -3- 9- 28,50.5275,-15.40056,29.93,0.933,0,11.22,1.0,0.15,0,1.5
NGC 1316,ESO 357- 22,50.67333,-37.20778,262.8,0.708,50,8.52,4.0,0.6,0,0.0
NGC 1317,ESO 357- 23,50.68625,-37.10278,37.15,0.871,78,11.16,1.0,0.5,0,0.0
NGC 1326,ESO 357- 26,50.985,-36.46389,89.05,0.741,77,10.47,4.0,0.6,0,1.28
NGC 1325,ESO 548- 7,51.10542,-21.5425,91.55,0.339,56,11.47,1.0,0.15,1,1.15
IC 1933,ESO 155- 25,51.41667,-52.78389,35.16,0.525,55,12.35,1.0,0.08,0,1.31
NGC 1332,ESO 548- 18,51.57208,-21.33583,50.36,0.309,148,10.35,4.0,1.0,0,4.05
NGC 1341,ESO 358- 8,51.99125,-37.15083,25.9,0.832,0,11.53,1.0,0.3,0,1.54
NGC 1337,MCG -2- 9- 42,52.02458,-8.38972,87.72,0.257,0,11.93,1.0,0.08,1,1.39
NGC 1339,ESO 418- 4,52.02708,-32.28611,20.28,0.724,172,11.61,4.0,1.0,0,5.73
NGC 1344,ESO 418- 5,52.07958,-31.06806,35.25,0.575,165,10.37,4.0,1.0,0,0.0
NGC 1351,ESO 358- 12,52.645,-34.85333,26.13,0.603,140,11.56,4.0,1.0,0,0.0
NGC 1350,ESO 358- 13,52.785,-33.62889,80.85,0.537,0,10.41,1.0,0.3,0,7.8
IC 1954,ESO 200- 36,52.8825,-51.90444,48.4,0.49,66,11.4,1.0,0.3,0,1.39
NGC 1353,ESO 548- 31,53.01333,-20.81778,48.36,0.417,138,11.65,1.0,0.3,0,3.02
NGC 1357,MCG -2-10- 1,53.32167,-13.665,52.88,0.692,0,11.63,1.0,0.3,0,6.61
NGC 1365,ESO 358- 17,53.4025,-36.13806,140.85,0.55,32,9.57,1.0,0.3,0,16.06
IC 1953,ESO 548- 38,53.42375,-21.47806,58.74,0.776,121,11.69,1.0,0.08,0,1.0
NGC 1359,ESO 548- 39,53.44958,-19.49139,52.05,0.724,139,12.04,1.0,0.03,0,3.59
NGC 1366,ESO 418- 10,53.47208,-31.19333,26.25,0.447,2,11.07,4.0,0.6,0,6.32
NGC 1371,ESO 482- 10,53.75292,-24.93444,83.18,0.692,135,10.82,1.0,0.5,0,5.61
NGC 1374,ESO 358- 23,53.81958,-35.22639,25.24,0.933,0,11.1,4.0,1.0,0,0.0
NGC 1379,ESO 358- 27,54.01375,-35.44056,42.38,0.955,0,10.9,4.0,1.0,0,0.0
NGC 1380,ESO 358- 28,54.11208,-34.97583,106.42,0.479,7,9.97,4.0,0.6,0,0.0
NGC 1381,ESO 358- 29,54.13125,-35.29417,14.84,0.275,139,11.54,4.0,0.6,0,0.0
NGC 1386,ESO 358- 35,54.19333,-35.99944,45.51,0.38,25,11.19,4.0,0.6,0,8.99
NGC 1387,ESO 358- 36,54.23792,-35.50639,21.24,1.0,0,10.78,4.0,1.0,0,0.0
NGC 1382,ESO 358- 37,54.28542,-35.19472,45.15,0.871,0,12.02,4.0,0.6,0,0.0
NGC 1389,ESO 358- 38,54.29917,-35.745,19.37,0.603,30,11.52,4.0,1.0,0,3.49
NGC 1385,ESO 482- 16,54.36667,-24.50333,40.53,0.589,165,10.9,1.0,0.08,0,1.37
NGC 1399,ESO 358- 45,54.62083,-35.44944,41.89,0.933,0,9.65,4.0,1.0,0,0.0
NGC 1395,ESO 482- 19,54.62333,-23.02778,55.86,0.759,0,9.65,4.0,1.0,0,0.0
NGC 1393,ESO 548- 58,54.66083,-18.42778,72.38,0.646,170,12.07,4.0,0.6,0,0.0
NGC 1411,ESO 249- 11,54.6875,-44.1,16.11,0.724,6,11.33,4.0,1.0,0,6.16
NGC 1404,ESO 358- 46,54.71542,-35.59333,25.24,0.891,0,10.07,4.0,1.0,0,0.0
NGC 1398,ESO 482- 22,54.71583,-26.33639,80.03,0.759,100,9.82,1.0,0.3,0,5.31
NGC 1406,ESO 418- 15,54.84417,-31.32194,67.21,0.2,15,11.65,1.0,0.15,1,1.18
NGC 1400,ESO 548- 62,54.88042,-18.68861,31.41,0.871,40,11.02,4.0,1.0,0,0.0
NGC 1407,ESO 548- 67,55.05167,-18.58111,72.8,0.933,35,9.8,4.0,1.0,0,0.0
NGC 1415,ESO 482- 33,55.2375,-22.56361,67.94,0.513,148,11.87,1.0,0.6,0,4.99
NGC 1417,MCG -1-10- 21,55.48875,-4.70583,43.48,0.617,10,12.05,1.0,0.3,0,0.0
NGC 1433,ESO 249- 14,55.50542,-47.22139,105.5,0.912,0,9.95,1.0,0.3,0,13.16
NGC 1425,ESO 419- 4,55.54792,-29.89444,105.67,0.447,129,10.54,1.0,0.3,0,4.94
NGC 1427,ESO 358- 52,55.58167,-35.39333,37.34,0.676,76,10.87,4.0,1.0,0,0.0
NGC 1421,MCG -2-10- 8,55.62292,-13.48833,85.53,0.245,0,11.2,1.0,0.15,1,2.25
NGC 1426,ESO 549- 1,55.70542,-22.11028,31.41,0.631,111,11.39,4.0,1.0,0,0.0
NGC 1437,ESO 358- 58,55.9075,-35.85306,70.51,0.676,150,11.66,1.0,0.3,0,0.89
NGC 1448,ESO 249- 16,56.13333,-44.64389,134.78,0.224,41,10.85,1.0,0.08,1,1.0
NGC 1439,ESO 549- 9,56.21,-21.9225,34.84,0.933,0,11.37,4.0,1.0,0,0.0
NGC 1440,ESO 549- 10,56.26417,-18.2675,74.92,0.759,28,11.66,4.0,0.6,0,0.0
IC 334,UGC 2824,56.32125,76.63694,54.11,0.759,0,11.65,1.0,0.3,0,0.0
NGC 1452,ESO 549- 12,56.34167,-18.63444,54.95,0.661,113,12.01,1.0,0.5,0,3.91
,ESO 358- 63,56.57833,-34.9425,72.28,0.269,133,12.05,1.0,0.03,1,1.43
NGC 1453,MCG -1-10- 34,56.61375,-3.96944,27.68,0.813,0,11.68,4.0,1.0,0,0.0
IC 342,UGC 2847,56.70708,68.09583,1364.37,0.977,0,8.55,1.0,0.08,0,0.0
IC 1993,ESO 358- 65,56.7925,-33.70861,51.42,0.871,0,11.68,1.0,0.15,0,0.0
NGC 1461,MCG -3-10- 47,57.11292,-16.39167,21.31,0.309,0,11.91,4.0,0.6,0,3.61
IC 2006,ESO 359- 7,58.61833,-35.96722,31.05,0.851,0,11.31,4.0,1.0,0,3.54
NGC 1487,ESO 249- 31,58.94417,-42.36722,31.01,0.646,55,11.79,1.0,0.03,0,2.29
NGC 1493,ESO 249- 33,59.36583,-46.21056,57.4,0.933,0,11.23,1.0,0.08,0,1.32
NGC 1511,ESO 55- 4,59.89917,-67.63528,48.4,0.347,125,11.13,1.0,0.5,0,1.62
NGC 1512,ESO 250- 4,60.9775,-43.35083,165.96,0.631,90,10.38,1.0,0.5,0,4.89
NGC 1515,ESO 156- 36,61.0125,-54.10278,61.02,0.214,18,11.3,1.0,0.15,1,2.52
NGC 1507,UGC 2947,61.11375,-2.18806,62.77,0.234,11,12.34,1.0,0.03,1,0.93
NGC 1518,ESO 550- 7,61.70833,-21.17861,27.18,0.447,35,11.73,1.0,0.03,0,0.0
IC 356,UGC 2953,61.94625,69.81306,217.9,0.741,90,10.64,1.0,0.3,0,0.0
NGC 1521,ESO 550- 11,62.07917,-21.05167,32.89,0.603,10,11.49,4.0,1.0,0,0.0
NGC 1527,ESO 201- 20,62.10167,-47.89722,44.15,0.372,78,10.84,4.0,0.6,0,0.0
IC 2035,ESO 250- 7,62.25625,-45.51778,5.42,0.794,86,11.6,4.0,0.6,0,3.4
NGC 1533,ESO 157- 3,62.46417,-56.12056,32.52,0.851,151,10.8,4.0,1.0,0,6.6
NGC 1532,ESO 359- 27,63.02292,-32.87444,173.57,0.263,33,9.9,1.0,0.3,1,4.56
NGC 1543,ESO 118- 10,63.18,-57.73722,124.27,0.575,93,10.56,4.0,0.6,0,0.0
NGC 1537,ESO 420- 12,63.42083,-31.64611,86.02,0.661,98,10.57,4.0,0.6,0,0.0
NGC 1546,ESO 157- 12,63.65292,-56.06083,178.08,0.55,147,10.9,4.0,0.6,0,1.65
NGC 1549,ESO 157- 16,63.93792,-55.59194,49.79,0.832,135,9.82,4.0,1.0,0,0.0
NGC 1553,ESO 157- 17,64.04333,-55.78083,226.27,0.631,150,9.38,4.0,0.6,0,3.48
IC 2056,ESO 118- 16,64.09833,-60.20611,15.17,0.832,8,11.93,1.0,0.15,0,0.88
NGC 1559,ESO 84- 10,64.40583,-62.78444,66.27,0.575,64,10.45,1.0,0.08,0,0.62
NGC 1566,ESO 157- 20,65.00167,-54.93833,83.39,0.794,60,9.58,1.0,0.15,0,3.63
NGC 1567,ESO 202- 10,65.28625,-48.25444,20.75,0.955,0,11.27,4.0,1.0,0,0.0
,ESO 550- 24,65.30583,-21.84417,102.55,0.38,132,12.12,1.0,0.08,0,1.28
NGC 1574,ESO 157- 22,65.49625,-56.97389,60.9,0.912,35,10.46,4.0,0.6,0,0.0
NGC 1530,UGC 3013,65.86875,75.29722,86.45,0.525,0,11.5,1.0,0.3,0,0.0
NGC 1596,ESO 157- 31,66.9075,-55.02694,19.11,0.257,20,11.2,4.0,0.6,0,3.52
NGC 1587,UGC 3063,67.665,0.66194,24.95,0.871,144,11.8,4.0,1.0,0,0.0
NGC 1589,UGC 3065,67.69125,0.86389,52.99,0.324,160,12.05,1.0,0.3,1,0.0
NGC 1569,UGC 3056,67.70958,64.84639,37.78,0.49,120,11.31,1.0,0.03,0,0.0
NGC 1617,ESO 157- 41,67.915,-54.60139,65.4,0.49,107,10.63,1.0,0.5,0,0.0
NGC 1600,MCG -1-12- 17,67.91625,-5.08778,55.22,0.676,15,11.03,4.0,1.0,0,0.0
NGC 1560,UGC 3060,68.20833,71.88111,177.58,0.174,23,11.61,1.0,0.08,1,0.0
NGC 1573,UGC 3077,68.75958,73.26333,39.55,0.692,35,11.91,4.0,1.0,0,0.0
NGC 1625,MCG -1-12- 38,69.27667,-3.30444,72.11,0.24,140,12.22,1.0,0.3,1,0.0
NGC 1637,MCG 0-12- 68,70.3675,-2.85833,75.18,0.813,0,10.92,1.0,0.15,0,3.22
NGC 1638,UGC 3133,70.40083,-1.80889,81.21,0.741,70,12.01,4.0,0.6,0,0.0
NGC 1640,ESO 551- 27,70.56,-20.43528,43.48,0.776,45,11.67,1.0,0.3,0,4.16
NGC 1672,ESO 118- 43,71.42583,-59.24917,107.96,0.832,170,9.53,1.0,0.3,0,12.13
NGC 1653,UGC 3153,71.44833,-2.39139,20.28,1.0,0,12.03,4.0,1.0,0,0.0
NGC 1667,MCG -1-13- 13,72.15417,-6.32028,23.77,0.776,0,12.22,1.0,0.15,0,0.0
NGC 1703,ESO 119- 19,73.21667,-59.7425,65.8,0.891,0,11.15,1.0,0.3,0,2.11
NGC 1705,ESO 158- 13,73.55667,-53.36222,13.56,0.741,50,11.87,4.0,1.0,0,0.0
NGC 1700,MCG -1-13- 38,74.23417,-4.8675,23.29,0.631,90,11.3,4.0,1.0,0,0.0
IC 391,UGC 3190,74.34625,78.18917,10.22,0.955,0,12.45,1.0,0.15,0,0.0
NGC 1726,MCG -1-13- 42,74.925,-7.75556,74.92,0.759,170,11.76,4.0,0.6,0,0.0
NGC 1744,ESO 486- 5,74.99292,-26.02667,120.87,0.537,168,11.05,1.0,0.08,0,1.38
NGC 1809,ESO 56- 48,75.52417,-69.56889,80.27,0.257,143,12.45,1.0,0.15,1,1.44
NGC 1796,ESO 119- 30,75.68,-61.13917,30.36,0.537,102,12.31,1.0,0.08,0,0.0
,ESO 486- 19,75.81875,-22.83222,1.92,0.339,158,11.55,4.0,1.0,0,0.0
NGC 1792,ESO 305- 6,76.31292,-37.97972,47.23,0.501,137,10.12,1.0,0.15,0,0.8
NGC 1784,MCG -2-13- 42,76.36333,-11.87167,56.38,0.631,0,11.89,1.0,0.15,0,0.0
NGC 1824,ESO 119- 36,76.73458,-59.72389,78.31,0.263,160,12.45,1.0,0.03,1,0.98
NGC 1808,ESO 305- 8,76.92833,-37.51417,147.91,0.603,133,9.99,1.0,0.5,0,7.28
NGC 1832,MCG -3-14- 10,78.01417,-15.68778,44.78,0.661,0,11.21,1.0,0.15,0,0.0
NGC 1892,ESO 85- 61,79.28375,-64.96139,49.62,0.282,74,12.28,1.0,0.08,1,1.14
NGC 1888,MCG -2-14- 13,80.64458,-11.49944,49.78,0.269,0,12.28,1.0,0.15,1,0.0
LMC,ESO 56-115,80.89458,-69.75611,8105.31,0.851,170,0.36,1.0,0.03,0,0.0
NGC 1947,ESO 85- 87,81.69792,-63.76139,34.84,0.851,119,10.75,4.0,1.0,0,0.0
NGC 1954,MCG -2-15- 3,83.20083,-14.06389,88.19,0.525,0,11.89,1.0,0.15,0,0.0
NGC 1964,ESO 554- 10,83.33792,-21.9475,47.5,0.38,32,10.83,1.0,0.3,0,0.0
NGC 2082,ESO 86- 21,85.46375,-64.30111,37.87,0.933,0,11.87,1.0,0.3,0,0.0
NGC 1961,UGC 3334,85.51833,69.37944,84.35,0.646,85,11.18,1.0,0.15,0,0.0
NGC 2090,ESO 363- 23,86.76,-34.25139,38.29,0.49,13,11.44,1.0,0.15,0,0.0
NGC 2139,ESO 488- 54,90.28375,-23.67583,37.06,0.741,140,11.44,1.0,0.08,0,0.0
NGC 2191,ESO 160- 14,92.09917,-52.51111,6.11,0.49,118,11.43,4.0,0.6,0,0.0
NGC 2188,ESO 364- 37,92.54,-34.10611,79.17,0.257,175,11.59,1.0,0.03,1,0.0
NGC 2196,ESO 556- 4,93.04208,-21.80667,90.16,0.776,35,11.07,1.0,0.5,0,0.0
NGC 2206,ESO 489- 26,93.99667,-26.765,37.62,0.525,138,12.36,1.0,0.15,0,0.0
NGC 2146,UGC 3429,94.66708,78.35528,104.7,0.562,56,10.63,1.0,0.3,0,0.0
NGC 2217,ESO 489- 42,95.415,-27.23333,85.04,0.933,0,10.81,4.0,0.6,0,0.0
NGC 2280,ESO 427- 2,101.20208,-27.63889,164.97,0.49,163,10.35,1.0,0.08,0,0.0
NGC 2293,ESO 490- 49,101.92875,-26.75306,88.03,0.794,125,11.38,4.0,0.6,0,0.0
NGC 2258,UGC 3523,101.94333,74.48194,75.79,0.676,150,12.1,4.0,0.6,0,0.0
NGC 2305,ESO 87- 44,102.15583,-64.27333,23.02,0.741,142,11.84,4.0,1.0,0,0.0
NGC 2307,ESO 87- 45,102.21292,-64.33361,47.67,0.933,0,12.17,1.0,0.3,0,0.0
NGC 2273,UGC 3546,102.53583,60.84583,54.95,0.759,50,11.8,1.0,0.5,0,0.0
NGC 2310,ESO 309- 7,103.47333,-40.86222,24.33,0.191,47,11.84,4.0,0.6,0,0.0
NGC 2328,ESO 309- 16,105.65292,-42.06917,12.34,0.776,115,11.85,4.0,0.6,0,0.0
NGC 2320,UGC 3659,106.42292,50.58028,48.65,0.575,140,12.0,4.0,1.0,0,5.84
NGC 2339,UGC 3693,107.08625,18.78167,40.84,0.759,175,11.76,1.0,0.15,0,0.0
NGC 2340,UGC 3720,107.79458,50.17417,76.23,0.676,8,11.8,4.0,1.0,0,0.0
NGC 2344,UGC 3734,108.11792,47.16694,38.56,0.977,0,12.26,1.0,0.15,0,0.0
NGC 2268,UGC 3653,108.56542,84.38056,46.36,0.617,63,11.49,1.0,0.15,0,0.0
,ESO 428- 11,108.88,-29.35889,26.74,0.832,0,12.0,4.0,1.0,0,0.0
NGC 2397,ESO 58- 30,110.3375,-69.00194,39.3,0.479,123,11.93,1.0,0.3,0,0.0
NGC 2380,ESO 492- 12,110.98042,-27.52861,89.05,0.933,0,11.37,4.0,0.6,0,0.0
NGC 2336,UGC 3809,111.76875,80.17806,178.07,0.55,178,10.3,1.0,0.15,0,0.0
NGC 2276,UGC 3740,111.8025,85.75556,56.38,0.955,20,11.38,1.0,0.15,0,0.0
NGC 2366,UGC 3851,112.22667,69.21444,201.48,0.407,25,10.98,1.0,0.03,0,0.0
NGC 2417,ESO 123- 15,112.54875,-62.25139,56.38,0.692,81,12.29,1.0,0.15,0,0.0
NGC 2300,UGC 3798,113.08167,85.70889,101.07,0.724,0,11.17,4.0,0.6,0,0.0
,ESO 208- 21,113.48583,-50.44194,30.35,0.708,110,11.29,4.0,1.0,0,0.0
NGC 2434,ESO 59- 5,113.71458,-69.28361,32.52,0.933,0,11.43,4.0,1.0,0,0.0
NGC 2442,ESO 59- 8,114.09958,-69.53056,101.42,0.891,0,10.49,1.0,0.15,0,0.0
NGC 2427,ESO 208- 27,114.11667,-47.63472,71.26,0.417,122,11.78,1.0,0.03,0,0.0
NGC 2403,UGC 3918,114.22708,65.59944,201.82,0.562,127,8.38,1.0,0.08,0,0.0
NGC 2415,UGC 3930,114.23625,35.2425,6.44,1.0,0,12.23,1.0,0.03,0,0.0
NGC 2441,UGC 4036,117.97792,73.01611,26.16,0.871,0,12.25,1.0,0.3,0,0.0
NGC 2460,UGC 4097,119.22,60.35,38.9,0.759,40,11.97,1.0,0.5,0,2.64
NGC 2493,UGC 4150,120.09917,39.83028,60.9,1.0,0,12.1,4.0,0.6,0,0.0
NGC 2500,UGC 4165,120.47333,50.73833,32.53,0.912,0,11.65,1.0,0.08,0,0.92
NGC 2513,UGC 4184,120.60417,9.41278,36.49,0.813,170,11.69,4.0,1.0,0,0.0
NGC 2517,MCG -2-21- 3,120.69667,-12.31861,86.02,0.724,0,11.8,4.0,0.6,0,0.0
NGC 2525,MCG -2-21- 4,121.40875,-11.42806,40.84,0.661,0,11.71,1.0,0.15,0,0.0
NGC 2537,UGC 4274,123.31292,45.99139,26.39,0.851,0,11.77,1.0,0.03,0,0.6
NGC 2541,UGC 4284,123.66792,49.06222,87.82,0.501,165,11.71,1.0,0.08,0,1.7
NGC 2523,UGC 4271,123.74667,73.58028,58.36,0.617,57,11.88,1.0,0.15,0,0.0
NGC 2554,UGC 4312,124.47333,23.47111,84.84,0.741,0,12.0,1.0,0.6,0,0.0
NGC 2566,ESO 495- 3,124.69,-25.4975,67.34,0.676,110,11.08,1.0,0.3,0,0.0
IC 2311,ESO 495- 2,124.69042,-25.37056,23.83,0.912,0,11.6,4.0,1.0,0,0.0
NGC 2549,UGC 4313,124.74333,57.80306,28.75,0.331,177,11.29,4.0,0.6,0,0.0
Holmberg II,UGC 4305,124.775,70.71417,168.44,0.794,15,10.55,1.0,0.03,0,0.0
NGC 2552,UGC 4325,124.83458,50.0075,86.39,0.661,45,12.01,1.0,0.03,0,0.73
A 0820+22,UGC 4375,125.8,22.65,28.22,0.646,0,12.24,1.0,0.15,0,0.0
NGC 2595,UGC 4422,126.92375,21.47861,50.25,0.759,45,12.38,1.0,0.15,0,0.0
NGC 2613,ESO 495- 18,128.34417,-22.97333,121.84,0.245,113,10.41,1.0,0.3,1,0.0
NGC 2639,UGC 4544,130.90833,50.20667,25.45,0.603,140,11.81,1.0,0.5,0,0.0
NGC 2665,ESO 563- 19,131.50542,-19.30333,31.5,0.741,144,12.16,1.0,0.3,0,0.0
NGC 2633,UGC 4574,132.0275,74.09944,27.75,0.631,175,12.15,1.0,0.3,0,17.57
NGC 2634,UGC 4581,132.10458,73.9675,25.53,0.955,0,12.01,4.0,1.0,0,0.0
NGC 2654,UGC 4605,132.30208,60.22028,61.11,0.186,63,11.99,1.0,0.3,1,2.98
NGC 2672,UGC 4619,132.34292,19.075,21.73,0.955,0,11.8,4.0,1.0,0,0.0
NGC 2683,UGC 4641,133.17083,33.4175,102.4,0.234,44,9.89,1.0,0.3,1,1.15
NGC 2681,UGC 4645,133.38792,51.31472,88.61,0.912,0,10.19,1.0,0.6,0,13.01
IC 520,UGC 4630,133.42167,73.49056,45.0,0.794,0,11.8,1.0,0.3,0,0.0
NGC 2695,MCG 0-23- 10,133.61292,-3.0675,51.84,0.692,0,11.93,4.0,0.6,0,0.0
NGC 2685,UGC 4666,133.89667,58.73389,96.93,0.525,38,11.22,4.0,0.6,0,4.19
NGC 2655,UGC 4637,133.91125,78.22444,94.94,0.832,0,10.06,1.0,0.6,0,4.87
NGC 2708,MCG 0-23- 15,134.03333,-3.36083,46.27,0.501,25,12.05,1.0,0.3,0,0.0
NGC 2693,UGC 4674,134.2475,51.3475,24.38,0.692,160,11.94,4.0,1.0,0,0.0
NGC 2713,UGC 4691,134.33583,2.9225,36.69,0.417,107,11.97,1.0,0.3,0,0.0
NGC 2716,UGC 4692,134.40083,3.09056,136.34,0.794,30,11.8,4.0,0.6,0,0.0
NGC 2701,UGC 4695,134.77625,53.76944,37.68,0.741,23,12.18,1.0,0.15,0,1.57
NGC 2712,UGC 4708,134.88,44.91556,47.73,0.55,178,12.0,1.0,0.3,0,6.27
NGC 2749,UGC 4763,136.34,18.31444,36.91,0.832,0,11.81,4.0,1.0,0,0.0
NGC 2763,MCG -2-23- 10,136.70458,-15.49972,34.99,0.871,0,12.09,1.0,0.08,0,0.0
NGC 2742,UGC 4779,136.89208,60.47944,68.86,0.513,87,11.48,1.0,0.15,0,0.71
NGC 2715,UGC 4759,137.02958,78.08639,107.56,0.339,22,11.24,1.0,0.15,1,0.84
NGC 2770,UGC 4806,137.38875,33.12361,70.62,0.302,148,12.22,1.0,0.15,1,0.76
NGC 2775,UGC 4820,137.58542,7.03861,53.49,0.776,155,10.28,1.0,0.3,0,3.49
A 0908-08,MCG -1-24- 1,137.7,-8.9,75.51,0.24,0,11.16,1.0,0.3,1,0.0
NGC 2781,MCG -2-24- 2,137.865,-14.81694,40.92,0.501,85,11.63,4.0,0.6,0,0.0
NGC 2768,UGC 4821,137.90708,60.03944,88.54,0.525,95,9.94,4.0,1.0,0,4.08
NGC 2776,UGC 4838,138.0625,44.95556,40.37,0.891,0,11.59,1.0,0.15,0,1.85
NGC 2784,ESO 497- 23,138.07792,-24.17278,58.54,0.407,73,10.4,4.0,0.6,0,0.0
NGC 2732,UGC 4818,138.35417,79.18722,28.06,0.38,67,12.0,4.0,0.6,0,3.98
NGC 2748,UGC 4825,138.43625,76.47556,25.82,0.38,38,11.65,1.0,0.15,0,1.48
NGC 2782,UGC 4862,138.52292,40.11444,49.54,0.741,0,11.55,1.0,0.5,0,7.45
NGC 2811,MCG -3-24- 3,139.04708,-16.31306,35.06,0.347,25,11.48,1.0,0.5,1,0.0
NGC 2815,ESO 497- 32,139.08167,-23.63444,39.28,0.324,10,12.06,1.0,0.3,1,0.0
NGC 2835,ESO 564- 35,139.47083,-22.35556,115.11,0.661,8,10.46,1.0,0.15,0,0.0
IC 529,UGC 4888,139.63417,73.75861,42.03,0.457,145,12.07,1.0,0.08,0,1.62
NGC 2845,ESO 314- 10,139.65375,-38.01139,83.56,0.501,67,12.17,1.0,0.5,0,0.0
NGC 2787,UGC 4914,139.82875,69.20306,83.1,0.646,117,10.92,4.0,0.6,0,3.73
NGC 2832,MCG 6-21- 15,139.94375,33.75056,28.65,0.794,160,11.97,4.0,1.0,0,0.0
NGC 2848,MCG -3-24- 7,140.04042,-16.52611,63.99,0.617,40,11.8,1.0,0.15,0,0.0
NGC 2805,UGC 4936,140.085,64.10333,156.28,0.759,125,10.97,1.0,0.08,0,3.2
NGC 2855,MCG -2-24- 15,140.36458,-11.90972,39.13,0.891,0,11.73,1.0,0.6,0,0.0
NGC 2841,UGC 4966,140.5075,50.97528,127.07,0.437,147,9.34,1.0,0.3,0,3.84
NGC 2887,ESO 91- 9,140.85042,-63.81222,26.13,0.724,78,11.87,4.0,1.0,0,0.0
NGC 2865,ESO 498- 1,140.87833,-23.16333,14.53,0.741,0,11.67,4.0,1.0,0,0.0
NGC 2859,UGC 5001,141.07875,34.51278,91.12,0.891,85,10.93,4.0,0.6,0,5.5
NGC 2857,UGC 5000,141.15833,49.35556,55.73,0.891,0,12.35,1.0,0.15,0,0.0
NGC 2872,UGC 5018,141.42917,11.43222,18.93,0.871,22,11.96,4.0,1.0,0,0.0
NGC 2889,MCG -2-24- 26,141.8025,-11.64361,33.2,0.871,0,11.89,1.0,0.15,0,0.0
NGC 2880,UGC 5051,142.39625,62.49028,28.32,0.589,140,11.56,4.0,1.0,0,0.0
NGC 2902,MCG -2-24- 30,142.72083,-14.73611,46.2,0.832,0,11.31,4.0,0.6,0,0.0
NGC 2907,MCG -3-25- 2,142.9025,-16.73583,52.48,0.603,0,11.95,1.0,0.5,0,0.0
NGC 2903,UGC 5079,143.04042,21.50056,136.71,0.479,17,8.93,1.0,0.15,0,1.48
,ESO 373- 8,143.33667,-33.0325,61.43,0.151,89,12.25,1.0,0.08,1,0.0
NGC 2911,UGC 5092,143.44375,10.1525,158.35,0.776,140,11.6,4.0,0.6,0,0.0
NGC 2916,UGC 5103,143.73875,21.70583,42.49,0.676,20,11.99,1.0,0.3,0,0.0
NGC 2935,ESO 565- 23,144.18625,-21.12833,53.49,0.776,0,11.35,1.0,0.3,0,0.0
Holmberg I,UGC 5139,145.1,71.18333,123.44,0.813,0,12.45,1.0,0.03,0,0.0
NGC 2962,UGC 5167,145.225,5.16667,74.07,0.741,3,12.06,4.0,0.6,0,7.37
NGC 2967,UGC 5180,145.51583,0.33556,41.79,0.912,65,11.75,1.0,0.15,0,1.12
NGC 2974,MCG 0-25- 8,145.63875,-3.69972,31.78,0.589,40,10.97,4.0,1.0,0,3.82
NGC 2950,UGC 5176,145.65167,58.85222,49.5,0.661,145,10.94,4.0,0.6,0,0.0
NGC 2964,UGC 5183,145.72458,31.8475,38.07,0.55,97,11.24,1.0,0.15,0,1.3
NGC 2968,UGC 5190,145.8,31.92806,23.15,0.692,45,12.23,1.0,0.03,0,3.67
NGC 2983,ESO 566- 3,145.92,-20.47806,65.48,0.589,95,11.86,4.0,0.6,0,0.0
NGC 2986,ESO 566- 5,146.06792,-21.27833,38.65,0.871,105,10.82,4.0,1.0,0,6.08
NGC 2997,ESO 434- 35,146.41417,-31.19111,111.2,0.759,110,9.51,1.0,0.15,0,0.0
NGC 3001,ESO 434- 38,146.57958,-30.43833,30.63,0.676,6,11.97,1.0,0.15,0,0.0
NGC 2976,UGC 5221,146.815,67.91389,102.64,0.457,143,10.27,1.0,0.15,0,0.55
NGC 3003,UGC 5251,147.15,33.42167,89.08,0.234,79,11.58,1.0,0.15,1,2.44
NGC 3059,ESO 37- 7,147.53375,-73.92139,65.48,0.891,0,10.95,1.0,0.15,0,0.0
NGC 2985,UGC 5253,147.58708,72.27917,57.9,0.794,0,10.43,1.0,0.3,0,4.76
NGC 3038,ESO 374- 2,147.81625,-32.755,44.43,0.537,130,11.67,1.0,0.3,0,0.0
NGC 3041,UGC 5303,148.27917,16.67889,49.36,0.646,95,11.75,1.0,0.15,0,1.73
NGC 3044,UGC 5311,148.41583,1.57944,99.05,0.145,13,11.91,1.0,0.15,1,1.65
NGC 3052,ESO 566- 26,148.61667,-18.63944,39.46,0.646,102,12.23,1.0,0.15,0,0.0
NGC 3056,ESO 435- 7,148.6375,-28.29694,58.16,0.631,16,11.67,4.0,0.6,0,0.0
NGC 3055,UGC 5328,148.8225,4.27139,20.96,0.617,63,12.15,1.0,0.15,0,1.8
NGC 3031,UGC 5318,148.88958,69.06667,336.33,0.525,157,7.14,1.0,0.3,0,3.42
NGC 3027,UGC 5316,148.91458,72.20361,121.65,0.468,130,11.63,1.0,0.08,0,2.06
NGC 3034,UGC 5322,148.975,69.6825,137.47,0.38,65,8.75,1.0,0.03,0,2.44
NGC 3067,UGC 5351,149.59167,32.37,39.51,0.38,105,12.03,1.0,0.3,0,1.15
NGC 3078,ESO 499- 27,149.60208,-26.92611,24.95,0.832,177,11.24,4.0,1.0,0,0.0
NGC 3087,ESO 374- 15,149.78667,-34.225,20.28,0.832,0,10.68,4.0,1.0,0,0.0
Leo A,UGC 5364,149.825,30.73333,130.75,0.603,0,12.37,1.0,0.03,0,0.0
NGC 3081,ESO 499- 31,149.87375,-22.825,62.01,0.776,158,11.95,1.0,0.6,0,0.0
IC 2531,ESO 435- 25,149.98208,-29.61528,74.32,0.1,75,12.35,1.0,0.08,1,0.0
Sextans B,UGC 5373,149.99958,5.3325,111.29,0.692,110,11.3,1.0,0.03,0,1.0
NGC 3091,ESO 566- 41,150.05792,-19.63722,41.41,0.631,149,11.23,4.0,1.0,0,0.0
IC 2533,ESO 435- 27,150.13167,-31.24389,15.39,0.724,1,12.05,4.0,1.0,0,0.0
NGC 3100,ESO 435- 30,150.17167,-31.6625,110.73,0.513,154,11.1,4.0,0.6,0,0.0
NGC 3079,UGC 5387,150.4925,55.67861,109.71,0.182,165,10.99,1.0,0.08,1,6.16
NGC 3098,UGC 5397,150.5725,24.71028,18.54,0.269,90,11.99,4.0,0.6,0,2.54
NGC 3108,ESO 435- 32,150.62292,-31.67694,62.32,0.724,110,11.88,4.0,0.6,0,0.0
NGC 3109,ESO 499- 36,150.77792,-26.15889,258.69,0.195,93,9.84,1.0,0.03,1,0.0
NGC 3077,UGC 5398,150.83792,68.73389,67.06,0.832,45,10.06,1.0,0.03,0,3.15
IC 2537,ESO 499- 39,150.97,-27.57111,49.67,0.676,26,12.23,1.0,0.15,0,0.0
NGC 3115,MCG -1-26- 18,151.30875,-7.71861,55.22,0.339,40,8.97,4.0,1.0,0,5.65
NGC 3136,ESO 92- 8,151.45083,-67.3775,44.37,0.692,30,10.8,4.0,1.0,0,0.0
NGC 3124,ESO 567- 17,151.66542,-19.22139,47.44,0.851,165,12.11,1.0,0.15,0,0.0
Leo I,UGC 5470,152.11458,12.3075,172.63,0.759,80,10.28,4.0,1.0,0,0.0
IC 2554,ESO 92- 12,152.21417,-67.0275,50.46,0.417,175,11.76,1.0,0.15,0,0.0
NGC 3137,ESO 435- 47,152.28083,-29.06417,85.19,0.355,1,11.55,1.0,0.08,0,0.0
NGC 3145,MCG -2-26- 36,152.54167,-12.43389,48.75,0.513,0,11.79,1.0,0.15,0,0.0
NGC 3136B,ESO 92- 13,152.55542,-67.005,59.17,0.589,30,11.8,4.0,1.0,0,0.0
Sextans A,MCG -1-26- 30,152.75542,-4.71333,164.6,0.832,0,11.31,1.0,0.03,0,0.0
NGC 3162,UGC 5510,153.38333,22.73972,42.77,0.832,0,11.46,1.0,0.15,0,1.74
NGC 3166,UGC 5516,153.4375,3.42528,57.76,0.49,87,10.42,1.0,0.6,0,5.3
NGC 3158,UGC 5511,153.46167,38.76528,25.24,0.891,0,12.04,4.0,1.0,0,0.0
NGC 3169,UGC 5525,153.56,3.46889,114.81,0.631,45,10.33,1.0,0.5,0,6.58
NGC 3175,ESO 436- 3,153.67667,-28.87222,67.19,0.269,56,11.38,1.0,0.5,1,0.0
NGC 3147,UGC 5532,154.22167,73.40111,42.28,0.891,155,10.68,1.0,0.15,0,3.85
NGC 3185,UGC 5554,154.41125,21.68861,42.93,0.676,130,12.24,1.0,0.5,0,5.2
NGC 3190,UGC 5559,154.52375,21.83306,37.0,0.355,125,11.37,1.0,0.5,0,4.13
NGC 3184,UGC 5557,154.57208,41.42389,128.5,0.933,135,9.81,1.0,0.08,0,0.92
NGC 3193,UGC 5562,154.60417,21.895,28.32,0.891,0,10.93,4.0,1.0,0,5.39
NGC 3200,ESO 567- 45,154.65208,-17.9825,62.43,0.309,169,12.28,1.0,0.15,1,0.0
NGC 3198,UGC 5572,154.97875,45.5525,152.1,0.389,35,10.32,1.0,0.15,0,0.99
NGC 3223,ESO 375- 12,155.4,-34.26667,72.99,0.603,135,11.04,1.0,0.3,0,0.0
NGC 3224,ESO 375- 13,155.42292,-34.69583,19.59,0.813,133,11.1,4.0,1.0,0,0.0
NGC 3183,UGC 5582,155.46,74.17806,23.27,0.589,170,11.93,1.0,0.15,0,0.0
NGC 3226,UGC 5617,155.86417,19.89861,36.49,0.891,15,11.4,4.0,1.0,0,0.0
NGC 3227,UGC 5620,155.88125,19.86333,175.79,0.676,155,10.35,1.0,0.5,0,0.0
A 1020+71,UGC 5612,156.0,70.86667,78.78,0.661,165,12.05,1.0,0.03,0,0.0
NGC 3239,UGC 5637,156.27333,17.15972,46.39,0.661,0,11.18,1.0,0.03,0,0.0
NGC 3244,ESO 317- 24,156.37208,-39.82778,37.92,0.741,170,12.34,1.0,0.08,0,0.0
NGC 3250,ESO 317- 26,156.635,-39.94333,28.65,0.724,148,11.28,4.0,1.0,0,0.0
NGC 3245,UGC 5663,156.82625,28.50806,85.24,0.55,177,10.8,4.0,0.6,0,0.0
NGC 3256,ESO 263- 38,156.96458,-43.90556,25.71,0.562,100,11.6,1.0,0.03,0,0.0
IC 2574,UGC 5666,157.09375,68.41639,326.76,0.407,50,10.25,1.0,0.03,0,1.07
,ESO 436- 27,157.22417,-31.60944,14.71,0.501,0,11.7,4.0,0.6,0,0.0
NGC 3258,ESO 375- 37,157.22583,-35.60611,32.52,0.851,75,11.59,4.0,1.0,0,0.0
NGC 3263,ESO 263- 43,157.30708,-44.10472,58.6,0.275,97,11.95,1.0,0.08,1,0.0
NGC 3254,UGC 5685,157.33333,29.49111,72.76,0.316,46,11.66,1.0,0.15,1,4.79
NGC 3268,ESO 375- 45,157.5025,-35.325,42.38,0.724,71,11.6,4.0,1.0,0,0.0
NGC 3271,ESO 375- 48,157.61083,-35.35861,55.73,0.589,106,11.96,4.0,0.6,0,0.0
NGC 3275,ESO 375- 50,157.71583,-36.74028,32.6,0.759,0,11.05,1.0,0.3,0,0.0
,ESO 263- 48,157.79708,-46.25056,107.78,0.562,168,11.6,4.0,0.6,0,0.0
NGC 3281,ESO 375- 55,157.9675,-34.8575,56.93,0.501,140,11.95,1.0,0.3,0,0.0
NGC 3264,UGC 5719,158.08458,56.08333,26.38,0.427,177,11.95,1.0,0.03,0,1.43
NGC 3277,UGC 5731,158.23083,28.51194,32.23,0.891,0,11.75,1.0,0.3,0,5.83
NGC 3366,ESO 264- 7,158.78542,-43.69222,52.86,0.49,37,11.28,1.0,0.15,0,0.0
NGC 3294,UGC 5753,159.06708,37.32444,38.64,0.513,122,11.65,1.0,0.15,0,0.84
NGC 3308,ESO 501- 34,159.09292,-27.43778,34.44,0.759,32,12.04,4.0,1.0,0,0.0
NGC 3309,ESO 501- 36,159.15125,-27.51806,30.7,0.871,0,11.7,4.0,1.0,0,0.0
NGC 3311,ESO 501- 38,159.18042,-27.52806,36.91,0.832,0,11.75,4.0,1.0,0,0.0
NGC 3301,UGC 5767,159.23167,21.88278,31.68,0.288,52,11.41,1.0,0.6,0,6.12
NGC 3318,ESO 317- 52,159.31542,-41.62833,61.2,0.525,78,11.44,1.0,0.3,0,0.0
NGC 3313,ESO 501- 50,159.35667,-25.31833,99.6,0.813,55,11.46,1.0,0.3,0,0.0
,ESO 501- 51,159.37125,-26.31667,73.43,0.575,117,12.15,1.0,0.5,0,0.0
IC 2597,ESO 501- 58,159.44875,-27.08194,25.24,0.708,4,11.94,4.0,1.0,0,0.0
NGC 3310,UGC 5786,159.69208,53.50222,15.71,0.776,0,10.4,1.0,0.15,0,1.86
NGC 3319,UGC 5789,159.79167,41.68833,181.4,0.55,37,10.93,1.0,0.08,0,4.12
,ESO 376- 9,160.50833,-33.24528,1.61,0.275,127,11.93,4.0,0.6,0,0.0
NGC 3338,UGC 5826,160.53125,13.74778,82.43,0.617,100,11.09,1.0,0.15,0,1.67
NGC 3347,ESO 376- 13,160.69333,-36.35389,43.78,0.575,173,11.42,1.0,0.3,0,0.0
NGC 3344,UGC 5840,160.87833,24.92361,104.98,0.912,0,9.7,1.0,0.15,0,2.42
NGC 3358,ESO 376- 17,160.88958,-36.41083,108.6,0.562,141,11.39,1.0,0.6,0,0.0
NGC 3351,UGC 5850,160.99167,11.70417,104.29,0.676,13,9.78,1.0,0.3,0,5.47
NGC 3367,UGC 5880,161.64375,13.7525,41.79,0.871,0,11.5,1.0,0.15,0,0.0
NGC 3359,UGC 5873,161.65708,63.22278,126.21,0.603,170,10.48,1.0,0.15,0,2.61
NGC 3368,UGC 5882,161.68833,11.82111,118.37,0.692,5,9.36,1.0,0.3,0,4.79
NGC 3348,UGC 5875,161.79167,72.84083,26.43,0.977,0,11.27,4.0,1.0,0,0.0
NGC 3377,UGC 5899,161.92375,13.98333,45.41,0.575,35,10.34,4.0,1.0,0,0.0
NGC 3379,UGC 5902,161.95792,12.5825,37.34,0.891,0,9.34,4.0,1.0,0,0.0
NGC 3390,ESO 437- 62,162.01667,-31.5325,65.15,0.162,177,12.1,1.0,0.3,1,0.0
NGC 3384,UGC 5911,162.07167,12.63028,36.91,0.457,53,9.95,4.0,1.0,0,4.05
NGC 3389,UGC 5914,162.11625,12.53361,26.27,0.49,112,11.81,1.0,0.15,0,1.43
NGC 3395,UGC 5931,162.45625,32.98083,18.08,0.589,50,11.85,1.0,0.08,0,1.6
NGC 3411,MCG -2-28- 12,162.60917,-12.84556,28.0,1.0,0,12.0,4.0,1.0,0,0.0
NGC 3412,UGC 5952,162.72167,13.41278,85.61,0.562,155,10.55,4.0,0.6,0,0.0
NGC 3423,UGC 5962,162.80542,5.84194,41.58,0.851,10,11.04,1.0,0.08,0,1.86
NGC 3414,UGC 5959,162.81792,27.97583,66.78,0.724,0,11.06,4.0,0.6,0,5.96
NGC 3430,UGC 5982,163.04542,32.9525,49.96,0.562,30,11.65,1.0,0.15,0,1.21
NGC 3432,UGC 5986,163.13042,36.61889,132.48,0.219,38,11.12,1.0,0.03,1,1.46
NGC 3449,ESO 376- 25,163.22125,-32.92611,24.1,0.288,148,11.44,1.0,0.3,1,0.0
NGC 3445,UGC 6021,163.65208,56.99111,14.96,0.912,0,12.35,1.0,0.03,0,0.74
NGC 3448,UGC 6024,163.66292,54.30667,41.29,0.316,65,11.93,1.0,0.03,1,2.69
NGC 3464,ESO 569- 22,163.66875,-21.065,32.85,0.646,112,12.45,1.0,0.15,0,0.0
NGC 3489,UGC 6082,165.07583,13.90222,68.29,0.575,70,10.22,4.0,0.6,0,4.53
NGC 3486,UGC 6079,165.09833,28.97583,82.43,0.741,80,10.5,1.0,0.15,0,3.8
NGC 3495,UGC 6098,165.31583,3.62639,49.66,0.245,20,11.86,1.0,0.08,1,0.76
NGC 3504,UGC 6118,165.795,27.97361,38.75,0.776,0,11.07,1.0,0.3,0,12.52
NGC 3511,ESO 502- 13,165.84875,-23.08639,94.4,0.355,76,10.98,1.0,0.15,0,1.98
NGC 3507,UGC 6123,165.85667,18.1375,42.63,0.851,110,10.98,1.0,0.3,0,5.07
NGC 3513,ESO 502- 14,165.94042,-23.24472,56.38,0.794,75,11.38,1.0,0.15,0,1.43
NGC 3512,UGC 6128,166.01,28.03861,32.82,0.933,0,12.43,1.0,0.15,0,1.67
NGC 3521,UGC 6150,166.45375,-0.0375,84.83,0.468,163,9.08,1.0,0.15,0,2.49
NGC 3516,UGC 6153,166.69708,72.57,35.45,0.776,0,11.6,4.0,0.6,0,0.0
IC 2627,ESO 502- 21,167.47208,-23.72639,39.0,0.871,0,11.87,1.0,0.15,0,2.23
NGC 3557,ESO 377- 16,167.48958,-37.53806,35.25,0.724,30,10.51,4.0,1.0,0,0.0
NGC 3549,UGC 6215,167.73583,53.38778,32.85,0.363,38,12.23,1.0,0.15,0,0.83
NGC 3556,UGC 6225,167.8825,55.67083,191.91,0.257,80,10.14,1.0,0.08,1,1.61
NGC 3585,ESO 502- 25,168.32042,-26.75556,48.65,0.55,107,9.98,4.0,1.0,0,0.0
Leo II,UGC 6253,168.37208,22.15333,172.63,0.912,0,11.7,4.0,1.0,0,0.0
NGC 3593,UGC 6272,168.65042,12.81861,61.48,0.372,92,10.96,1.0,0.6,0,3.22
,ESO 377- 29,168.66167,-33.90583,3.38,0.398,128,11.78,4.0,0.6,0,0.0
NGC 3596,UGC 6277,168.77208,14.78806,58.42,0.955,0,11.4,1.0,0.15,0,2.5
NGC 3599,UGC 6281,168.86375,18.11278,73.22,0.794,0,11.92,4.0,0.6,0,12.63
NGC 3607,UGC 6297,169.22542,18.05333,123.58,0.501,120,9.92,4.0,0.6,0,0.0
NGC 3608,UGC 6299,169.24458,18.14917,37.34,0.813,75,10.8,4.0,1.0,0,5.92
NGC 3611,UGC 6305,169.37292,4.55472,36.73,0.813,0,12.02,1.0,0.5,0,3.36
NGC 3621,ESO 377- 37,169.57,-32.81361,91.48,0.575,159,9.73,1.0,0.08,0,0.0
NGC 3610,UGC 6319,169.60792,58.78722,16.68,0.851,0,10.8,4.0,1.0,0,0.0
NGC 3613,UGC 6323,169.65083,58.00139,39.55,0.479,102,10.92,4.0,1.0,0,0.0
NGC 3623,UGC 6328,169.73042,13.09306,139.77,0.295,174,9.5,1.0,0.5,1,1.69
NGC 3619,UGC 6330,169.84083,57.75972,74.92,0.871,0,11.6,4.0,0.6,0,12.21
NGC 3626,UGC 6343,170.01542,18.35833,84.07,0.724,157,10.88,4.0,0.6,0,10.53
NGC 3627,UGC 6346,170.0625,12.99139,113.24,0.457,173,8.9,1.0,0.3,0,2.85
NGC 3628,UGC 6350,170.06792,13.58944,124.75,0.2,104,9.53,1.0,0.3,1,1.95
NGC 3631,UGC 6360,170.26125,53.17139,61.44,0.955,0,10.46,1.0,0.15,0,5.63
NGC 3640,UGC 6368,170.27833,3.23556,36.07,0.794,100,10.46,4.0,1.0,0,0.0
NGC 3646,UGC 6376,170.43,20.17111,80.54,0.575,50,11.03,1.0,0.15,0,0.0
NGC 3642,UGC 6385,170.57667,59.07611,61.82,0.832,105,10.9,1.0,0.15,0,9.02
NGC 3655,UGC 6396,170.72792,16.59083,12.61,0.661,30,11.75,1.0,0.15,0,1.61
NGC 3666,UGC 6420,171.10708,11.34278,46.43,0.275,100,12.15,1.0,0.15,1,1.35
NGC 3665,UGC 6426,171.18042,38.76306,86.02,0.832,30,10.87,4.0,0.6,0,0.0
NGC 3672,MCG -2-29- 28,171.26,-9.79528,56.04,0.468,12,11.54,1.0,0.15,0,0.97
NGC 3675,UGC 6439,171.5325,43.585,67.09,0.525,178,10.25,1.0,0.3,0,2.72
NGC 3681,UGC 6445,171.62292,16.86417,23.33,0.794,0,11.15,1.0,0.15,0,3.52
NGC 3684,UGC 6453,171.79667,17.03028,31.59,0.692,130,11.25,1.0,0.15,0,1.68
NGC 3686,UGC 6460,171.93375,17.22361,48.54,0.776,15,11.14,1.0,0.15,0,1.01
NGC 3691,UGC 6464,172.03583,16.92083,12.8,0.741,15,11.85,1.0,0.3,0,0.53
NGC 3706,ESO 378- 6,172.43375,-36.3925,26.13,0.603,78,11.48,4.0,1.0,0,0.0
NGC 3705,UGC 6498,172.52833,9.27667,53.03,0.417,122,11.11,1.0,0.3,0,2.45
NGC 3717,ESO 439- 15,172.8825,-30.30778,67.01,0.186,33,11.49,1.0,0.3,1,0.0
,UGC 6510,172.8825,-2.30861,52.35,0.933,10,12.45,1.0,0.08,0,0.0
NGC 3718,UGC 6524,173.14875,53.06639,121.77,0.49,15,10.84,1.0,0.5,0,14.75
NGC 3726,UGC 6537,173.33708,47.0275,75.59,0.692,10,10.36,1.0,0.15,0,0.76
NGC 3729,UGC 6547,173.4575,53.12694,44.41,0.676,15,11.28,1.0,0.5,0,1.38
NGC 3732,MCG -2-30- 5,173.55833,-9.84583,21.75,0.955,82,11.6,1.0,0.6,0,0.0
NGC 3733,UGC 6554,173.7575,54.85222,79.25,0.457,170,12.38,1.0,0.08,0,2.01
NGC 3738,UGC 6565,173.95333,54.52278,23.05,0.759,155,11.58,1.0,0.03,0,1.39
NGC 3756,UGC 6579,174.20208,54.29611,45.63,0.501,177,11.36,1.0,0.15,0,0.69
NGC 3769,UGC 6595,174.4325,47.89444,25.25,0.316,152,11.8,1.0,0.3,1,1.24
NGC 3801,UGC 6635,175.06792,17.72833,116.04,0.603,120,12.06,4.0,0.6,0,0.0
,ESO 266- 15,175.23333,-44.48056,38.75,0.562,140,12.25,1.0,0.15,0,0.0
NGC 3810,UGC 6644,175.24375,11.47139,50.83,0.708,15,10.8,1.0,0.15,0,1.89
NGC 3811,UGC 6650,175.3175,47.69306,23.89,0.759,160,12.35,1.0,0.08,0,0.0
NGC 3813,UGC 6651,175.32583,36.54694,19.79,0.49,87,11.48,1.0,0.3,0,0.88
NGC 3818,MCG -1-30- 23,175.48917,-6.15583,28.65,0.603,100,11.77,4.0,1.0,0,0.0
NGC 3842,UGC 6704,176.00833,19.95028,44.37,0.724,5,11.88,4.0,1.0,0,0.0
NGC 3872,UGC 6738,176.45417,13.76611,22.76,0.631,0,11.84,4.0,1.0,0,0.0
NGC 3877,UGC 6745,176.53333,47.49417,95.45,0.234,35,11.24,1.0,0.15,1,0.72
NGC 3885,ESO 440- 7,176.69417,-27.92278,30.29,0.398,123,10.99,1.0,0.6,0,5.79
NGC 3887,MCG -3-30- 12,176.76958,-16.85444,93.56,0.759,20,10.66,1.0,0.15,0,1.4
,ESO 378- 20,176.81958,-37.55111,3.68,0.468,29,11.86,4.0,0.6,0,0.0
NGC 3888,UGC 6765,176.89042,55.97139,26.68,0.741,120,12.16,1.0,0.15,0,2.0
NGC 3893,UGC 6778,177.16292,48.71111,46.08,0.617,165,10.61,1.0,0.15,0,2.12
NGC 3894,UGC 6779,177.21417,59.41694,32.52,0.617,20,11.73,4.0,1.0,0,0.0
NGC 3900,UGC 6786,177.28708,27.02389,109.29,0.537,2,11.3,4.0,0.6,0,4.13
NGC 3904,ESO 440- 13,177.30542,-29.27639,28.65,0.724,8,10.93,4.0,1.0,0,5.72
NGC 3898,UGC 6787,177.31417,56.08389,51.62,0.589,107,10.85,1.0,0.3,0,6.87
NGC 3917,UGC 6815,177.68917,51.82583,107.62,0.245,77,11.96,1.0,0.08,1,0.72
NGC 3923,ESO 440- 17,177.75875,-28.80639,61.25,0.661,50,9.9,4.0,1.0,0,0.0
NGC 3938,UGC 6856,178.2075,44.12389,85.33,0.912,0,10.35,1.0,0.15,0,1.8
NGC 3941,UGC 6857,178.22958,36.98722,76.67,0.661,10,10.35,4.0,0.6,0,4.14
NGC 3945,UGC 6860,178.31125,60.67667,76.67,0.661,15,10.9,4.0,0.6,0,0.0
NGC 3949,UGC 6869,178.42292,47.85972,24.3,0.575,120,10.79,1.0,0.15,0,1.16
NGC 3953,UGC 6870,178.45625,52.3275,128.97,0.501,13,10.09,1.0,0.15,0,2.55
NGC 3955,ESO 504- 26,178.49125,-23.165,32.3,0.324,165,11.74,1.0,0.6,0,1.46
NGC 3962,MCG -2-30- 40,178.66583,-13.97306,37.77,0.871,10,10.72,4.0,1.0,0,6.06
NGC 3963,UGC 6884,178.74708,58.49361,33.08,0.912,0,11.75,1.0,0.15,0,0.0
NGC 3972,UGC 6904,178.94208,55.31861,39.07,0.275,120,12.23,1.0,0.15,1,1.05
A 1154+49,UGC 6930,179.32167,49.28556,82.04,0.631,0,12.1,1.0,0.08,0,1.65
NGC 3992,UGC 6937,179.40083,53.37528,136.81,0.617,68,9.85,1.0,0.15,0,5.57
NGC 3995,UGC 6944,179.435,32.29389,24.93,0.38,33,12.15,1.0,0.03,0,0.0
NGC 3998,UGC 6946,179.48583,55.45417,51.84,0.832,140,10.71,4.0,0.6,0,7.05
NGC 4008,UGC 6953,179.57167,28.19278,23.83,0.525,167,12.06,4.0,1.0,0,0.0
NGC 4024,ESO 572- 31,179.63125,-18.345,24.11,0.776,70,11.75,4.0,1.0,0,0.0
NGC 4013,UGC 6963,179.63208,43.94667,107.29,0.195,66,11.44,1.0,0.3,1,1.21
IC 749,UGC 6962,179.64,42.73611,27.83,0.813,150,12.37,1.0,0.08,0,0.68
NGC 4017,UGC 6967,179.68875,27.45417,17.84,0.776,0,12.25,1.0,0.15,0,0.0
IC 750,UGC 6973,179.71583,42.72222,27.58,0.447,43,12.19,1.0,0.3,0,1.59
NGC 4026,UGC 6985,179.85667,50.96194,18.38,0.245,178,10.77,4.0,0.6,0,0.0
NGC 4027,ESO 572- 37,179.87542,-19.26806,42.31,0.759,167,11.11,1.0,0.03,0,1.57
NGC 4032,UGC 6995,180.1375,20.07611,21.95,0.977,0,12.26,1.0,0.03,0,1.38
NGC 4033,ESO 572- 42,180.145,-17.84167,24.11,0.427,47,11.71,4.0,1.0,0,0.0
NGC 4036,UGC 7005,180.36375,61.89472,48.65,0.398,85,10.67,4.0,1.0,0,0.0
NGC 4041,UGC 7014,180.55,62.13917,26.86,0.933,0,11.13,1.0,0.15,0,1.96
NGC 4045,UGC 7021,180.675,1.97889,51.29,0.692,95,12.04,1.0,0.5,0,9.54
NGC 4051,UGC 7030,180.79,44.53139,119.15,0.741,135,10.08,1.0,0.15,0,0.0
NGC 4062,UGC 7045,181.01458,31.89472,40.16,0.427,100,11.35,1.0,0.15,0,0.72
NGC 4064,UGC 7054,181.045,18.44278,65.73,0.398,150,11.47,1.0,0.5,0,2.92
NGC 4073,UGC 7060,181.11042,1.89667,55.86,0.724,105,11.51,4.0,1.0,0,0.0
NGC 4085,UGC 7075,181.34542,50.35389,24.57,0.282,78,12.4,1.0,0.15,1,1.16
NGC 4088,UGC 7081,181.3975,50.54222,91.65,0.389,43,10.4,1.0,0.15,0,1.14
NGC 4096,UGC 7090,181.50417,47.47528,106.43,0.269,20,10.93,1.0,0.15,1,1.57
NGC 4100,UGC 7095,181.53542,49.58167,76.74,0.331,167,11.14,1.0,0.15,1,0.99
NGC 4102,UGC 7096,181.5975,52.71139,33.27,0.575,38,11.24,1.0,0.3,0,7.91
NGC 4105,ESO 440- 54,181.66958,-29.76167,40.01,0.741,151,10.7,4.0,1.0,0,6.65
NGC 4106,ESO 440- 56,181.68625,-29.76833,54.28,0.794,77,11.46,4.0,0.6,0,4.56
NGC 4111,UGC 7103,181.76125,43.06722,11.51,0.214,150,10.73,4.0,0.6,0,4.26
NGC 4116,UGC 7111,181.90167,2.6925,46.13,0.575,155,11.86,1.0,0.03,0,1.59
NGC 4125,UGC 7118,182.03,65.17278,78.91,0.55,95,9.75,4.0,1.0,0,0.0
NGC 4124,UGC 7117,182.03833,10.37917,56.05,0.331,114,11.28,4.0,0.6,0,0.0
NGC 4123,UGC 7116,182.04625,2.87778,119.15,0.741,135,11.43,1.0,0.15,0,0.0
NGC 4128,UGC 7120,182.13583,68.76778,8.57,0.331,58,12.03,4.0,0.6,0,0.0
NGC 4138,UGC 7139,182.37833,43.68778,65.26,0.661,150,11.26,4.0,0.6,0,2.94
NGC 4143,UGC 7142,182.4025,42.53639,105.83,0.631,144,10.75,4.0,0.6,0,0.0
NGC 4144,UGC 7151,182.4975,46.45722,98.65,0.219,104,11.5,1.0,0.08,1,1.38
NGC 4145,UGC 7154,182.50917,39.88111,133.02,0.724,100,11.23,1.0,0.08,0,2.07
NGC 4151,UGC 7166,182.6375,39.40778,21.79,0.708,50,10.75,1.0,0.3,0,5.43
NGC 4150,UGC 7165,182.63958,30.40167,58.16,0.692,147,11.54,4.0,0.6,0,0.0
NGC 4152,UGC 7169,182.65667,16.03361,24.89,0.776,115,12.11,1.0,0.15,0,1.89
NGC 4157,UGC 7183,182.77042,50.48611,67.27,0.2,66,11.4,1.0,0.3,1,1.13
NGC 4162,UGC 7193,182.96583,24.12333,30.98,0.603,174,12.12,1.0,0.15,0,1.53
NGC 4168,UGC 7203,183.06875,13.20667,31.41,0.832,0,11.21,4.0,1.0,0,0.0
NGC 4178,UGC 7215,183.19292,10.86361,53.08,0.355,30,11.35,1.0,0.03,0,1.55
NGC 4179,UGC 7214,183.2175,1.3,26.6,0.282,143,11.01,4.0,0.6,0,0.0
NGC 4183,UGC 7222,183.32333,43.69861,105.12,0.148,166,12.31,1.0,0.08,1,1.44
NGC 4189,UGC 7235,183.445,13.42667,24.38,0.724,85,11.96,1.0,0.08,0,0.74
NGC 4192,UGC 7231,183.45083,14.89528,167.39,0.282,155,10.2,1.0,0.3,1,17.48
NGC 4203,UGC 7256,183.77208,33.19806,21.0,0.933,10,10.9,4.0,1.0,0,8.31
NGC 4206,UGC 7260,183.81917,13.025,108.54,0.191,0,12.07,1.0,0.15,1,1.5
NGC 4212,UGC 7275,183.91292,13.90139,52.01,0.617,75,11.28,1.0,0.15,0,0.91
NGC 4214,UGC 7278,183.91458,36.3275,85.4,0.776,0,9.69,1.0,0.03,0,1.39
NGC 4217,UGC 7282,183.96208,47.09222,95.56,0.295,50,11.29,1.0,0.3,1,1.41
NGC 4216,UGC 7284,183.97125,13.14944,65.69,0.219,19,10.24,1.0,0.3,1,5.67
NGC 4215,UGC 7281,183.97792,6.40194,5.57,0.38,174,12.1,4.0,0.6,0,0.0
NGC 4220,UGC 7290,184.04917,47.88472,54.76,0.355,141,11.37,4.0,0.6,0,1.5
NGC 4219,ESO 267- 37,184.11667,-43.32444,51.58,0.295,36,11.96,1.0,0.15,1,0.0
NGC 4224,UGC 7292,184.14,7.46111,39.61,0.398,57,12.15,1.0,0.5,0,4.08
NGC 4236,UGC 7306,184.18083,69.46556,413.39,0.331,162,9.5,1.0,0.03,1,1.32
NGC 4233,UGC 7311,184.2775,7.62306,34.82,0.457,174,12.0,4.0,0.6,0,0.0
NGC 4235,UGC 7310,184.28708,7.19194,42.3,0.224,48,11.87,1.0,0.5,1,6.02
NGC 4237,UGC 7315,184.29458,15.32444,19.34,0.646,108,11.76,1.0,0.15,0,1.0
NGC 4241,UGC 7319,184.35583,6.69056,28.83,0.525,128,12.09,4.0,0.6,0,5.47
NGC 4244,UGC 7322,184.375,37.8075,253.05,0.115,48,10.33,1.0,0.08,1,0.68
NGC 4242,UGC 7323,184.37583,45.6225,119.25,0.759,25,10.82,1.0,0.03,0,1.18
NGC 4245,UGC 7328,184.40417,29.60944,61.3,0.759,0,11.41,1.0,0.6,0,4.54
NGC 4251,UGC 7338,184.53333,28.17556,38.68,0.407,100,10.68,4.0,0.6,0,0.0
NGC 4254,UGC 7345,184.70583,14.41861,67.78,0.871,0,9.89,1.0,0.15,0,1.99
NGC 4258,UGC 7353,184.74125,47.30444,205.18,0.389,150,8.35,1.0,0.15,0,2.45
NGC 4260,UGC 7361,184.84167,6.10028,35.99,0.501,58,11.95,1.0,0.5,0,2.95
NGC 4261,UGC 7360,184.845,5.82667,38.21,0.891,160,10.51,4.0,1.0,0,0.0
NGC 4262,UGC 7365,184.87792,14.87889,13.71,0.912,0,11.59,4.0,1.0,0,5.57
NGC 4267,UGC 7373,184.94042,12.79917,42.87,0.933,0,10.96,4.0,1.0,0,10.03
NGC 4274,UGC 7377,184.96208,29.615,77.19,0.372,102,10.59,1.0,0.3,0,3.94
NGC 4273,UGC 7380,184.98167,5.34667,34.36,0.646,10,11.84,1.0,0.15,0,2.3
NGC 4278,UGC 7386,185.03,29.27972,35.66,0.933,0,10.19,4.0,1.0,0,4.45
NGC 4291,UGC 7397,185.07583,75.3725,18.93,0.832,110,11.53,4.0,1.0,0,0.0
NGC 4283,UGC 7390,185.0875,29.31111,12.65,0.977,0,12.1,4.0,1.0,0,3.52
NGC 4281,UGC 7389,185.09042,5.38694,51.23,0.49,88,11.35,4.0,0.6,0,0.0
NGC 4293,UGC 7405,185.30417,18.38278,178.91,0.457,72,10.36,1.0,0.6,0,2.7
NGC 4294,UGC 7407,185.3225,11.51111,49.09,0.38,155,11.98,1.0,0.08,0,1.31
NGC 4298,UGC 7412,185.38625,14.60694,33.49,0.562,140,11.49,1.0,0.15,0,1.15
NGC 4299,UGC 7414,185.41917,11.50417,16.71,0.933,26,12.33,1.0,0.03,0,0.64
NGC 4302,UGC 7418,185.42708,14.60139,53.09,0.182,178,11.95,1.0,0.15,1,1.24
NGC 4303,UGC 7420,185.47792,4.47222,99.11,0.891,0,9.43,1.0,0.15,0,1.67
NGC 4307,UGC 7431,185.52167,9.04417,27.4,0.214,24,12.03,1.0,0.3,1,1.17
NGC 4312,UGC 7442,185.63125,15.53889,75.13,0.245,170,11.78,1.0,0.3,1,2.27
NGC 4314,UGC 7443,185.63417,29.89639,66.83,0.891,0,10.68,1.0,0.5,0,3.77
NGC 4313,UGC 7445,185.65875,11.80361,32.86,0.257,143,11.79,1.0,0.3,1,2.76
NGC 4321,UGC 7450,185.73,15.82306,127.68,0.851,30,9.3,1.0,0.15,0,3.6
NGC 4324,UGC 7451,185.77375,5.24972,40.65,0.447,53,11.61,4.0,0.6,0,2.78
NGC 4346,UGC 7463,185.86667,46.99417,12.61,0.38,99,11.24,4.0,0.6,0,4.95
NGC 4339,UGC 7461,185.89333,6.08194,32.89,0.955,0,11.36,4.0,1.0,0,0.0
NGC 4340,UGC 7467,185.89792,16.72472,116.04,0.794,102,11.2,4.0,0.6,0,0.0
NGC 4350,UGC 7473,185.9925,16.69278,44.36,0.479,28,11.04,4.0,0.6,0,0.0
NGC 4365,UGC 7488,186.11625,7.31833,58.5,0.724,40,9.62,4.0,1.0,0,0.0
NGC 4386,UGC 7491,186.12167,75.53028,58.97,0.55,135,11.77,4.0,0.6,0,0.0
NGC 4369,UGC 7489,186.14958,39.3825,30.55,0.977,0,11.58,1.0,0.5,0,2.76
NGC 4371,UGC 7493,186.23,11.70444,76.3,0.562,95,10.89,4.0,0.6,0,3.64
NGC 4374,UGC 7494,186.26542,12.8875,54.59,0.871,135,9.19,4.0,1.0,0,6.02
NGC 4377,UGC 7501,186.30208,14.76417,14.53,0.813,177,11.86,4.0,1.0,0,0.0
NGC 4379,UGC 7502,186.31167,15.6075,50.08,0.851,105,11.73,4.0,0.6,0,0.0
NGC 4378,UGC 7497,186.32292,4.92667,35.07,0.933,167,11.88,1.0,0.5,0,5.41
NGC 4373,ESO 322- 6,186.3275,-39.76028,94.32,0.724,43,11.0,4.0,0.6,0,0.0
NGC 4380,UGC 7503,186.3425,10.01583,45.58,0.55,153,11.91,1.0,0.3,0,2.09
NGC 4382,UGC 7508,186.35292,18.19083,169.68,0.776,0,9.1,4.0,0.6,0,0.0
NGC 4383,UGC 7507,186.35667,16.47,23.75,0.525,28,11.92,1.0,0.5,0,3.43
NGC 4389,UGC 7514,186.39625,45.68611,24.87,0.513,105,11.78,1.0,0.15,0,1.94
NGC 4373A,ESO 322- 8,186.40667,-39.32,18.85,0.324,149,11.7,4.0,0.6,0,0.0
NGC 4388,UGC 7520,186.44583,12.66167,85.63,0.229,92,11.01,1.0,0.3,1,0.0
NGC 4395,UGC 7524,186.45792,33.54611,193.39,0.832,147,10.09,1.0,0.03,0,1.63
NGC 4394,UGC 7523,186.48375,18.215,64.31,0.891,0,10.98,1.0,0.3,0,9.25
NGC 4402,UGC 7528,186.53292,13.11278,33.55,0.282,90,11.8,1.0,0.3,1,1.05
NGC 4406,UGC 7532,186.54917,12.94694,129.46,0.646,130,8.93,4.0,1.0,0,6.24
NGC 4414,UGC 7539,186.61458,31.22472,40.57,0.562,155,10.41,1.0,0.15,0,1.51
NGC 4413,UGC 7538,186.6325,12.60972,40.57,0.646,60,11.5,1.0,0.3,0,2.6
NGC 4411B,UGC 7546,186.69708,8.88389,48.3,1.0,0,12.36,1.0,0.08,0,1.79
NGC 4417,UGC 7542,186.71042,9.58389,32.46,0.389,49,11.1,4.0,0.6,0,0.0
NGC 4419,UGC 7551,186.73708,15.04778,41.84,0.339,133,11.33,1.0,0.5,1,2.54
NGC 4420,UGC 7549,186.74208,2.49417,17.97,0.479,8,12.17,1.0,0.15,0,0.65
NGC 4421,UGC 7554,186.76042,15.46194,94.94,0.759,20,11.57,1.0,0.6,0,0.0
NGC 4424,UGC 7561,186.79792,9.42083,67.92,0.501,95,11.59,1.0,0.5,0,3.14
NGC 4425,UGC 7562,186.80583,12.73583,39.08,0.339,27,11.83,4.0,0.6,0,0.0
NGC 4429,UGC 7568,186.86,11.10806,91.58,0.457,99,10.12,4.0,0.6,0,0.0
NGC 4430,UGC 7566,186.86042,6.26306,31.1,0.891,80,12.04,1.0,0.3,0,1.47
IC 3370,ESO 322- 14,186.90417,-39.33833,43.36,0.794,45,11.09,4.0,1.0,0,0.0
NGC 4435,UGC 7575,186.91917,13.08,66.78,0.724,13,10.84,4.0,0.6,0,0.0
A 1225+43,UGC 7577,186.92458,43.49389,83.18,0.562,130,12.29,1.0,0.03,0,0.73
NGC 4438,UGC 7574,186.93958,13.01,154.43,0.372,27,10.12,1.0,0.6,0,5.11
NGC 4440,UGC 7581,186.97208,12.29306,32.36,0.832,0,11.95,1.0,0.5,0,0.0
NGC 4442,UGC 7583,187.01542,9.805,50.27,0.389,87,10.48,4.0,0.6,0,3.47
NGC 4449,UGC 7592,187.0475,44.09444,59.08,0.708,45,9.44,1.0,0.03,0,1.84
NGC 4448,UGC 7591,187.065,28.62083,41.54,0.363,94,11.25,1.0,0.3,0,1.89
NGC 4450,UGC 7594,187.1225,17.08472,95.12,0.741,175,10.15,1.0,0.3,0,4.12
NGC 4452,UGC 7601,187.18083,11.75583,21.19,0.219,32,11.97,4.0,0.6,0,0.0
IC 3392,UGC 7602,187.18208,15.00139,21.76,0.427,40,12.24,1.0,0.3,0,1.47
NGC 4454,UGC 7606,187.21292,-1.94083,85.6,0.851,100,11.82,1.0,0.6,0,4.9
NGC 4458,UGC 7610,187.24083,13.24306,27.36,0.912,0,12.03,4.0,1.0,0,0.0
NGC 4457,UGC 7609,187.24708,3.57111,41.92,0.851,0,10.86,1.0,0.6,0,8.91
NGC 4459,UGC 7614,187.25042,13.97944,110.82,0.759,110,10.42,4.0,0.6,0,0.0
NGC 4461,UGC 7613,187.2625,13.18556,53.39,0.407,9,11.19,4.0,0.6,0,5.35
NGC 4462,ESO 506- 13,187.33833,-23.16639,39.51,0.38,124,12.04,1.0,0.3,0,3.3
NGC 4472,UGC 7629,187.44375,7.99944,115.38,0.813,155,8.47,4.0,1.0,0,4.49
NGC 4473,UGC 7631,187.45333,13.43028,34.84,0.562,100,10.26,4.0,1.0,0,0.0
NGC 4474,UGC 7634,187.4725,14.06833,73.22,0.603,80,11.48,4.0,0.6,0,0.0
NGC 4477,UGC 7638,187.51042,13.63639,108.3,0.912,15,10.48,4.0,0.6,0,0.0
NGC 4478,UGC 7645,187.5725,12.32889,14.53,0.851,140,11.46,4.0,1.0,0,0.0
NGC 4485,UGC 7648,187.63208,41.70028,20.58,0.708,15,11.77,1.0,0.03,0,0.9
NGC 4490,UGC 7651,187.65292,41.63972,80.8,0.49,125,9.67,1.0,0.08,0,1.0
NGC 4486,UGC 7654,187.70708,12.39,106.44,0.794,0,8.69,4.0,1.0,0,0.0
NGC 4489,UGC 7655,187.71792,16.75861,29.32,0.912,0,11.94,4.0,1.0,0,6.42
NGC 4494,UGC 7662,187.85125,25.77361,56.51,0.741,0,9.81,4.0,1.0,0,4.13
NGC 4496A,UGC 7668A,187.91375,3.93972,48.01,0.794,70,11.39,1.0,0.03,0,1.18
NGC 4498,UGC 7669,187.91625,16.85361,33.53,0.537,133,12.24,1.0,0.08,0,1.43
NGC 4501,UGC 7675,187.99833,14.42139,131.12,0.537,140,9.61,1.0,0.3,0,1.3
NGC 4503,UGC 7680,188.02667,11.17833,36.49,0.468,12,11.15,4.0,1.0,0,4.32
NGC 4517A,UGC 7685,188.11625,0.38972,96.93,0.661,30,12.39,1.0,0.03,0,1.41
NGC 4517,UGC 7694,188.19,0.11222,229.97,0.148,83,10.55,1.0,0.08,1,0.77
A 1230+31,UGC 7698,188.2,31.53333,133.8,0.692,0,12.45,1.0,0.03,0,0.0
NGC 4516,UGC 7703,188.2825,14.57583,32.36,0.562,0,12.01,1.0,0.3,0,0.0
NGC 4519,UGC 7709,188.37708,8.65444,37.81,0.776,145,11.79,1.0,0.08,0,2.07
NGC 4522,UGC 7711,188.41667,9.175,38.9,0.269,33,12.44,1.0,0.08,1,1.93
NGC 4526,UGC 7718,188.51208,7.70028,73.89,0.331,113,9.76,4.0,0.6,0,0.0
NGC 4528,UGC 7722,188.52667,11.3225,12.78,0.617,5,12.07,4.0,0.6,0,3.27
NGC 4527,UGC 7721,188.53667,2.65361,91.55,0.339,67,10.63,1.0,0.15,1,6.22
NGC 4531,UGC 7729,188.56708,13.07639,46.95,0.661,155,11.52,4.0,0.6,0,1.35
NGC 4532,UGC 7726,188.58083,6.47,23.59,0.389,160,11.75,1.0,0.03,0,1.09
NGC 4535,UGC 7727,188.58458,8.19806,150.01,0.708,0,10.04,1.0,0.15,0,1.15
NGC 4536,UGC 7732,188.61208,2.18861,131.81,0.427,130,10.41,1.0,0.15,0,16.55
NGC 4539,UGC 7735,188.64583,18.2025,40.01,0.407,95,12.13,1.0,0.5,0,2.04
NGC 4540,UGC 7742,188.7125,15.55278,17.67,0.776,40,11.89,1.0,0.08,0,1.04
NGC 4548,UGC 7753,188.85958,14.49694,115.68,0.794,150,10.21,1.0,0.3,0,4.78
NGC 4546,MCG -1-32- 27,188.87292,-3.79361,41.41,0.437,78,10.4,4.0,1.0,0,4.68
NGC 4550,UGC 7757,188.87875,12.22139,20.18,0.282,178,11.66,4.0,0.6,0,1.97
NGC 4507,ESO 322- 29,188.90458,-39.90861,41.04,0.794,0,12.17,1.0,0.3,0,0.0
NGC 4551,UGC 7759,188.90917,12.26556,14.69,0.794,70,12.07,4.0,1.0,0,0.0
NGC 4552,UGC 7760,188.91625,12.55694,30.7,0.912,0,9.83,4.0,1.0,0,0.0
NGC 4559,UGC 7766,188.99083,27.96,150.94,0.407,150,9.91,1.0,0.08,0,1.25
NGC 4561,UGC 7768,189.03583,19.32389,31.73,0.851,30,12.35,1.0,0.03,0,1.17
NGC 4565,UGC 7772,189.08583,25.98472,186.19,0.135,136,9.67,1.0,0.3,1,1.28
NGC 4564,UGC 7773,189.1125,11.43917,30.7,0.417,47,11.15,4.0,1.0,0,0.0
NGC 4567,UGC 7777,189.13667,11.25861,29.68,0.676,85,11.31,1.0,0.15,0,1.17
NGC 4568,UGC 7776,189.14458,11.2375,43.54,0.437,23,10.93,1.0,0.15,0,1.91
NGC 4569,UGC 7786,189.20875,13.16333,167.49,0.457,23,9.51,1.0,0.3,0,3.36
NGC 4570,UGC 7785,189.22208,7.24778,26.01,0.302,159,10.94,4.0,0.6,0,0.0
NGC 4571,UGC 7788,189.23625,14.2175,42.32,0.891,55,11.27,1.0,0.08,0,1.62
NGC 4589,UGC 7797,189.35667,74.19472,42.87,0.813,90,10.79,4.0,1.0,0,0.0
NGC 4578,UGC 7793,189.37792,9.55528,102.24,0.741,35,11.48,4.0,0.6,0,0.0
NGC 4579,UGC 7796,189.43417,11.81972,91.89,0.794,95,9.73,1.0,0.3,0,5.95
NGC 4580,UGC 7794,189.45167,5.36917,56.88,0.776,165,11.08,1.0,0.5,0,1.04
NGC 4586,UGC 7804,189.61708,4.31889,77.91,0.339,115,11.89,1.0,0.5,1,9.46
NGC 4595,UGC 7826,189.965,15.29861,19.0,0.646,110,12.16,1.0,0.3,0,1.1
NGC 4596,UGC 7828,189.98375,10.17583,120.12,0.741,135,10.45,4.0,0.6,0,5.26
NGC 4594,MCG -2-32- 20,189.9975,-11.62278,132.5,0.407,90,8.23,1.0,0.5,0,3.49
NGC 4605,UGC 7831,190.00125,61.60917,73.33,0.38,125,10.34,1.0,0.15,0,0.86
,ESO 322- 51,190.22458,-41.60611,29.32,0.288,52,11.79,4.0,1.0,0,0.0
NGC 4606,UGC 7839,190.24083,11.91139,48.1,0.501,33,11.92,1.0,0.5,0,2.9
NGC 4608,UGC 7842,190.30667,10.15639,44.66,0.832,0,11.07,4.0,0.6,0,0.0
NGC 4612,UGC 7850,190.38708,7.31528,19.58,0.794,145,11.0,4.0,0.6,0,0.0
NGC 4618,UGC 7853,190.3875,41.15083,61.86,0.813,25,10.67,1.0,0.03,0,1.49
NGC 4648,UGC 7868,190.43917,74.42167,10.43,0.741,70,12.06,4.0,1.0,0,0.0
NGC 4625,UGC 7861,190.47083,41.27417,24.28,0.871,0,12.37,1.0,0.03,0,1.56
NGC 4621,UGC 7858,190.51042,11.64694,48.65,0.692,165,9.67,4.0,1.0,0,0.0
NGC 4631,UGC 7865,190.53208,32.54111,288.0,0.174,86,9.2,1.0,0.08,1,2.34
NGC 4638,UGC 7880,190.69875,11.44306,22.5,0.617,125,11.23,4.0,1.0,0,0.0
NGC 4636,UGC 7878,190.7075,2.68806,100.49,0.776,150,9.53,4.0,1.0,0,5.98
NGC 4639,UGC 7884,190.71917,13.25833,40.37,0.676,123,11.49,1.0,0.15,0,2.87
NGC 4645A,ESO 322- 59,190.7725,-41.35889,4.5,0.275,33,11.3,4.0,0.6,0,0.0
NGC 4643,UGC 7895,190.83417,1.97806,44.92,0.741,48,10.82,1.0,0.6,0,3.91
NGC 4645B,ESO 322- 60,190.88125,-41.36194,54.72,0.38,154,11.2,4.0,0.6,0,0.0
NGC 4647,UGC 7896,190.885,11.58222,36.4,0.794,125,11.39,1.0,0.15,0,0.0
NGC 4649,UGC 7898,190.91792,11.54944,76.23,0.813,105,8.91,4.0,1.0,0,0.0
NGC 4651,UGC 7901,190.9275,16.39444,50.25,0.661,80,10.84,1.0,0.15,0,1.68
NGC 4653,UGC 7900,190.96208,-0.55944,45.87,0.871,30,12.19,1.0,0.08,0,1.44
NGC 4654,UGC 7902,190.98583,13.12583,77.86,0.575,128,10.55,1.0,0.08,0,1.56
NGC 4656,UGC 7907,190.99167,32.17167,216.9,0.195,33,10.41,1.0,0.03,1,1.72
A 1241-05,MCG -1-33- 1,191.0,-5.66667,61.86,0.813,47,12.26,1.0,0.03,0,0.0
,ESO 381- 12,191.02167,-34.20361,8.31,0.813,0,11.8,1.0,0.3,0,0.0
NGC 4645,ESO 322- 66,191.04083,-41.75028,21.98,0.617,52,11.98,4.0,1.0,0,0.0
NGC 4650,ESO 322- 67,191.08542,-40.73194,93.32,0.871,83,11.85,1.0,0.5,0,0.0
NGC 4660,UGC 7914,191.135,11.19083,14.19,0.741,100,11.26,4.0,1.0,0,0.0
NGC 4658,MCG -2-33- 1,191.1575,-10.08417,27.81,0.447,3,12.23,1.0,0.15,0,1.36
NGC 4665,UGC 7924,191.27583,3.05722,94.94,0.832,0,9.6,1.0,0.6,0,0.0
NGC 4666,UGC 7926,191.2875,-0.46056,60.22,0.282,42,10.94,1.0,0.15,1,1.71
A 1243-05,MCG -1-33- 3,191.42208,-6.06972,57.14,0.724,140,12.43,1.0,0.03,0,1.02
NGC 4696B,ESO 322- 81,191.83917,-41.23778,5.3,0.537,40,11.78,4.0,0.6,0,0.0
NGC 4689,UGC 7965,191.94083,13.76417,49.98,0.813,0,10.85,1.0,0.15,0,1.6
NGC 4691,MCG 0-33- 13,192.05625,-3.33306,54.01,0.813,85,10.76,1.0,0.6,0,2.34
NGC 4694,UGC 7969,192.06292,10.98528,86.5,0.479,140,11.16,4.0,0.6,0,3.46
NGC 4698,UGC 7970,192.09792,8.48778,56.01,0.617,170,10.71,1.0,0.3,0,3.64
NGC 4697,MCG -1-33- 10,192.14958,-5.80056,89.56,0.646,70,9.24,4.0,1.0,0,0.0
NGC 4699,MCG -1-33- 13,192.25958,-8.66444,49.35,0.692,45,9.66,1.0,0.3,0,4.68
NGC 4701,UGC 7975,192.29958,3.39028,35.08,0.776,45,12.25,1.0,0.08,0,1.59
NGC 4710,UGC 7980,192.4125,15.16528,32.43,0.24,27,11.01,4.0,0.6,0,2.43
NGC 4713,UGC 7985,192.49208,5.31083,43.04,0.631,100,11.64,1.0,0.08,0,0.98
NGC 4709,ESO 323- 3,192.51708,-41.38222,71.14,0.851,0,11.1,4.0,1.0,0,0.0
NGC 4725,UGC 7989,192.61208,25.50028,157.85,0.708,35,9.36,1.0,0.3,0,5.62
NGC 4736,UGC 7996,192.72333,41.11944,57.31,0.813,105,8.24,1.0,0.3,0,3.78
NGC 4731,MCG -1-33- 26,192.75458,-6.39139,94.93,0.49,95,11.35,1.0,0.08,0,2.15
NGC 4733,UGC 7997,192.77875,10.9125,49.79,0.347,0,11.8,4.0,1.0,0,2.35
,ESO 507- 25,192.88333,-26.45167,21.98,0.776,102,11.71,4.0,1.0,0,0.0
NGC 4747,UGC 8005,192.93875,25.77417,37.83,0.339,30,12.41,1.0,0.08,1,1.48
NGC 4742,MCG -2-33- 32,192.95042,-10.455,7.64,0.562,75,11.22,4.0,1.0,0,0.0
A 1249-41,ESO 323- 19,193.01542,-41.46,19.82,0.437,112,11.9,4.0,1.0,0,0.0
NGC 4754,UGC 8010,193.07375,11.31361,34.84,0.537,23,10.62,4.0,1.0,0,4.9
NGC 4753,UGC 8009,193.095,-1.19917,67.06,0.468,80,10.3,1.0,0.03,0,5.07
NGC 4751,ESO 323- 29,193.21458,-42.65972,36.91,0.38,175,10.9,4.0,1.0,0,0.0
NGC 4762,UGC 8016,193.23458,11.23,49.67,0.191,32,10.22,4.0,0.6,0,3.95
NGC 4760,MCG -2-33- 41,193.28042,-10.49444,41.41,0.955,0,10.5,4.0,1.0,0,0.0
NGC 4771,UGC 8020,193.34125,1.27056,37.47,0.214,133,12.37,1.0,0.08,1,0.77
NGC 4763,MCG -3-33- 13,193.36333,-17.00583,31.99,0.708,0,11.83,1.0,0.5,0,0.0
NGC 4772,UGC 8021,193.37125,2.16972,49.2,0.501,147,11.21,1.0,0.5,0,5.97
NGC 4767,ESO 323- 36,193.47208,-39.71444,35.66,0.468,0,11.61,4.0,1.0,0,0.0
NGC 4786,MCG -1-33- 46,193.63583,-6.85833,25.83,0.776,170,11.82,4.0,1.0,0,0.0
NGC 4800,UGC 8035,193.65833,46.53111,28.07,0.741,25,11.55,1.0,0.3,0,2.23
NGC 4793,UGC 8033,193.67125,28.9375,63.53,0.537,50,11.75,1.0,0.15,0,1.18
NGC 4795,UGC 8037,193.76333,8.06694,37.58,0.851,115,11.35,1.0,0.5,0,6.29
NGC 4814,UGC 8051,193.84,58.34806,49.48,0.741,135,12.05,1.0,0.3,0,1.72
IC 3896A,ESO 219- 8,193.87667,-50.07083,62.22,0.759,12,12.35,1.0,0.08,0,0.0
NGC 4808,UGC 8054,193.95667,4.30389,23.8,0.417,127,11.8,1.0,0.08,0,1.04
IC 3896,ESO 219- 12,194.18333,-50.34528,49.79,0.759,10,11.2,4.0,1.0,0,0.0
NGC 4826,UGC 8062,194.18458,21.68472,125.22,0.537,115,8.61,1.0,0.3,0,2.92
NGC 4818,MCG -1-33- 57,194.20375,-8.52556,74.03,0.355,0,11.25,1.0,0.3,0,15.41
NGC 4832,ESO 323- 51,194.44708,-39.76,48.38,0.661,25,11.3,4.0,0.6,0,0.0
NGC 4845,UGC 8078,194.50583,1.57528,70.71,0.263,89,11.35,1.0,0.3,1,11.49
NGC 4861,UGC 8098,194.76,34.86278,49.89,0.372,15,12.35,1.0,0.03,0,0.0
NGC 4856,MCG -2-33- 78,194.83875,-15.04222,39.86,0.275,35,10.59,1.0,0.6,0,4.18
NGC 4866,UGC 8102,194.86417,14.17083,33.97,0.214,87,11.24,4.0,0.6,0,3.99
NGC 4874,UGC 8103,194.89708,27.96,40.47,1.0,0,11.73,4.0,1.0,0,0.0
NGC 4889,UGC 8110,195.03458,27.9775,37.34,0.646,80,11.63,4.0,1.0,0,0.0
NGC 4900,UGC 8116,195.16417,2.50056,39.46,0.933,0,11.35,1.0,0.15,0,0.87
NGC 4914,UGC 8125,195.17833,37.31611,28.98,0.562,155,11.59,4.0,1.0,0,0.0
NGC 4904,UGC 8121,195.245,-0.0275,21.01,0.661,25,12.05,1.0,0.08,0,2.25
NGC 4902,MCG -2-33- 92,195.24875,-14.51361,68.91,0.891,0,10.86,1.0,0.3,0,3.57
,ESO 443- 24,195.25708,-32.43889,25.83,0.813,167,12.0,4.0,1.0,0,0.0
NGC 4915,MCG -1-33- 69,195.36708,-4.54667,11.67,0.832,0,12.05,4.0,1.0,0,0.0
NGC 4930,ESO 323- 74,196.01917,-41.41139,81.49,0.832,40,11.25,1.0,0.15,0,0.0
NGC 4941,MCG -1-33- 77,196.05458,-5.55194,77.21,0.537,15,11.15,1.0,0.3,0,0.0
NGC 4939,MCG -2-33-104,196.06083,-10.33917,73.78,0.513,10,11.15,1.0,0.15,0,0.0
NGC 4945,ESO 219- 24,196.35917,-49.47083,180.7,0.191,43,8.75,1.0,0.08,1,0.0
NGC 4958,MCG -1-33- 84,196.45375,-8.02056,26.21,0.309,15,10.7,4.0,0.6,0,3.77
IC 4182,UGC 8188,196.45583,37.60583,369.38,0.912,0,11.22,1.0,0.03,0,0.88
A 1304+67,UGC 8201,196.61208,67.70417,96.51,0.55,0,12.25,1.0,0.03,0,0.64
NGC 4976,ESO 219- 29,197.15958,-49.50472,50.95,0.525,161,10.14,4.0,1.0,0,0.0
NGC 4984,MCG -2-34- 4,197.23833,-15.51611,40.24,0.794,90,11.35,4.0,0.6,0,6.62
NGC 4995,MCG -1-34- 7,197.41958,-7.83361,42.98,0.661,95,11.25,1.0,0.3,0,1.49
NGC 5005,UGC 8256,197.73417,37.05806,66.96,0.479,65,9.86,1.0,0.15,0,3.96
NGC 5023,UGC 8286,198.05,44.03861,117.4,0.129,28,12.3,1.0,0.08,1,0.93
NGC 5011,ESO 269- 65,198.21625,-43.09667,25.83,0.851,154,11.51,4.0,1.0,0,0.0
NGC 5018,ESO 576- 10,198.25417,-19.52,26.43,0.741,112,10.79,4.0,1.0,0,5.06
,ESO 323- 93,198.31042,-42.28667,2.45,0.646,107,11.39,4.0,1.0,0,0.0
NGC 5033,UGC 8307,198.36667,36.59389,128.39,0.468,170,10.2,1.0,0.15,0,3.57
,ESO 219- 41,198.49167,-49.47972,58.49,0.309,80,12.15,1.0,0.3,1,0.0
A 1312+46,UGC 8320,198.61917,45.91944,101.91,0.38,150,12.15,1.0,0.03,0,0.94
NGC 5037,MCG -3-34- 29,198.74792,-16.59111,26.21,0.331,40,11.47,1.0,0.5,1,0.0
NGC 5055,UGC 8334,198.95542,42.035,153.46,0.575,105,8.56,1.0,0.15,0,0.0
NGC 5054,MCG -3-34- 39,199.24333,-16.63528,73.45,0.575,160,10.92,1.0,0.15,0,10.41
IC 4214,ESO 444- 5,199.43125,-32.10139,38.13,0.575,176,11.52,1.0,0.3,0,5.18
NGC 5061,ESO 508- 38,199.52042,-26.83611,28.32,0.851,0,10.38,4.0,1.0,0,0.0
NGC 5062,ESO 382- 35,199.5975,-35.45778,21.64,0.324,130,11.3,4.0,0.6,0,0.0
NGC 5068,ESO 576- 29,199.73042,-21.03917,83.93,0.871,110,10.15,1.0,0.08,0,1.37
,ESO 269- 80,199.75708,-47.2575,2.98,0.891,5,11.8,4.0,1.0,0,0.0
NGC 5077,MCG -2-34- 27,199.88208,-12.65722,25.83,0.776,0,11.48,4.0,1.0,0,0.0
NGC 5078,ESO 508- 48,199.96,-27.40889,66.92,0.49,148,11.25,1.0,0.5,0,2.67
NGC 5084,ESO 576- 33,200.07,-21.82694,59.03,0.186,80,10.73,4.0,0.6,0,6.7
NGC 5087,ESO 576- 35,200.10542,-20.61028,16.49,0.724,10,11.5,4.0,1.0,0,0.0
NGC 5090,ESO 270- 2,200.30625,-43.705,21.16,0.832,0,11.67,4.0,1.0,0,0.0
NGC 5101,ESO 508- 58,200.44458,-27.43139,81.75,0.851,0,10.73,1.0,0.6,0,5.64
NGC 5105,MCG -2-34- 39,200.45542,-13.20694,27.93,0.741,0,12.25,1.0,0.15,0,1.35
NGC 5112,UGC 8403,200.48625,38.7375,66.79,0.708,130,12.05,1.0,0.08,0,1.72
NGC 5102,ESO 382- 50,200.49083,-36.62972,41.89,0.324,48,9.45,4.0,1.0,0,0.0
NGC 5121,ESO 382- 57,201.19208,-37.68361,41.21,0.776,36,10.76,1.0,0.5,0,0.0
NGC 5134,ESO 576- 52,201.32917,-21.13333,56.66,0.603,155,11.39,1.0,0.3,0,3.41
NGC 5128,ESO 270- 9,201.37083,-43.01667,482.62,0.776,35,6.94,4.0,0.6,0,0.0
NGC 5135,ESO 444- 32,201.43542,-29.83306,21.29,0.708,0,12.13,1.0,0.3,0,0.0
NGC 5147,UGC 8443,201.58208,2.09972,24.07,0.813,120,11.74,1.0,0.03,0,0.73
NGC 5150,ESO 444- 43,201.90292,-29.56222,10.26,0.776,115,11.85,1.0,0.15,0,0.0
NGC 5153,ESO 444- 45,201.97792,-29.61889,30.35,0.676,175,11.93,4.0,1.0,0,0.0
NGC 5156,ESO 220- 13,202.18375,-48.91667,34.36,0.851,0,11.74,1.0,0.15,0,0.0
NGC 5161,ESO 383- 4,202.30875,-33.175,85.53,0.389,77,11.45,1.0,0.15,0,0.0
NGC 5172,UGC 8477,202.33083,17.05167,59.62,0.525,103,11.88,1.0,0.15,0,0.0
NGC 5204,UGC 8490,202.40167,58.41778,65.53,0.603,5,11.18,1.0,0.03,0,1.12
NGC 5170,ESO 576- 65,202.45417,-17.96639,164.56,0.123,127,11.51,1.0,0.15,1,2.62
NGC 5194,UGC 8493,202.47208,47.19667,180.35,0.617,163,8.21,1.0,0.15,0,3.87
NGC 5195,UGC 8494,202.49458,47.2725,65.53,0.794,79,9.9,1.0,0.03,0,0.0
NGC 5198,UGC 8499,202.54792,46.67111,27.68,0.851,0,11.79,4.0,1.0,0,0.0
NGC 5188,ESO 383- 9,202.86875,-34.79556,37.8,0.372,104,12.21,1.0,0.3,0,0.0
NGC 5193,ESO 383- 15,202.97333,-33.23528,27.68,0.933,0,11.58,4.0,1.0,0,0.0
IC 4296,ESO 383- 39,204.16208,-33.96639,42.38,0.955,0,10.71,4.0,1.0,0,0.0
NGC 5236,ESO 444- 81,204.25125,-29.86778,124.58,0.891,0,7.65,1.0,0.15,0,4.01
NGC 5248,UGC 8616,204.38292,8.88556,70.98,0.724,110,10.22,1.0,0.15,0,4.03
NGC 5247,ESO 577- 14,204.515,-17.88222,141.62,0.871,20,9.75,1.0,0.15,0,3.85
A 1335-09,MCG -2-35- 10,204.5425,-9.80167,44.82,0.851,0,12.2,1.0,0.03,0,1.0
NGC 5257,UGC 8641,204.97083,0.84139,17.07,0.525,61,12.12,1.0,0.3,0,0.0
NGC 5253,ESO 445- 4,204.98292,-31.64472,36.6,0.389,45,10.32,1.0,0.03,0,0.0
NGC 5258,UGC 8645,204.99167,0.83306,18.02,0.676,154,12.18,1.0,0.3,0,0.0
NGC 5264,ESO 445- 12,205.40417,-29.91389,54.51,0.603,0,12.05,1.0,0.03,0,0.83
NGC 5273,UGC 8675,205.535,35.65333,88.03,0.912,10,11.54,4.0,0.6,0,5.86
NGC 5297,UGC 8709,206.60083,43.87361,72.04,0.224,148,11.92,1.0,0.15,1,1.07
NGC 5308,UGC 8722,206.7525,60.97472,42.38,0.182,60,11.41,4.0,1.0,0,0.0
IC 4329,ESO 445- 46,207.27208,-30.29583,68.73,0.575,63,11.3,4.0,1.0,0,0.0
NGC 5322,UGC 8745,207.315,60.19139,41.41,0.661,95,10.24,4.0,1.0,0,0.0
NGC 5326,UGC 8764,207.71167,39.57472,27.47,0.501,137,12.15,1.0,0.5,0,6.19
,ESO 221- 10,207.7375,-49.05556,15.14,1.0,17,12.2,1.0,0.3,0,0.0
,ESO 384- 2,207.83042,-33.80861,78.35,0.55,125,11.95,1.0,0.03,0,0.0
NGC 5328,ESO 445- 67,208.22375,-28.48778,26.13,0.724,87,11.77,4.0,1.0,0,0.0
NGC 5350,UGC 8810,208.34,40.36333,45.0,0.724,40,11.4,1.0,0.3,0,1.4
NGC 5354,UGC 8814,208.36083,40.30444,51.84,0.912,0,11.43,4.0,0.6,0,8.96
NGC 5353,UGC 8813,208.36167,40.28417,41.87,0.501,145,11.06,4.0,0.6,0,3.2
NGC 5351,UGC 8809,208.36708,37.91444,38.87,0.525,100,12.23,1.0,0.3,0,0.0
NGC 5333,ESO 221- 17,208.60167,-48.51194,52.71,0.501,52,10.77,4.0,0.6,0,0.0
NGC 5371,UGC 8846,208.91917,40.46222,76.05,0.794,8,10.57,1.0,0.15,0,1.28
NGC 5357,ESO 445- 78,208.99792,-30.34111,24.11,0.851,23,12.06,4.0,1.0,0,0.0
NGC 5363,UGC 8847,209.02958,5.25528,45.86,0.646,135,10.5,1.0,0.03,0,5.62
NGC 5389,UGC 8866,209.03125,59.74389,29.55,0.275,3,11.98,1.0,0.6,0,0.0
NGC 5364,UGC 8853,209.05,5.01528,108.67,0.646,30,10.42,1.0,0.15,0,1.87
NGC 5377,UGC 8863,209.07,47.23806,75.5,0.562,20,11.49,1.0,0.5,0,5.87
NGC 5383,UGC 8875,209.27208,41.84556,58.65,0.851,85,11.3,1.0,0.3,0,4.05
,ESO 384- 19,209.41583,-34.21833,35.04,0.832,0,11.9,4.0,0.6,0,0.0
NGC 5365,ESO 271- 8,209.4625,-43.93,18.5,0.631,4,11.55,4.0,1.0,0,0.0
IC 4351,ESO 445- 84,209.47583,-29.315,52.51,0.155,17,11.88,1.0,0.3,1,2.6
NGC 5395,UGC 8900,209.65958,37.42556,82.73,0.537,167,11.35,1.0,0.3,0,0.0
NGC 5397,ESO 384- 31,210.2925,-33.94444,8.73,0.692,60,11.83,4.0,0.6,0,0.0
NGC 5448,UGC 8969,210.71042,49.17361,138.72,0.447,115,11.18,1.0,0.5,0,4.6
NGC 5457,UGC 8981,210.80208,54.34861,379.23,0.933,0,7.76,1.0,0.08,0,1.31
NGC 5444,UGC 8974,210.8525,35.13222,28.65,0.871,90,11.88,4.0,1.0,0,0.0
NGC 5426,MCG -1-36- 4,210.85417,-6.06944,47.93,0.55,10,12.13,1.0,0.15,0,3.07
NGC 5427,MCG -1-36- 3,210.85875,-6.03139,41.32,0.851,0,11.38,1.0,0.15,0,2.8
NGC 5419,ESO 384- 39,210.91083,-33.97806,48.65,0.794,0,11.0,4.0,1.0,0,0.0
NGC 5408,MCG -7-29- 6,211.09167,-41.37667,11.14,0.49,0,11.65,1.0,0.03,0,0.0
NGC 5473,UGC 9011,211.18167,54.89222,23.02,0.708,160,11.45,4.0,1.0,0,6.43
NGC 5474,UGC 9013,211.25875,53.66306,84.9,0.891,0,10.73,1.0,0.08,0,2.47
NGC 5468,MCG -1-36- 7,211.64542,-5.45361,27.79,0.912,0,12.45,1.0,0.08,0,4.24
NGC 5485,UGC 9033,211.79792,55.00222,88.03,0.832,170,11.41,4.0,0.6,0,0.0
,ESO 221- 26,212.09833,-47.97028,26.43,0.617,1,11.2,4.0,1.0,0,0.0
IC 983,UGC 9061,212.51958,17.73333,77.82,0.871,120,11.73,1.0,0.15,0,0.0
NGC 5493,MCG -1-36- 13,212.87292,-5.04444,42.13,0.794,120,11.37,4.0,0.6,0,0.0
Circinus,ESO 97- 13,213.29083,-65.33833,59.43,0.437,40,11.35,1.0,0.3,0,0.0
NGC 5506,MCG 0-36- 28,213.31208,-3.2075,61.34,0.302,95,12.04,1.0,0.5,1,0.0
NGC 5529,UGC 9127,213.89208,36.22667,169.37,0.135,115,12.2,1.0,0.15,1,1.12
NGC 5533,UGC 9133,214.03208,35.345,44.19,0.617,30,11.95,1.0,0.3,0,0.0
NGC 5532,UGC 9137,214.22,10.80667,63.77,1.0,0,11.98,4.0,0.6,0,0.0
NGC 5534,MCG -1-36- 14,214.41833,-7.4175,27.09,0.589,0,12.25,1.0,0.3,0,8.46
NGC 5557,UGC 9161,214.60917,36.49389,33.28,0.813,105,11.02,4.0,1.0,0,0.0
NGC 5585,UGC 9179,214.95167,56.73028,134.56,0.646,30,10.65,1.0,0.08,0,2.07
NGC 5566,UGC 9175,215.08542,3.93306,64.34,0.331,35,10.71,1.0,0.3,1,5.18
NGC 5582,UGC 9188,215.18125,39.69306,41.89,0.617,25,11.58,4.0,1.0,0,0.0
NGC 5576,UGC 9183,215.2675,3.27056,22.76,0.631,95,10.95,4.0,1.0,0,6.74
IC 4402,ESO 272- 5,215.30708,-46.29833,27.64,0.204,127,11.25,1.0,0.3,1,0.0
NGC 5600,UGC 9220,215.95667,14.63806,16.64,0.955,0,12.11,1.0,0.15,0,1.89
NGC 5614,UGC 9226,216.03417,34.8575,38.3,0.832,0,11.77,1.0,0.3,0,0.0
NGC 5595,MCG -3-37- 1,216.05583,-16.72306,35.53,0.55,50,12.01,1.0,0.15,0,1.45
NGC 5597,MCG -3-37- 2,216.11458,-16.76278,42.06,0.794,95,12.05,1.0,0.08,0,18.73
NGC 5605,MCG -2-37- 3,216.28167,-13.16306,38.12,0.832,85,12.36,1.0,0.15,0,0.0
NGC 5631,UGC 9261,216.63917,56.58333,51.84,1.0,0,11.51,4.0,0.6,0,6.35
NGC 5638,UGC 9308,217.41875,3.23444,29.66,0.891,150,11.24,4.0,1.0,0,0.0
NGC 5660,UGC 9325,217.45458,49.62278,30.63,0.891,90,11.85,1.0,0.15,0,1.81
NGC 5653,UGC 9318,217.54333,31.215,19.43,0.741,125,12.11,1.0,0.3,0,0.0
NGC 5645,UGC 9328,217.66375,7.27583,27.06,0.631,80,12.45,1.0,0.08,0,2.18
NGC 5673,UGC 9347,217.87875,49.95972,19.4,0.257,136,12.35,1.0,0.08,1,1.19
IC 4444,ESO 272- 14,217.91333,-43.41917,30.28,0.832,0,11.25,1.0,0.15,0,0.0
IC 1029,UGC 9361,218.11458,49.90389,16.23,0.195,152,11.45,1.0,0.3,1,7.48
NGC 5643,ESO 272- 16,218.1725,-44.17333,93.56,0.871,0,10.19,1.0,0.15,0,0.0
NGC 5676,UGC 9366,218.19583,49.4575,53.19,0.479,47,11.12,1.0,0.15,0,1.22
NGC 5668,UGC 9363,218.35375,4.45056,42.06,0.912,0,11.65,1.0,0.08,0,1.64
IC 4451,ESO 385- 46,218.65458,-36.28528,32.52,0.617,89,11.1,4.0,1.0,0,0.0
NGC 5687,UGC 9395,218.72208,54.47611,10.2,0.708,105,11.7,4.0,1.0,0,0.0
NGC 5689,UGC 9399,218.87375,48.74306,24.43,0.275,85,11.9,1.0,0.6,0,3.87
NGC 5670,ESO 272- 19,218.90292,-45.96611,40.12,0.427,74,12.05,4.0,0.6,0,0.0
NGC 5690,UGC 9416,219.4225,2.28806,29.73,0.295,143,11.95,1.0,0.15,1,1.28
IC 4464,ESO 385- 50,219.45542,-36.87778,24.06,0.389,61,11.69,4.0,0.6,0,0.0
NGC 5691,UGC 9420,219.47375,-0.39722,41.69,0.759,110,11.53,1.0,0.5,0,1.43
NGC 5701,UGC 9436,219.79667,5.36583,114.15,0.955,0,10.86,1.0,0.6,0,4.12
NGC 5688,ESO 272- 22,219.89667,-45.02,67.91,0.646,85,12.25,1.0,0.15,0,0.0
NGC 5713,UGC 9451,220.04833,-0.29056,38.56,0.891,10,11.09,1.0,0.15,0,2.35
NGC 5728,MCG -3-37- 5,220.60042,-17.25333,90.34,0.575,30,11.52,1.0,0.5,0,5.62
NGC 5740,UGC 9493,221.1025,1.67944,33.5,0.513,160,11.81,1.0,0.3,0,7.03
NGC 5746,UGC 9499,221.235,1.95444,148.56,0.178,170,10.54,1.0,0.3,1,1.32
NGC 5750,UGC 9512,221.54708,-0.22194,64.97,0.525,65,11.6,1.0,0.6,0,2.58
NGC 5756,MCG -2-38- 12,221.89083,-14.85389,35.82,0.447,40,11.59,1.0,0.15,0,4.07
NGC 5774,UGC 9576,223.42917,3.58194,41.94,0.813,145,12.19,1.0,0.08,0,2.31
NGC 5775,UGC 9579,223.49042,3.54444,35.3,0.24,146,11.69,1.0,0.15,1,0.94
NGC 5792,UGC 9631,224.595,-1.09,69.76,0.251,84,11.33,1.0,0.3,1,7.77
,ESO 273- 14,224.6075,-47.69972,78.99,0.724,0,12.35,1.0,0.03,0,0.0
NGC 5791,ESO 581- 7,224.69167,-19.2675,30.35,0.513,163,11.78,4.0,1.0,0,0.0
NGC 5796,MCG -3-38- 39,224.85042,-16.62417,22.24,0.724,0,11.8,4.0,1.0,0,0.0
NGC 5806,UGC 9645,225.0025,1.89111,34.51,0.513,170,11.65,1.0,0.3,0,5.54
NGC 5812,MCG -1-38- 16,225.2325,-7.45806,27.36,0.871,0,11.29,4.0,1.0,0,0.0
NGC 5813,UGC 9655,225.29667,1.70222,67.16,0.724,145,10.55,4.0,1.0,0,0.0
NGC 5831,UGC 9678,226.03,1.22083,26.74,0.912,55,11.55,4.0,1.0,0,0.0
NGC 5838,UGC 9692,226.36083,2.10028,38.21,0.355,43,11.02,4.0,1.0,0,0.0
NGC 5846,UGC 9706,226.6225,1.60694,64.88,0.933,0,10.15,4.0,1.0,0,4.13
NGC 5866,UGC 9723,226.62583,55.76278,91.29,0.417,128,9.84,4.0,0.6,0,0.0
NGC 5850,UGC 9715,226.78292,1.54639,123.95,0.871,140,10.79,1.0,0.3,0,8.23
NGC 5854,UGC 9726,226.95083,2.56917,20.81,0.288,55,11.81,4.0,0.6,0,3.18
NGC 5879,UGC 9753,227.44667,57.00167,45.55,0.324,0,11.47,1.0,0.15,1,2.34
NGC 5833,ESO 42- 3,227.97583,-72.85861,33.58,0.741,128,12.27,1.0,0.15,0,0.0
NGC 5878,MCG -2-39- 6,228.44083,-14.27083,66.76,0.417,0,11.65,1.0,0.3,0,7.08
,ESO 274- 1,228.55667,-46.8125,129.28,0.145,38,11.15,1.0,0.08,1,0.0
NGC 5899,UGC 9789,228.76417,42.04944,52.3,0.372,18,11.95,1.0,0.15,0,1.8
NGC 5885,MCG -2-39- 13,228.76708,-10.08639,52.07,0.871,0,11.75,1.0,0.15,0,1.45
NGC 5907,UGC 9801,228.97417,56.32944,329.99,0.11,155,10.57,1.0,0.15,1,1.16
NGC 5908,UGC 9805,229.18125,55.41111,48.61,0.38,154,12.04,1.0,0.3,0,0.0
NGC 5898,ESO 514- 2,229.55542,-24.09694,23.29,0.912,0,11.59,4.0,1.0,0,0.0
NGC 5903,ESO 514- 4,229.65125,-24.06833,44.89,0.776,168,11.3,4.0,1.0,0,0.0
NGC 5915,MCG -2-39- 19,230.38792,-13.09222,19.2,0.724,130,12.0,1.0,0.3,0,1.37
NGC 5921,UGC 9824,230.485,5.06972,73.47,0.813,130,10.74,1.0,0.15,0,14.97
NGC 5965,UGC 9914,233.50875,56.68611,110.46,0.141,53,11.85,1.0,0.3,1,0.0
NGC 5962,UGC 9926,234.13208,16.60889,42.28,0.708,110,11.43,1.0,0.15,0,2.38
NGC 5970,UGC 9943,234.62542,12.18583,37.68,0.676,88,11.69,1.0,0.15,0,1.91
NGC 5982,UGC 9961,234.6675,59.35611,27.36,0.759,110,11.14,4.0,1.0,0,0.0
NGC 5985,UGC 9969,234.9075,59.3325,94.99,0.537,13,11.12,1.0,0.3,0,0.9
NGC 5987,UGC 9971,234.9925,58.08222,51.95,0.316,165,11.97,1.0,0.3,1,0.0
NGC 5967,ESO 42- 10,237.06792,-75.67278,51.73,0.589,90,12.15,1.0,0.15,0,0.0
NGC 6015,UGC 10075,237.85625,62.31,79.95,0.398,28,11.14,1.0,0.08,0,0.98
NGC 6012,UGC 10083,238.55625,14.60222,51.67,0.724,168,11.94,1.0,0.3,0,1.16
NGC 6070,UGC 10230,242.49458,0.70944,55.73,0.525,62,11.9,1.0,0.08,0,1.71
NGC 6106,UGC 10328,244.69708,7.41194,37.2,0.55,140,12.29,1.0,0.15,0,1.26
NGC 6127,UGC 10345,244.79958,57.98417,21.24,1.0,0,12.1,4.0,1.0,0,0.0
NGC 6140,UGC 10359,245.23792,65.39167,96.36,0.724,95,11.26,1.0,0.08,0,1.89
NGC 6118,UGC 10350,245.45333,-2.28278,83.33,0.427,58,11.87,1.0,0.08,0,1.23
NGC 6166,UGC 10409,247.16,39.55111,55.86,0.724,35,11.88,4.0,1.0,0,0.0
NGC 6181,UGC 10439,248.08708,19.825,28.45,0.447,175,11.94,1.0,0.15,0,1.69
NGC 6217,UGC 10470,248.1675,78.19917,50.25,0.832,0,11.04,1.0,0.15,0,0.0
NGC 6207,UGC 10521,250.76833,36.83306,34.44,0.437,15,11.61,1.0,0.15,0,0.99
NGC 6239,UGC 10577,252.52292,42.74,32.65,0.447,118,12.19,1.0,0.3,0,1.72
NGC 6215,ESO 137- 46,252.77708,-58.99333,27.61,0.832,78,11.45,1.0,0.15,0,0.0
NGC 6221,ESO 138- 3,253.19458,-59.21639,91.43,0.692,5,10.11,1.0,0.15,0,0.0
IC 4618,ESO 43- 9,254.46417,-76.99222,44.78,0.759,118,12.17,1.0,0.15,0,0.0
NGC 6340,UGC 10762,257.6075,72.30611,99.42,0.912,120,10.97,1.0,0.6,0,7.78
NGC 6300,ESO 101- 25,259.24708,-62.81972,107.96,0.661,118,10.23,1.0,0.3,0,0.0
NGC 6412,UGC 10897,262.40208,75.705,47.99,0.871,0,11.73,1.0,0.15,0,1.58
NGC 6384,UGC 10891,263.1025,7.06056,138.39,0.661,30,10.39,1.0,0.15,0,0.0
NGC 6389,UGC 10893,263.16708,16.40333,53.84,0.661,130,12.07,1.0,0.15,0,0.0
NGC 6411,UGC 10916,263.88667,60.81444,32.15,0.794,70,11.89,4.0,1.0,0,0.0
IC 1265,UGC 10917,264.16542,42.08778,38.39,0.427,80,11.56,1.0,0.3,0,3.21
NGC 6407,ESO 139- 22,266.24042,-60.73944,50.66,0.759,60,11.44,4.0,0.6,0,0.0
IC 4662,ESO 102- 14,266.77667,-64.64028,30.27,0.589,105,11.19,1.0,0.03,0,0.0
NGC 6503,UGC 11012,267.36542,70.14472,72.72,0.339,123,10.36,1.0,0.08,1,0.74
NGC 6482,UGC 11009,267.95417,23.07222,6.1,0.851,70,11.45,4.0,1.0,0,0.0
NGC 6487,UGC 11022,268.17625,29.83806,44.89,0.891,0,12.0,4.0,1.0,0,0.0
NGC 6483,ESO 102- 20,269.87417,-63.66861,33.28,0.562,122,12.07,4.0,1.0,0,0.0
NGC 6492,ESO 102- 22,270.7,-66.42972,68.1,0.49,75,11.55,1.0,0.15,0,0.0
NGC 6548,UGC 11115,271.49625,18.58667,63.77,0.955,0,11.83,4.0,0.6,0,0.0
NGC 6555,UGC 11121,271.95458,17.60528,29.25,0.776,110,12.44,1.0,0.15,0,0.0
NGC 6574,UGC 11144,272.96125,14.98056,18.45,0.776,160,12.08,1.0,0.15,0,0.0
NGC 6643,UGC 11218,274.94292,74.57028,60.33,0.501,38,11.18,1.0,0.15,0,0.0
NGC 6438,ESO 10- 1,275.56542,-85.40111,8.58,0.851,0,11.2,4.0,0.6,0,0.0
NGC 6654,UGC 11238,276.03667,73.18306,48.69,0.794,0,12.1,1.0,0.6,0,0.0
NGC 6632,UGC 11226,276.26333,27.53472,47.7,0.468,155,12.19,1.0,0.15,0,0.0
IC 4710,ESO 103- 22,277.15917,-66.98167,51.33,0.776,5,11.95,1.0,0.03,0,0.0
IC 4712,ESO 71- 14,277.78083,-71.6925,44.2,0.525,60,12.42,1.0,0.15,0,0.0
IC 4721,ESO 140- 27,278.60375,-58.49778,92.4,0.282,146,11.83,1.0,0.08,1,0.0
NGC 6674,UGC 11308,279.64042,25.37722,46.77,0.562,143,12.25,1.0,0.3,0,0.0
IC 4731,ESO 103- 37,279.67958,-62.94278,37.98,0.49,82,11.62,4.0,0.6,0,0.0
NGC 6653,ESO 45- 13,281.16125,-73.26306,25.83,0.891,0,11.3,4.0,1.0,0,0.0
NGC 6673,ESO 140- 44,281.27917,-62.29667,23.56,0.427,26,11.67,4.0,1.0,0,0.0
,ESO 104- 7,281.8275,-63.36083,17.59,0.501,96,12.1,1.0,0.3,0,0.0
NGC 6703,UGC 11356,281.82917,45.55083,63.04,0.933,0,11.42,4.0,0.6,0,0.0
NGC 6684,ESO 104- 16,282.23958,-65.17389,113.4,0.661,35,10.41,4.0,0.6,0,0.0
NGC 6699,ESO 183- 21,283.01083,-57.31972,30.28,0.955,0,12.09,1.0,0.15,0,0.0
NGC 6708,ESO 183- 27,283.89792,-53.72389,22.3,0.741,167,11.95,1.0,0.3,0,0.0
IC 4797,ESO 183- 29,284.12208,-54.30611,28.65,0.437,146,11.4,4.0,1.0,0,0.0
A 1852-54,ESO 183- 30,284.23375,-54.54722,44.63,0.741,16,11.75,4.0,0.6,0,0.0
IC 4800,ESO 104- 25,284.67917,-63.13889,45.28,0.575,164,12.04,1.0,0.5,0,0.0
IC 4808,ESO 282- 3,285.28,-45.31389,48.97,0.427,45,12.37,1.0,0.15,0,0.0
NGC 6725,ESO 183- 36,285.48458,-53.86472,18.03,0.219,40,11.29,4.0,0.6,0,0.0
,ESO 337- 10,286.49792,-42.36639,24.17,0.871,42,11.7,1.0,0.3,0,0.0
NGC 6730,ESO 72- 9,286.88958,-68.91056,16.68,0.851,0,11.31,4.0,1.0,0,0.0
NGC 6764,UGC 11407,287.06958,50.93167,64.31,0.562,62,11.81,1.0,0.15,0,0.0
NGC 6744,ESO 104- 42,287.43917,-63.85611,302.62,0.646,15,8.39,1.0,0.15,0,0.0
NGC 6746,ESO 141- 29,287.59167,-61.97028,26.43,0.646,173,11.7,4.0,1.0,0,0.0
NGC 6753,ESO 184- 22,287.8475,-57.04889,34.93,0.871,30,11.22,1.0,0.3,0,0.0
NGC 6754,ESO 231- 25,287.85708,-50.64194,49.52,0.49,80,12.14,1.0,0.3,0,0.0
NGC 6758,ESO 184- 37,288.46792,-56.30917,23.02,0.776,121,11.75,4.0,1.0,0,0.0
IC 4831,ESO 141- 38,288.68292,-62.27167,28.15,0.263,111,11.55,1.0,0.3,1,0.0
NGC 6769,ESO 141- 48,289.59458,-60.50083,52.27,0.646,123,11.8,1.0,0.3,0,0.0
NGC 6770,ESO 141- 49,289.65667,-60.49722,33.36,0.724,20,12.08,1.0,0.3,0,0.0
IC 4845,ESO 141- 54,290.095,-60.39028,17.71,0.851,87,11.59,1.0,0.3,0,0.0
NGC 6782,ESO 142- 1,290.98833,-59.92278,47.86,0.661,45,11.09,1.0,0.5,0,0.0
A 1930+54,UGC 11453,292.78458,54.10306,83.8,0.759,80,12.15,1.0,0.3,0,0.0
,ESO 105- 4,293.10458,-64.41333,16.11,0.794,136,11.83,4.0,1.0,0,0.0
,ESO 142- 19,293.325,-58.11389,89.3,0.166,160,11.07,1.0,0.3,1,0.0
NGC 6814,MCG -2-50- 1,295.66958,-10.32361,48.54,0.933,0,11.31,1.0,0.15,0,0.0
NGC 6810,ESO 142- 35,295.8925,-58.65583,37.47,0.282,176,11.62,1.0,0.3,1,0.0
NGC 6824,UGC 11470,295.92125,56.11083,19.65,0.692,60,12.25,1.0,0.3,0,0.0
NGC 6808,ESO 73- 3,295.97625,-70.63278,26.02,0.501,40,11.71,1.0,0.3,0,0.0
,ESO 232- 21,296.15417,-51.60278,31.34,0.182,62,12.1,4.0,0.6,0,0.0
NGC 6822,MCG -2-50- 6,296.24125,-14.80306,230.37,0.871,0,8.76,1.0,0.03,0,0.0
IC 4889,ESO 185- 14,296.31625,-54.34361,29.32,0.575,0,11.16,4.0,1.0,0,0.0
IC 4906,ESO 142- 57,299.19833,-60.46806,58.97,0.55,69,11.6,4.0,0.6,0,0.0
IC 4931,ESO 339- 23,300.20917,-38.575,29.66,0.813,0,12.06,4.0,1.0,0,0.0
NGC 6848,ESO 185- 52,300.69583,-56.08833,45.38,0.417,157,11.33,1.0,0.5,0,0.0
,ESO 185- 54,300.86417,-55.9475,31.78,0.676,122,10.4,4.0,1.0,0,0.0
IC 4933,ESO 185- 55,300.87208,-54.97917,41.32,0.851,0,12.38,1.0,0.15,0,0.0
NGC 6851,ESO 233- 21,300.89,-48.28389,19.82,0.724,160,11.79,4.0,1.0,0,0.0
NGC 6849,ESO 339- 32,301.56792,-40.19778,48.65,0.603,18,12.1,4.0,1.0,0,0.0
NGC 6861,ESO 233- 32,301.83,-48.37,21.98,0.646,140,11.22,4.0,1.0,0,0.0
NGC 6868,ESO 233- 39,302.47417,-48.37917,37.77,0.794,86,10.76,4.0,1.0,0,0.0
,ESO 284- 41,304.07625,-44.30083,9.35,0.562,0,12.45,1.0,0.03,0,0.0
NGC 6872,ESO 73- 32,304.23375,-70.76778,45.92,0.288,66,11.94,1.0,0.3,1,0.0
NGC 6887,ESO 186- 27,304.32125,-52.79667,60.99,0.38,102,12.07,1.0,0.15,0,1.09
IC 4991,ESO 340- 11,304.59625,-41.05028,113.4,0.692,145,10.66,4.0,0.6,0,0.0
NGC 6893,ESO 234- 6,305.20625,-48.23944,51.84,0.661,10,11.89,4.0,0.6,0,0.0
,ESO 186- 36,305.32875,-53.76417,32.44,0.282,18,11.8,1.0,0.5,1,0.0
,ESO 462- 15,305.80625,-27.71361,24.11,0.776,166,12.05,4.0,1.0,0,0.0
IC 4946,ESO 285- 7,305.98917,-43.99639,44.4,0.417,68,11.71,1.0,0.6,0,0.0
,ESO 234- 21,306.08333,-49.68444,68.33,0.724,165,11.79,4.0,0.6,0,0.0
NGC 6902,ESO 285- 8,306.11583,-43.6525,97.97,0.692,153,10.89,1.0,0.15,0,4.76
NGC 6907,ESO 528- 3,306.2775,-24.80833,47.44,0.813,46,11.15,1.0,0.15,0,0.0
NGC 6909,ESO 285- 12,306.91125,-47.02611,37.34,0.49,68,11.71,4.0,1.0,0,0.0
NGC 6923,ESO 462- 29,307.91083,-30.83361,47.29,0.49,78,11.93,1.0,0.3,0,9.32
NGC 6925,ESO 463- 4,308.58708,-31.98056,55.38,0.275,5,11.32,1.0,0.15,1,3.46
NGC 6946,UGC 11597,308.71667,60.15417,208.4,0.851,0,9.06,1.0,0.08,0,0.0
NGC 6951,UGC 11604,309.31333,66.10611,115.11,0.832,170,10.89,1.0,0.15,0,0.0
NGC 6935,ESO 234- 59,309.58167,-52.10944,35.34,0.851,0,12.05,1.0,0.3,0,0.0
IC 5041,ESO 463- 21,310.89125,-29.70444,26.72,0.575,28,12.03,1.0,0.08,0,1.51
NGC 6920,ESO 26- 4,310.98583,-80.00083,30.17,0.851,0,11.45,4.0,0.6,0,0.0
NGC 6943,ESO 74- 6,311.1375,-68.74722,60.76,0.501,130,11.5,1.0,0.08,0,0.0
NGC 6962,UGC 11628,311.82917,0.32139,31.14,0.794,75,12.25,1.0,0.3,0,0.0
NGC 6958,ESO 341- 15,312.17875,-37.99611,22.24,0.794,107,11.43,4.0,1.0,0,0.0
IC 5063,ESO 187- 23,313.00875,-57.07,89.05,0.676,116,11.99,4.0,0.6,0,0.0
IC 5052,ESO 74- 15,313.02625,-69.20389,206.54,0.132,143,10.61,1.0,0.08,1,0.0
,ESO 107- 4,315.87083,-67.18028,21.73,0.832,136,11.98,4.0,1.0,0,0.0
NGC 7013,UGC 11670,315.88833,29.89639,46.21,0.355,157,11.5,1.0,0.6,0,0.0
NGC 7007,ESO 187- 48,316.36542,-52.55167,19.82,0.603,2,12.04,4.0,1.0,0,0.0
,ESO 235- 55,316.47875,-48.20639,55.73,0.813,0,12.15,1.0,0.15,0,0.0
IC 5084,ESO 107- 7,317.30875,-63.29028,34.53,0.617,137,11.85,1.0,0.3,0,0.0
NGC 7020,ESO 107- 13,317.83417,-64.02528,104.6,0.49,165,11.88,4.0,0.6,0,0.0
NGC 7029,ESO 235- 72,317.96833,-49.28278,28.65,0.55,71,11.45,4.0,1.0,0,0.0
NGC 7041,ESO 235- 82,319.13583,-48.36417,52.17,0.407,85,11.19,4.0,0.6,0,0.0
,ESO 342- 26,319.19167,-42.26056,54.02,0.562,113,12.06,4.0,0.6,0,0.0
,ESO 342- 27,319.22917,-42.25861,88.03,0.724,52,11.4,4.0,0.6,0,0.0
NGC 7049,ESO 236- 1,319.75125,-48.56389,80.28,0.692,57,10.82,4.0,0.6,0,0.0
IC 5105,ESO 342- 39,321.0925,-40.53639,32.89,0.603,40,11.72,4.0,1.0,0,0.0
NGC 7057,ESO 287- 17,321.24417,-42.46083,21.0,0.676,132,11.7,4.0,1.0,0,0.0
NGC 7059,ESO 145- 5,321.83958,-60.01417,63.94,0.479,98,11.8,1.0,0.15,0,2.63
A 2125-38,ESO 342- 50,322.06333,-37.86167,54.07,0.537,19,12.33,1.0,0.15,0,1.18
NGC 7070,ESO 287- 28,322.60542,-43.08667,41.58,0.776,0,12.25,1.0,0.08,0,1.42
NGC 7079,ESO 287- 36,323.14625,-44.06667,69.12,0.617,82,11.56,4.0,0.6,0,4.74
NGC 7083,ESO 107- 36,323.93958,-63.90472,57.69,0.603,5,11.12,1.0,0.15,0,0.0
NGC 7090,ESO 188- 12,324.11917,-54.5575,150.04,0.17,127,10.78,1.0,0.15,1,1.35
NGC 7097,ESO 287- 48,325.05583,-42.53972,21.98,0.676,20,11.71,4.0,1.0,0,0.0
NGC 7096,ESO 107- 46,325.3325,-63.91056,38.9,0.871,130,12.07,1.0,0.5,0,0.0
NGC 7098,ESO 48- 5,326.06917,-75.1125,110.92,0.646,74,11.48,1.0,0.5,0,8.66
NGC 7125,ESO 145- 17,327.31792,-60.71194,87.32,0.692,110,12.25,1.0,0.15,0,0.0
NGC 7126,ESO 145- 18,327.325,-60.60861,39.02,0.457,80,12.32,1.0,0.15,0,0.0
NGC 7135,ESO 403- 35,327.43208,-34.87833,38.65,0.661,47,11.81,4.0,1.0,0,0.0
NGC 7123,ESO 75- 27,327.69542,-70.33444,45.64,0.479,146,11.47,1.0,0.5,0,0.0
NGC 7141,ESO 189- 7,328.06333,-55.56972,70.98,0.724,18,11.45,1.0,0.15,0,15.29
NGC 7144,ESO 237- 11,328.17875,-48.25444,32.52,0.977,0,10.8,4.0,1.0,0,0.0
NGC 7145,ESO 237- 13,328.33417,-47.8825,30.0,0.955,0,11.14,4.0,1.0,0,0.0
NGC 7154,ESO 404- 8,328.83833,-34.81444,31.36,0.759,102,12.31,1.0,0.03,0,2.08
NGC 7166,ESO 288- 27,330.13667,-43.38944,19.15,0.372,14,11.95,4.0,1.0,0,0.0
NGC 7177,UGC 11872,330.17375,17.73806,37.0,0.646,90,11.26,1.0,0.3,0,0.0
NGC 7171,MCG -2-56- 5,330.25833,-13.26944,62.06,0.589,125,12.13,1.0,0.3,0,1.14
NGC 7172,ESO 466- 38,330.50667,-31.86861,52.48,0.562,100,12.1,1.0,0.3,0,0.0
NGC 7173,ESO 466- 39,330.51542,-31.97361,16.3,0.741,143,12.05,4.0,1.0,0,0.0
NGC 7168,ESO 237- 26,330.53,-51.74194,21.0,0.741,68,11.96,4.0,1.0,0,0.0
NGC 7176,ESO 466- 41,330.53625,-31.99028,1.4,0.724,0,11.44,4.0,1.0,0,0.0
NGC 7184,ESO 601- 9,330.66583,-20.81278,135.55,0.245,62,11.1,1.0,0.15,1,1.86
IC 5156,ESO 404- 25,330.81083,-33.8375,30.79,0.363,175,12.2,1.0,0.3,0,1.66
IC 5157,ESO 404- 26,330.86208,-34.94111,21.73,0.912,0,11.8,4.0,1.0,0,0.0
NGC 7196,ESO 237- 36,331.47792,-50.11972,22.5,0.741,53,11.5,4.0,1.0,0,0.0
NGC 7192,ESO 108- 12,331.70833,-64.31583,29.32,0.955,0,11.29,4.0,1.0,0,0.0
NGC 7217,UGC 11914,331.9675,31.35972,66.57,0.832,95,10.27,1.0,0.3,0,0.0
NGC 7205,ESO 146- 9,332.14042,-57.44306,65.03,0.49,73,10.8,1.0,0.15,0,1.18
NGC 7213,ESO 288- 43,332.32042,-47.16611,60.95,0.891,0,10.26,1.0,0.5,0,8.01
NGC 7221,ESO 467- 18,332.80917,-30.56306,34.36,0.776,10,12.05,1.0,0.15,0,0.0
IC 5181,ESO 289- 1,333.33917,-46.01861,16.16,0.309,74,11.61,4.0,0.6,0,0.0
NGC 7232,ESO 289- 7,333.90667,-45.85083,31.52,0.331,99,12.2,1.0,0.5,1,0.0
IC 5179,ESO 405- 5,334.03542,-36.84778,37.65,0.479,57,11.63,1.0,0.15,0,0.0
IC 5186,ESO 405- 7,334.69417,-36.80083,30.28,0.631,112,11.75,1.0,0.15,0,0.0
NGC 7252,ESO 533- 15,335.18708,-24.67806,44.12,0.832,0,11.16,4.0,0.6,0,0.0
IC 5201,ESO 289- 18,335.23917,-46.03472,126.54,0.457,33,10.75,1.0,0.08,0,2.09
NGC 7267,ESO 405- 18,336.0925,-33.69278,36.31,0.832,6,12.16,1.0,0.5,0,0.0
NGC 7307,ESO 345- 26,338.46875,-40.93333,78.98,0.251,9,12.37,1.0,0.08,1,1.88
NGC 7309,MCG -2-57- 16,338.58625,-10.35722,32.07,0.933,0,12.45,1.0,0.15,0,0.0
NGC 7314,ESO 533- 53,338.94083,-26.05083,74.36,0.457,3,10.87,1.0,0.15,0,0.63
NGC 7331,UGC 12113,339.27167,34.41944,120.06,0.355,171,9.6,1.0,0.3,0,0.0
NGC 7332,UGC 12115,339.35208,23.79778,19.12,0.275,155,11.12,4.0,0.6,0,0.0
NGC 7329,ESO 109- 12,340.09792,-66.47889,101.92,0.676,107,11.35,1.0,0.3,0,0.0
IC 5240,ESO 290- 2,340.46875,-44.76833,40.27,0.676,100,12.03,1.0,0.5,0,4.04
NGC 7361,ESO 468- 23,340.575,-30.05806,35.59,0.251,4,12.19,1.0,0.15,1,1.04
NGC 7371,MCG -2-58- 1,341.5,-11.0,106.53,1.0,0,11.36,1.0,0.6,0,0.0
NGC 7377,ESO 534- 26,341.94792,-22.3125,110.82,0.832,101,11.17,4.0,0.6,0,0.0
NGC 7392,ESO 603- 22,342.95583,-20.6075,30.46,0.589,123,11.87,1.0,0.15,0,0.0
NGC 7404,ESO 346- 10,343.57792,-39.31528,51.8,0.575,2,11.85,4.0,0.6,0,0.0
NGC 7410,ESO 346- 12,343.75292,-39.66139,70.83,0.309,45,10.49,1.0,0.5,1,0.0
NGC 7412,ESO 290- 24,343.93875,-42.64111,72.15,0.741,65,11.13,1.0,0.3,0,1.54
NGC 7421,ESO 346- 17,344.2275,-37.34556,48.54,0.891,0,11.81,1.0,0.15,0,1.75
IC 5267B,ESO 290- 27,344.23625,-43.76083,40.65,0.447,106,11.76,4.0,0.6,0,0.0
IC 1459,ESO 406- 30,344.29375,-36.4625,40.47,0.724,40,10.07,4.0,1.0,0,0.0
IC 5267,ESO 290- 29,344.30583,-43.39583,98.28,0.741,140,10.53,1.0,0.6,0,5.52
NGC 7424,ESO 346- 19,344.325,-41.06917,150.97,0.851,0,10.41,1.0,0.08,0,3.73
IC 5271,ESO 406- 34,344.50875,-33.74222,40.2,0.324,138,10.84,1.0,0.3,1,0.9
IC 5273,ESO 346- 22,344.86125,-37.70333,54.19,0.661,56,11.29,1.0,0.08,0,1.18
NGC 7448,UGC 12294,345.01542,15.9825,35.59,0.457,170,11.45,1.0,0.15,0,1.4
NGC 7443,MCG -2-58- 15,345.025,-12.8,2.76,0.38,30,11.67,4.0,0.6,0,0.0
NGC 7457,UGC 12306,345.24958,30.14417,43.87,0.537,130,11.19,4.0,1.0,0,0.0
NGC 7454,UGC 12305,345.27792,16.39,29.66,0.708,150,11.88,4.0,1.0,0,0.0
NGC 7456,ESO 346- 26,345.54167,-39.56917,82.62,0.295,23,11.81,1.0,0.08,1,1.17
NGC 7469,UGC 12332,345.815,8.87472,10.96,0.724,125,12.25,1.0,0.5,0,0.0
NGC 7479,UGC 12343,346.23792,12.32167,74.32,0.759,25,11.05,1.0,0.15,0,4.62
NGC 7497,UGC 12392,347.26583,18.17667,83.32,0.234,48,12.41,1.0,0.08,1,2.15
NGC 7507,ESO 469- 19,348.03167,-28.54139,31.05,0.977,0,10.46,4.0,1.0,0,0.0
NGC 7513,ESO 469- 22,348.30583,-28.35944,83.8,0.661,108,10.64,1.0,0.3,0,1.96
NGC 7541,UGC 12447,348.67958,4.53444,53.09,0.355,102,11.67,1.0,0.15,0,1.06
NGC 7531,ESO 291- 10,348.70292,-43.59889,44.57,0.398,15,11.29,1.0,0.15,0,2.69
NGC 7562,UGC 12464,348.98917,6.6875,28.0,0.661,83,11.73,4.0,1.0,0,0.0
NGC 7552,ESO 291- 12,349.04542,-42.58361,46.05,0.794,1,10.5,1.0,0.3,0,6.63
NGC 7585,MCG -1-59- 15,349.50583,-4.65083,72.38,0.851,105,11.43,4.0,0.6,0,0.0
NGC 7582,ESO 291- 16,349.59708,-42.36972,82.13,0.417,157,10.62,1.0,0.3,0,10.59
NGC 7600,MCG -1-59- 19,349.72458,-7.58056,28.0,0.437,70,12.01,4.0,1.0,0,0.0
NGC 7590,ESO 347- 33,349.72917,-42.23806,38.48,0.38,36,11.36,1.0,0.15,0,1.32
NGC 7606,MCG -2-59- 12,349.77042,-8.48556,103.62,0.398,145,10.76,1.0,0.3,0,1.15
NGC 7599,ESO 347- 34,349.83708,-42.25639,73.35,0.309,57,11.53,1.0,0.15,1,1.18
NGC 7619,UGC 12523,350.06125,8.20639,38.65,0.912,30,11.2,4.0,1.0,0,0.0
NGC 7625,UGC 12529,350.12833,17.22806,28.18,0.912,0,12.08,1.0,0.5,0,1.78
NGC 7626,UGC 12531,350.17667,8.21722,40.94,0.891,0,11.26,4.0,1.0,0,0.0
NGC 7632,ESO 291- 21,350.50542,-42.47889,64.49,0.49,92,12.05,4.0,0.6,0,0.0
NGC 7640,UGC 12554,350.52792,40.84528,133.53,0.191,167,11.31,1.0,0.15,1,0.0
NGC 7678,UGC 12614,352.11708,22.42278,45.3,0.708,5,11.86,1.0,0.15,0,0.0
IC 5325,ESO 347- 18,352.18,-41.33278,39.91,0.912,0,11.08,1.0,0.15,0,1.11
NGC 7676,ESO 148- 16,352.25833,-59.71778,14.69,0.55,85,11.59,4.0,1.0,0,0.0
A 2327+40,UGC 12632,352.49458,40.99028,76.99,0.832,0,12.23,1.0,0.03,0,0.0
NGC 7690,ESO 240- 6,353.25958,-51.69694,19.32,0.389,132,12.25,1.0,0.3,0,2.73
NGC 7689,ESO 192- 7,353.3175,-54.09361,29.22,0.661,162,11.65,1.0,0.08,0,1.02
IC 5328,ESO 291- 29,353.32083,-45.01694,28.32,0.617,40,11.44,4.0,1.0,0,0.0
NGC 7713,ESO 347- 28,354.05625,-37.94,68.99,0.407,168,10.96,1.0,0.08,0,1.12
NGC 7714,UGC 12699,354.06125,2.155,17.31,0.741,4,12.25,1.0,0.3,0,18.07
NGC 7716,UGC 12702,354.12917,0.29722,39.2,0.832,35,12.07,1.0,0.3,0,8.83
NGC 7713A,ESO 347- 30,354.28458,-37.71472,37.92,0.813,0,12.43,1.0,0.08,0,0.0
,ESO 240- 10,354.43458,-47.50472,60.21,0.468,133,11.7,4.0,0.6,0,0.0
NGC 7721,MCG -1-60- 17,354.70292,-6.51833,66.98,0.407,20,11.67,1.0,0.15,0,1.34
NGC 7723,MCG -2-60- 5,354.73792,-12.96167,54.73,0.676,40,11.19,1.0,0.3,0,2.17
NGC 7727,MCG -2-60- 8,354.97417,-12.29333,77.62,0.759,0,10.75,1.0,0.5,0,4.88
NGC 7741,UGC 12754,355.975,26.07556,82.97,0.676,170,11.29,1.0,0.08,0,2.12
NGC 7742,UGC 12760,356.06667,10.76778,20.1,1.0,0,11.6,1.0,0.3,0,2.36
NGC 7743,UGC 12759,356.09,9.93444,104.62,0.851,80,11.48,4.0,0.6,0,8.41
NGC 7744,ESO 292- 17,356.24708,-42.91056,33.47,0.794,105,11.97,4.0,0.6,0,0.0
NGC 7755,ESO 471- 20,356.96625,-30.51944,37.25,0.759,20,12.01,1.0,0.15,0,9.61
NGC 7764,ESO 293- 4,357.72708,-40.73194,16.73,0.724,148,12.05,1.0,0.03,0,1.02
NGC 7785,UGC 12841,358.82958,5.91472,31.41,0.55,143,11.73,4.0,1.0,0,0.0
NGC 7793,ESO 349- 12,359.45625,-32.59,173.34,0.676,98,9.08,1.0,0.08,0,1.04
NGC 7796,ESO 149- 7,359.74917,-55.45667,22.76,0.871,168,11.56,4.0,1.0,0,0.0
NGC 7798,UGC 12884,359.85542,20.75,21.54,0.912,0,12.17,1.0,0.3,0,1.99
