nombre,alt,ra_grados,dec_grados,re_arcsec,razon_ejes,pa_grados,mag_v,sersic_n,frac_bulbo,polvo,clase
NGC0040,Bow-Tie nebula,3.25429,72.52194,14.4,1.0,0,11.89,1.0,0,0,PN
NGC0249,,11.38692,-73.08008,9.9,0.636,0,13.5,1.0,0,0,HII
NGC0261,,11.61629,-73.10364,11.7,0.846,110,12.7,1.0,0,0,Neb
NGC0246,,11.764,-11.87194,73.44,1.0,0,10.9,1.0,0,0,PN
IC0063,,14.87017,60.91169,49.3,1.0,0,13.03,1.0,0,0,HII
IC1644,,17.30421,-73.19411,7.2,0.812,40,13.25,1.0,0,0,HII
IC0131,,23.31075,30.75325,2.7,1.0,0,15.15,1.0,0,0,HII
IC0143,,23.54554,30.77642,2.7,1.0,0,15.15,1.0,0,0,HII
NGC0650,Barbell Nebula,25.58204,51.57547,20.16,1.0,0,10.1,1.0,0,0,PN
IC1747,,29.39888,63.32178,3.96,1.0,0,12.0,1.0,0,0,PN
IC1805,,38.17296,61.45689,540.0,1.0,0,6.5,1.0,0,0,Cl+N
IC1848,,42.79413,60.40247,180.0,1.0,0,6.5,1.0,0,0,Cl+N
IC0289,,47.58025,61.31678,10.44,1.0,0,13.2,1.0,0,0,PN
NGC1333,,52.23,31.37,175.5,1.0,0,10.6,1.0,0,0,Cl+N
NGC1360,,53.31104,-25.87172,115.56,1.0,0,9.4,1.0,0,0,PN
IC0351,,56.88754,35.04692,2.16,1.0,0,13.13,1.0,0,0,PN
IC2003,,59.09179,33.87486,2.52,1.0,0,12.8,1.0,0,0,PN
NGC1499,California Nebula,60.81008,36.36747,720.0,1.0,0,4.7,1.0,0,0,Neb
NGC1501,,61.74737,60.92069,15.66,1.0,0,11.5,1.0,0,0,PN
NGC1514,,62.32063,30.77592,39.6,1.0,0,10.19,1.0,0,0,PN
NGC1535,,63.56571,-12.73939,15.3,1.0,0,9.6,1.0,0,0,PN
NGC1555,Hind's Nebula,65.49762,19.53517,16.38,0.742,74,11.56,1.0,0,0,RfN
NGC1624,,70.15208,50.46167,27.0,1.0,0,11.8,1.0,0,0,Cl+N
IC2105,,72.36108,-69.20092,5.85,0.923,170,13.56,1.0,0,0,Cl+N
NGC1714,,73.03688,-66.92339,9.9,1.0,0,12.33,1.0,0,0,Cl+N
NGC1743,,73.51113,-69.19861,8.55,0.895,130,12.77,1.0,0,0,Neb
NGC1745,,73.58592,-69.15889,10.8,0.917,90,13.4,1.0,0,0,Neb
NGC1748,,73.60821,-69.18411,8.1,0.889,100,12.89,1.0,0,0,Neb
NGC1763,,74.20496,-66.40908,46.8,0.692,70,9.4,1.0,0,0,Cl+N
NGC1814,,75.94358,-67.30067,10.8,0.917,10,12.76,1.0,0,0,Cl+N
NGC1788,,76.72175,-3.34097,18.0,1.0,0,11.03,1.0,0,0,RfN
NGC1858,,77.46642,-68.89125,39.6,0.591,170,9.89,1.0,0,0,Cl+N
NGC1874,,78.29858,-69.37622,12.6,0.786,100,12.81,1.0,0,0,Cl+N
NGC1876,,78.32763,-69.36214,13.5,1.0,0,11.71,1.0,0,0,Cl+N
NGC1880,,78.35492,-69.37944,10.8,0.833,140,12.81,1.0,0,0,HII
NGC1877,,78.41183,-69.38378,9.9,0.545,130,12.99,1.0,0,0,Neb
NGC1871,,78.46567,-67.45264,20.7,0.696,60,11.12,1.0,0,0,Cl+N
NGC1873,,78.48196,-67.33436,25.2,0.786,120,10.56,1.0,0,0,Cl+N
IC0405,Flaming Star Nebula,79.12283,34.35617,348.57,1.0,0,9.7,1.0,0,0,Neb
NGC1895,,79.21496,-67.32958,12.6,0.929,40,12.93,1.0,0,0,Neb
NGC1914,,79.41567,-71.25586,13.5,0.8,150,12.01,1.0,0,0,Cl+N
NGC1910,,79.67946,-69.23192,32.4,0.778,120,10.03,1.0,0,0,Cl+N
NGC1920,,80.13958,-66.77872,10.8,0.917,100,12.54,1.0,0,0,HII
NGC1923,,80.39192,-65.48672,8.55,0.895,80,12.77,1.0,0,0,Cl+N
NGC1934,,80.44954,-67.93717,17.1,0.684,150,11.55,1.0,0,0,Cl+N
NGC1936,,80.55817,-67.97831,9.0,1.0,0,12.54,1.0,0,0,EmN
IC2128,,80.68404,-68.06108,43.2,0.75,40,11.1,1.0,0,0,Cl+N
NGC1941,,80.78208,-66.37864,8.1,0.889,100,12.89,1.0,0,0,Cl+N
NGC1949,,81.27013,-68.47253,8.55,0.947,100,12.71,1.0,0,0,Neb
NGC1948,,81.44267,-66.26681,63.0,0.814,30,10.61,1.0,0,0,Cl+N
NGC1955,,81.5415,-67.49739,36.0,0.9,20,9.64,1.0,0,0,HII
IC0418,,81.86746,-12.69728,3.6,1.0,0,12.02,1.0,0,0,PN
NGC2018,,82.85371,-71.06906,25.2,0.607,170,10.89,1.0,0,0,HII
NGC1931,,82.85563,34.24656,43.2,1.0,0,10.1,1.0,0,0,Cl+N
NGC2014,,83.08279,-67.68983,45.9,0.686,60,9.41,1.0,0,0,Neb
NGC1952,Crab Nebula,83.63321,22.01447,101.82,1.0,0,8.4,1.0,0,0,SNR
NGC2030,,83.74892,-67.55636,15.3,1.0,0,12.29,1.0,0,0,HII
NGC1973,,83.76992,-4.73178,45.0,1.0,0,9.04,1.0,0,0,Neb
NGC1981,Upper Sword,83.78996,-4.42506,81.0,1.0,0,7.76,1.0,0,0,Cl+N
NGC1976,Great Orion Nebula,83.81867,-5.38967,661.36,1.0,0,4.0,1.0,0,0,Cl+N
NGC1975,,83.8245,-4.68522,63.64,1.0,0,8.29,1.0,0,0,Neb
NGC1980,Lower Sword,83.85829,-5.90989,83.7,1.0,0,7.69,1.0,0,0,Cl+N
NGC2035,,83.88,-67.58417,16.2,0.722,20,11.61,1.0,0,0,Neb
NGC1982,Mairan's Nebula,83.88075,-5.26747,155.88,1.0,0,9.0,1.0,0,0,HII
NGC2048,,83.98162,-69.64853,12.6,0.714,100,12.17,1.0,0,0,EmN
NGC2040,,84.02471,-67.56856,18.9,0.81,160,11.47,1.0,0,0,Neb
NGC1999,,84.10563,-6.71586,18.0,1.0,0,11.03,1.0,0,0,RfN
NGC2060,,84.44542,-69.17167,39.6,0.909,160,9.59,1.0,0,0,SNR
NGC1985,,84.44921,31.98883,6.12,1.0,0,13.37,1.0,0,0,RfN
NGC2075,,84.58896,-70.68503,19.8,0.818,30,11.47,1.0,0,0,Cl+N
NGC2070,30 Dor Cluster,84.6765,-69.10089,144.0,1.0,0,7.25,1.0,0,0,HII
NGC2069,,84.6935,-68.97439,45.0,0.44,30,10.1,1.0,0,0,Neb
NGC2074,,84.76492,-69.49811,36.0,0.85,50,9.7,1.0,0,0,Cl+N
NGC2077,,84.90008,-69.65711,11.7,1.0,0,11.97,1.0,0,0,Neb
NGC2079,,84.90667,-69.75719,9.9,0.864,160,12.49,1.0,0,0,HII
NGC2078,,84.91438,-69.74317,10.8,0.917,0,12.23,1.0,0,0,EmN
NGC2080,,84.94092,-69.64411,15.3,0.882,130,11.52,1.0,0,0,HII
NGC2083,,84.99675,-69.73758,18.0,0.9,70,11.14,1.0,0,0,Neb
NGC2085,,85.04096,-69.67281,8.55,1.0,0,12.65,1.0,0,0,Neb
NGC2086,,85.05367,-69.66786,7.65,0.941,70,12.95,1.0,0,0,Neb
IC2145,,85.10313,-69.67031,1.71,1.0,0,16.14,1.0,0,0,Neb
IC0434,Flame Nebula,85.25367,-2.45378,467.65,1.0,0,10.7,1.0,0,0,HII
NGC2103,,85.41813,-71.33314,36.0,0.875,40,10.82,1.0,0,0,HII
NGC2022,,85.52588,9.08653,5.76,1.0,0,11.6,1.0,0,0,PN
NGC2068,,86.69092,0.07931,40.5,1.0,0,9.27,1.0,0,0,RfN
NGC2071,,86.78025,0.29425,53.24,1.0,0,8.67,1.0,0,0,Cl+N
NGC2122,,87.21879,-70.07008,54.0,0.833,50,10.43,1.0,0,0,Cl+N
IC2149,,89.09954,46.10478,2.52,1.0,0,12.8,1.0,0,0,PN
Abell 12,PN A66 12,90.58354,9.65391,11.16,1.0,0,12.5,1.0,0,0,PN
NGC2182,,92.37896,-6.32644,22.05,1.0,0,10.59,1.0,0,0,RfN
NGC2175,,92.41479,20.48758,48.6,1.0,0,8.87,1.0,0,0,Cl+N
NGC2185,,92.75196,-6.22686,18.0,1.0,0,12.6,1.0,0,0,Neb
IC0443,Gem A,94.15588,22.53167,804.98,1.0,0,11.7,1.0,0,0,SNR
IC0444,,94.64167,23.31333,50.91,1.0,0,8.77,1.0,0,0,RfN
IC2165,,95.42792,-12.98722,2.7,1.0,0,12.65,1.0,0,0,PN
NGC2238,Rosette Nebula,97.66821,5.01306,623.54,1.0,0,5.7,1.0,0,0,HII
IC0447,,97.75133,9.89744,201.25,1.0,0,7.4,1.0,0,0,HII
NGC2239,,97.9815,4.94294,83.7,1.0,0,7.69,1.0,0,0,Cl+N
NGC2245,,98.17188,10.15664,18.0,1.0,0,11.03,1.0,0,0,RfN
NGC2247,,98.27167,10.32225,18.0,1.0,0,11.03,1.0,0,0,RfN
NGC2261,Hubble's Nebula,99.78963,8.74433,12.73,1.0,0,11.85,1.0,0,0,RfN
NGC2264,Christmas Tree Cluster,100.24271,9.89547,102.6,1.0,0,7.25,1.0,0,0,Cl+N
NGC2282,,101.71488,1.316,27.0,1.0,0,10.15,1.0,0,0,HII
IC0466,,107.16167,-4.318,9.0,1.0,0,12.54,1.0,0,0,HII
NGC2346,,107.34588,-0.80914,15.66,1.0,0,11.6,1.0,0,0,PN
NGC2371,,111.39442,29.49064,39.6,0.436,125,11.2,1.0,0,0,PN
Abell 21,PN A66 21,112.26129,13.24683,184.5,1.0,0,11.84,1.0,0,0,PN
NGC2392,Eskimo Nebula,112.29483,20.91183,15.48,1.0,0,9.61,1.0,0,0,PN
NGC2438,,115.45996,-14.73578,19.26,1.0,0,10.8,1.0,0,0,PN
NGC2440,,115.48067,-18.20847,4.86,1.0,0,11.37,1.0,0,0,PN
NGC2452,,116.85987,-27.334,5.76,1.0,0,12.0,1.0,0,0,PN
Abell 26,PN A66 26,122.25683,-32.67359,12.06,1.0,0,11.58,1.0,0,0,PN
NGC2610,,128.3475,-16.14944,11.34,1.0,0,12.7,1.0,0,0,PN
Abell 30,PN A66 30,131.72275,17.87955,5.22,0.448,75,13.04,1.0,0,0,PN
IC2448,,136.77608,-69.94183,2.7,1.0,0,12.65,1.0,0,0,PN
NGC2792,,138.11071,-42.4275,3.96,1.0,0,11.82,1.0,0,0,PN
NGC2818,,139.00625,-36.62694,14.94,1.0,0,11.6,1.0,0,0,PN
NGC2818A,,139.02554,-36.62692,62.1,1.0,0,12.2,1.0,0,0,Cl+N
NGC2867,,140.35404,-58.31167,4.14,1.0,0,11.72,1.0,0,0,PN
NGC2899,,141.76233,-56.10603,27.0,1.0,0,11.8,1.0,0,0,PN
IC2501,,144.69658,-60.09186,0.54,1.0,0,16.14,1.0,0,0,PN
Abell 33,PN A66 33,144.78808,-2.80847,80.46,1.0,0,13.14,1.0,0,0,PN
NGC3132,Eight-Burst Nebula,151.75721,-40.43658,9.0,1.0,0,10.04,1.0,0,0,PN
IC2553,,152.33696,-62.61369,2.7,1.0,0,12.65,1.0,0,0,PN
NGC3195,,152.33742,-80.85858,12.6,1.0,0,11.6,1.0,0,0,PN
NGC3211,,154.46046,-62.67006,4.86,1.0,0,11.37,1.0,0,0,PN
NGC3247,,156.05833,-57.76333,45.0,1.0,0,9.04,1.0,0,0,HII
NGC3242,Jupiter's Ghost Nebula,156.192,-18.64222,7.56,1.0,0,10.41,1.0,0,0,PN
NGC3324,,159.31754,-58.61956,43.2,1.0,0,9.13,1.0,0,0,Cl+N
NGC3372,Carina Nebula,161.28554,-59.86669,1080.0,1.0,0,2.7,1.0,0,0,HII
IC2621,,165.08329,-65.24936,1.44,1.0,0,14.01,1.0,0,0,PN
NGC3587,Owl Nebula,168.69879,55.01903,64.44,1.0,0,9.9,1.0,0,0,PN
NGC3699,,171.98812,-59.95806,13.5,1.0,0,11.3,1.0,0,0,PN
IC2944,lam Cen Nebula,173.94554,-63.01983,64.8,1.0,0,8.25,1.0,0,0,Cl+N
NGC3918,Blue Planetary,177.57479,-57.18233,5.76,1.0,0,11.0,1.0,0,0,PN
NGC4071,,181.06571,-67.31011,18.9,1.0,0,13.0,1.0,0,0,PN
NGC4361,,186.12817,-18.78483,18.9,1.0,0,10.9,1.0,0,0,PN
IC3568,,188.27825,82.56392,6.84,1.0,0,10.63,1.0,0,0,PN
Abell 35,PN A66 35,193.38663,-22.87294,231.66,1.0,0,13.71,1.0,0,0,PN
IC4191,,197.19679,-67.64375,1.44,1.0,0,14.01,1.0,0,0,PN
NGC5189,,203.38712,-65.97406,41.94,1.0,0,10.0,1.0,0,0,PN
Abell 36,PN A66 36,205.17229,-19.88203,110.16,1.0,0,11.57,1.0,0,0,PN
NGC5307,,207.76375,-51.20578,3.78,1.0,0,11.92,1.0,0,0,PN
NGC5315,,208.48704,-66.51417,1.8,1.0,0,13.53,1.0,0,0,PN
IC0972,,211.10796,-17.22819,12.6,1.0,0,13.9,1.0,0,0,PN
IC4406,,215.61033,-44.15019,10.44,1.0,0,10.2,1.0,0,0,PN
NGC5844,,227.67062,-64.67367,15.84,1.0,0,12.9,1.0,0,0,PN
NGC5873,,228.21167,-38.12556,2.16,1.0,0,13.13,1.0,0,0,PN
NGC5882,,229.20833,-45.64931,4.14,1.0,0,11.72,1.0,0,0,PN
NGC5979,,236.92108,-61.21786,2.34,1.0,0,12.96,1.0,0,0,PN
NGC6026,,240.33713,-34.54422,12.06,1.0,0,12.9,1.0,0,0,PN
NGC6058,,241.11058,40.68306,6.84,1.0,0,12.9,1.0,0,0,PN
IC4593,,242.93542,12.07139,11.88,1.0,0,10.7,1.0,0,0,PN
IC4592,,242.99446,-19.45467,440.91,1.0,0,4.08,1.0,0,0,RfN
NGC6072,,243.2425,-36.23,21.06,1.0,0,11.7,1.0,0,0,PN
IC4599,,244.84654,-42.26014,4.32,1.0,0,12.1,1.0,0,0,PN
IC4604,rho Oph Nebula,246.37988,-23.43658,348.57,1.0,0,4.8,1.0,0,0,Neb
IC4605,,247.552,-25.11517,190.92,1.0,0,5.9,1.0,0,0,Neb
NGC6153,,247.87767,-40.25344,7.2,1.0,0,10.9,1.0,0,0,PN
NGC6164,,248.42433,-48.08006,8.28,1.0,0,12.72,1.0,0,0,Neb
NGC6165,,248.51438,-48.1505,10.06,1.0,0,12.29,1.0,0,0,Neb
NGC6210,,251.123,23.79983,9.0,1.0,0,10.04,1.0,0,0,PN
NGC6250,,254.48362,-45.93664,86.4,1.0,0,7.62,1.0,0,0,Cl+N
IC4634,,255.38996,-21.82597,2.52,1.0,0,12.8,1.0,0,0,PN
IC4637,,256.29508,-40.88636,5.58,1.0,0,12.5,1.0,0,0,PN
IC4642,,257.93842,-55.399,5.04,1.0,0,13.1,1.0,0,0,PN
NGC6302,Bug Nebula,258.43596,-37.10314,13.32,1.0,0,9.6,1.0,0,0,PN
NGC6309,Box Nebula,258.51792,-12.91056,4.68,1.0,0,11.5,1.0,0,0,PN
NGC6326,,260.19317,-51.75439,3.78,1.0,0,11.92,1.0,0,0,PN
NGC6337,,260.56504,-38.48372,15.3,1.0,0,12.3,1.0,0,0,PN
NGC6369,Little Ghost Nebula,262.33542,-23.75944,11.34,1.0,0,11.4,1.0,0,0,PN
IC4663,,266.3675,-44.90486,3.96,1.0,0,12.5,1.0,0,0,PN
IC1266,,266.39708,-46.08986,2.88,1.0,0,12.51,1.0,0,0,PN
NGC6439,,267.0825,-16.47889,1.44,1.0,0,14.01,1.0,0,0,PN
NGC6445,Little Gem,267.31275,-20.0095,9.9,1.0,0,11.2,1.0,0,0,PN
IC4670,,268.77917,-21.74425,1.44,1.0,0,14.01,1.0,0,0,PN
NGC6543,Cat's Eye Nebula,269.63912,66.63319,16.2,1.0,0,9.01,1.0,0,0,PN
NGC6514,Trifid Nebula,270.67546,-22.97189,252.0,1.0,0,8.5,1.0,0,0,Neb
IC4673,,270.82667,-27.10611,4.5,1.0,0,13.0,1.0,0,0,PN
NGC6523,Lagoon Nebula,270.92196,-24.38017,330.68,1.0,0,5.8,1.0,0,0,Neb
NGC6530,,271.12929,-24.35806,54.0,1.0,0,8.64,1.0,0,0,Cl+N
NGC6537,Red Spider Nebula,271.30458,-19.84297,3.06,1.0,0,12.38,1.0,0,0,PN
NGC6565,,272.96917,-28.17833,4.14,1.0,0,11.72,1.0,0,0,PN
NGC6563,,273.01042,-33.86833,14.22,1.0,0,11.0,1.0,0,0,PN
NGC6572,,273.02587,6.85372,3.24,1.0,0,12.25,1.0,0,0,PN
NGC6567,,273.43833,-19.07583,2.34,1.0,0,12.96,1.0,0,0,PN
NGC6578,,274.06875,-20.45092,2.52,1.0,0,12.9,1.0,0,0,PN
NGC6589,,274.23071,-19.77708,31.18,1.0,0,10.2,1.0,0,0,Neb
NGC6590,,274.27079,-19.86606,31.18,1.0,0,9.84,1.0,0,0,RfN
IC1284,,274.41512,-19.67203,144.3,1.0,0,7.4,1.0,0,0,Neb
IC4699,,274.63663,-45.98308,1.44,1.0,0,14.01,1.0,0,0,PN
NGC6611,Eagle Nebula,274.70071,-13.80722,492.95,1.0,0,6.0,1.0,0,0,Neb
IC4703,Eagle Nebula,274.73425,-13.84539,45.45,1.0,90,9.02,1.0,0,0,Neb
NGC6618,Checkmark Nebula,275.19629,-16.17153,113.4,1.0,0,7.03,1.0,0,0,Neb
NGC6620,,275.72562,-26.82169,2.34,1.0,0,12.96,1.0,0,0,PN
NGC6629,,276.42692,-23.20289,4.68,1.0,0,11.46,1.0,0,0,PN
Abell 46,PN A66 46,277.82746,26.9367,19.08,1.0,0,13.96,1.0,0,0,PN
IC1287,,277.85704,-10.79581,127.28,1.0,0,6.78,1.0,0,0,RfN
NGC6644,,278.14471,-25.12936,0.72,1.0,0,15.52,1.0,0,0,PN
IC4732,,278.4775,-22.64472,1.26,1.0,0,14.3,1.0,0,0,PN
IC4776,,281.46125,-33.34306,2.16,1.0,0,13.13,1.0,0,0,PN
NGC6720,Ring Nebula,283.39587,33.02858,22.86,1.0,0,8.8,1.0,0,0,PN
IC1295,,283.65471,-8.82703,27.0,1.0,0,12.5,1.0,0,0,PN
NGC6742,,284.83292,48.46528,9.9,1.0,0,13.4,1.0,0,0,PN
NGC6741,Phantom Streak Nebula,285.65417,-0.44939,2.34,1.0,0,12.96,1.0,0,0,PN
NGC6751,,286.48146,-5.99231,6.12,1.0,0,11.9,1.0,0,0,PN
Abell 55,PN A66 55,287.60737,-2.33985,14.4,1.0,0,13.32,1.0,0,0,PN
NGC6765,,287.77708,30.54556,12.06,1.0,0,12.9,1.0,0,0,PN
NGC6772,,288.65125,-2.70681,19.26,1.0,0,12.7,1.0,0,0,PN
IC4846,,289.11792,-9.04361,0.54,1.0,0,16.14,1.0,0,0,PN
IC1297,,289.3475,-39.61306,2.16,1.0,0,13.13,1.0,0,0,PN
NGC6778,,289.60354,-1.59636,4.68,1.0,0,12.3,1.0,0,0,PN
NGC6781,,289.61775,6.53972,32.4,1.0,0,11.4,1.0,0,0,PN
NGC6790,,290.73708,1.51333,2.16,1.0,0,13.13,1.0,0,0,PN
NGC6803,,292.81854,10.05603,1.62,1.0,0,13.76,1.0,0,0,PN
NGC6804,,292.89746,9.22517,10.44,1.0,0,12.0,1.0,0,0,PN
NGC6807,,293.63958,5.68417,0.54,1.0,0,16.14,1.0,0,0,PN
NGC6823,,295.79121,23.29994,54.0,1.0,0,8.64,1.0,0,0,Cl+N
NGC6818,Little Gem Nebula,295.99054,-14.15317,13.86,1.0,0,9.3,1.0,0,0,PN
NGC6826,Blinking Planetary,296.20046,50.52503,7.56,1.0,0,10.41,1.0,0,0,PN
NGC6833,,297.44417,48.96111,0.54,1.0,0,16.14,1.0,0,0,PN
NGC6842,,298.75942,29.28917,17.1,1.0,0,13.1,1.0,0,0,PN
Abell 67,PN A66 67,299.61258,3.05,20.16,1.0,0,13.74,1.0,0,0,PN
NGC6853,Dumbbell Nebula,299.90158,22.72103,120.6,1.0,0,7.4,1.0,0,0,PN
NGC6852,,300.16317,1.72811,8.46,1.0,0,12.6,1.0,0,0,PN
NGC6857,,300.45054,33.52592,5.67,1.0,0,13.54,1.0,0,0,HII
IC4955,,301.21896,29.19261,18.81,0.742,80,12.68,1.0,0,0,Neb
NGC6884,,302.59875,46.46083,1.8,1.0,0,13.53,1.0,0,0,PN
NGC6879,,302.61083,16.92281,1.44,1.0,0,14.01,1.0,0,0,PN
NGC6881,,302.71875,37.41139,1.26,1.0,0,14.3,1.0,0,0,PN
NGC6888,Crescent Nebula,303.02729,38.35494,127.28,1.0,0,7.14,1.0,0,0,HII
NGC6886,,303.17875,19.98972,1.62,1.0,0,13.76,1.0,0,0,PN
NGC6891,,303.78683,12.70436,4.5,1.0,0,11.54,1.0,0,0,PN
NGC6894,,304.10021,30.56508,12.06,1.0,0,12.3,1.0,0,0,PN
IC4997,,305.03667,16.73167,0.54,1.0,0,16.14,1.0,0,0,PN
NGC6905,Blue Flash Nebula,305.59579,20.10453,12.06,1.0,0,11.1,1.0,0,0,PN
NGC6960,Veil Nebula,311.49242,30.59514,3299.45,1.0,0,6.7,1.0,0,0,SNR
Abell 72,PN A66 72,312.50854,13.5582,38.16,1.0,0,12.85,1.0,0,0,PN
IC5070,Pelican Nebula,312.753,44.4015,492.95,1.0,0,7.7,1.0,0,0,HII
NGC6992,Eastern Veil,314.07946,31.74275,394.36,1.0,0,6.7,1.0,0,0,SNR
NGC6997,,314.16438,44.6315,62.1,1.0,0,10.0,1.0,0,0,Cl+N
NGC6995,Eastern Veil,314.29483,31.23517,216.0,1.0,0,6.7,1.0,0,0,SNR
NGC7000,North America Nebula,314.82142,44.52878,540.0,1.0,0,3.7,1.0,0,0,HII
NGC7008,,315.13667,54.54319,25.74,1.0,0,10.7,1.0,0,0,PN
NGC7023,Iris Nebula,315.39842,68.16956,80.5,1.0,0,7.78,1.0,0,0,Neb
NGC7009,Saturn Nebula,316.04496,-11.36325,12.6,0.743,70,9.63,1.0,0,0,PN
NGC7026,,316.577,47.85219,5.94,1.0,0,10.94,1.0,0,0,PN
NGC7027,,316.75637,42.23653,4.14,1.0,0,11.72,1.0,0,0,PN
NGC7048,,318.56333,46.28861,18.36,1.0,0,12.1,1.0,0,0,PN
NGC7076,,321.59792,62.8925,16.74,1.0,0,13.5,1.0,0,0,PN
IC5117,,323.12904,44.59656,0.36,1.0,0,17.02,1.0,0,0,PN
Abell 78,PN A66 78,323.87242,31.69596,32.04,1.0,0,13.25,1.0,0,0,PN
NGC7094,,324.22071,12.78864,29.7,1.0,0,13.4,1.0,0,0,PN
NGC7129,,325.74596,66.11297,18.9,1.0,0,11.5,1.0,0,0,Cl+N
NGC7139,,326.53583,63.79194,23.04,1.0,0,13.3,1.0,0,0,PN
IC5146,Cocoon Nebula,328.36983,47.26692,90.0,1.0,0,7.54,1.0,0,0,Cl+N
IC5148,,329.89667,-39.38583,41.4,1.0,0,11.0,1.0,0,0,PN
IC5217,,335.98208,50.96667,1.98,1.0,0,13.32,1.0,0,0,PN
NGC7293,Helix Nebula,337.41071,-20.83733,293.94,1.0,0,7.3,1.0,0,0,PN
NGC7354,,340.08171,61.28483,6.84,1.0,0,12.2,1.0,0,0,PN
IC1454,,340.60421,80.44222,8.46,1.0,0,14.0,1.0,0,0,PN
NGC7380,,341.83754,58.13242,201.25,1.0,0,7.2,1.0,0,0,Cl+N
IC1470,,346.29254,60.24408,16.2,1.0,90,11.26,1.0,0,0,HII
NGC7635,Bubble Nebula,350.19,61.21236,98.59,1.0,0,10.7,1.0,0,0,HII
NGC7662,Copeland's Blue Snowball,351.47458,42.53494,5.04,1.0,0,11.29,1.0,0,0,PN
