Name;Type;RA;Dec;Const;MajAx;MinAx;PosAng;B-Mag;V-Mag;J-Mag;H-Mag;K-Mag;SurfBr;Hubble;Pax;Pm-RA;Pm-Dec;RadVel;Redshift;Cstar U-Mag;Cstar B-Mag;Cstar V-Mag;M;NGC;IC;Cstar Names;Identifiers;Common names;NED notes;OpenNGC notes;Sources
IC0059;RfN;00:57:28.61;+61:08:37.2;Cas;10.00;5.00;;;;;;;;;;;;;;;;;;;;;LBN 620;;;;Type:1|RA:1|Dec:1|Const:99|MajAx:9|MinAx:9
IC0063;HII;00:59:28.84;+60:54:42.1;Cas;10.00;3.00;;13.33;;;;;;;;;;;;;;;;;;;LBN 622;;;;Type:1|RA:1|Dec:1|Const:99|MajAx:9|MinAx:9|B-Mag:2
IC0131;HII;01:33:14.58;+30:45:11.7;Tri;0.30;;;12.52;;;;;;;;;;;;;;;;;;;IRAS 01303+3029;;HII region in Messier 033. The IC object includes the surrounding star cloud.;;Type:1|RA:1|Dec:1|Const:99|MajAx:3|B-Mag:2
IC0132;HII;01:33:15.92;+30:56:44.2;Tri;0.67;0.55;;14.87;14.82;;;;;;;;;;;;;;;;;;;;;;Type:1|RA:1|Dec:1|Const:99|MajAx:2|MinAx:2|B-Mag:2|V-Mag:2
IC0133;HII;01:33:15.18;+30:53:18.2;Tri;0.45;0.45;;18.28;18.45;14.48;13.91;13.51;;;;;;;;;;;;;;;2MASX J01331516+3053196,IRAS 01304+3037;;HII region in Messier 033. The IC object includes the surrounding star cloud.;;Type:1|RA:1|Dec:1|Const:99|MajAx:2|MinAx:2|B-Mag:2|V-Mag:2|J-Mag:2|H-Mag:2|K-Mag:2
IC0135;HII;01:34:15.53;+30:37:12.3;Tri;0.40;;;;;;;;;;;;;;;;;;;;;;;;HII region in Messier 033.;;Type:1|RA:1|Dec:1|Const:99|MajAx:3
IC0142;HII;01:33:55.53;+30:45:28.1;Tri;0.50;;;11.30;14.20;;;;;;;;;;;;;;;;;;;;HII region in Messier 033.;;Type:1|RA:1|Dec:1|Const:99|MajAx:3|B-Mag:2|V-Mag:2
IC0143;HII;01:34:10.93;+30:46:35.1;Tri;0.30;;;11.40;;;;;;;;;;;;;;;;;;;;;HII region in Messier 033.;;Type:1|RA:1|Dec:1|Const:99|MajAx:3|B-Mag:2
IC0289;PN;03:10:19.26;+61:19:00.4;Cas;0.58;;;12.30;13.20;15.59;15.62;15.14;;;0.6280;-2.875;-3.901;-13;-0.000045;;15.10;15.90;;;;;IRAS 03062+6107,PK 138+02 1,PN G138.8+02.8;;;;Type:1|RA:1|Dec:1|Const:99|MajAx:8|B-Mag:3|V-Mag:3|J-Mag:2|H-Mag:2|K-Mag:2|Pax:2|Pm-RA:2|Pm-Dec:2|RadVel:2|Redshift:2|Cstar B-Mag:8|Cstar V-Mag:8
IC0336;Neb;03:37:57.04;+23:21:47.3;Tau;;;;;;;;;;;;;;;;;;;;;;;;;;;Type:1|RA:1|Dec:1|Const:99
IC0341;Neb;03:40:55.69;+21:57:36.7;Tau;134.90;;;;;;;;;;;;;;;;;;;;;;;;;;Type:1|RA:1|Dec:1|Const:99|MajAx:3
IC0348;Cl+N;03:44:34.19;+32:09:46.2;Per;10.00;10.00;;;;;;;;;3.0790;4.483;-6.447;16;0.000053;;;;;;1985;;BD +31 0643,HIP 017465,LBN 758,MWSC 0301;omi Per Cloud;;;Type:1|RA:1|Dec:1|Const:99|MajAx:9|MinAx:9|Pax:2|Pm-RA:2|Pm-Dec:2|RadVel:2|Redshift:2
IC0349;RfN;03:46:20.11;+23:56:23.3;Tau;25.70;;;;;;;;;;;;;-44;-0.000148;;;;;;;;;Barnard's Merope Nebula;Part of the Merope Nebula = NGC 1435.;;Type:1|RA:1|Dec:1|Const:99|MajAx:3|RadVel:2|Redshift:2
IC0351;PN;03:47:33.01;+35:02:48.9;Per;0.12;;;12.40;11.90;13.01;12.82;12.18;;;0.3031;0.495;-0.269;-10;-0.000034;;15.90;15.80;;;;;2MASX J03473301+3502487,IRAS 03443+3453,PK 159-15 1,PN G159.0-15.1,TYC 2364-855-1;;;;Type:1|RA:1|Dec:1|Const:99|MajAx:8|B-Mag:3|V-Mag:3|J-Mag:2|H-Mag:2|K-Mag:2|Pax:2|Pm-RA:2|Pm-Dec:2|RadVel:2|Redshift:2|Cstar B-Mag:8|Cstar V-Mag:8
IC0353;Neb;03:53:01.07;+25:50:52.8;Tau;181.97;30.20;;;;;;;;;;;;;;;;;;;;;;;;;Type:1|RA:1|Dec:1|Const:99|MajAx:3|MinAx:3
IC0354;Neb;03:53:57.91;+23:08:49.2;Tau;128.82;;;;;;;;;;;;;;;;;;;;;;;;;;Type:1|RA:1|Dec:1|Const:99|MajAx:3
IC0359A;RfN;04:18:41.00;+28:17:24.0;Tau;15.00;10.00;;;;;;;;;;;;;;;;;;;;;LBN 782;;;Object not present in NED.;Type:2|RA:2|Dec:2|Const:99|MajAx:9|MinAx:9
IC0360;Neb;04:09:02.57;+26:07:52.3;Tau;180.00;100.00;;;;;;;;;;;;;;;;;;;;;LBN 786;;;;Type:1|RA:1|Dec:1|Const:99|MajAx:9|MinAx:9
IC0405;Neb;05:16:29.48;+34:21:22.2;Aur;50.00;30.00;;10.00;;;;;;;;;;;;;;;;;;;C 031,LBN 795;Flaming Star Nebula;;;Type:1|RA:1|Dec:1|Const:99|MajAx:9|MinAx:9|B-Mag:3
IC0410;Neb;05:22:42.00;+33:22:00.0;Aur;40.00;30.00;;;;;;;;;;;;;;;;;;;;;LBN 807;;;Coordinates taken from Corwin's positions. NED lists this object as duplicate of NGC1893.;Type:4|RA:4|Dec:4|Const:99|MajAx:9|MinAx:9
IC0417;HII;05:28:06.00;+34:25:26.2;Aur;13.00;10.00;;;;;;;;;;;;;;;;;;;;;LBN 804;;;;Type:1|RA:1|Dec:1|Const:99|MajAx:9|MinAx:9
IC0418;PN;05:27:28.19;-12:41:50.2;Lep;0.20;;;10.28;9.44;;;;;;0.6453;2.000;1.461;62;0.000207;;10.00;10.17;;;;BD -12 1172,HD 35914;IRAS 05251-1244,PK 215-24 1,PN G215.2-24.2,TYC 5340-684-1;;Identified as a planetary nebula in PKSCAT90 (version 1.01).;;Type:1|RA:1|Dec:1|Const:99|MajAx:8|B-Mag:3|V-Mag:3|Pax:2|Pm-RA:2|Pm-Dec:2|RadVel:2|Redshift:2|Cstar B-Mag:8|Cstar V-Mag:8
IC0420;Neb;05:32:09.50;-04:30:17.1;Ori;6.03;;;;;;;;;;;;;;;;;;;;;;;;;;Type:1|RA:1|Dec:1|Const:99|MajAx:3
IC0423;Neb;05:33:22.01;-00:36:52.2;Ori;6.00;3.50;90;;;;;;;;;;;;;;;;;;;;LBN 913;;;Dimensions from LEDA are wrong, so we pulled them from Simbad;Type:1|RA:1|Dec:1|Const:99|MajAx:2|MinAx:2|PosAng:2
IC0424;Neb;05:33:37.24;-00:24:47.3;Ori;2.50;1.70;;;;;;;;;;;;;;;;;;;;;LBN 914;;;Dimensions from LEDA are wrong, values inferred by author;Type:1|RA:1|Dec:1|Const:99|MajAx:99|MinAx:99
IC0426;Neb;05:36:31.38;-00:17:53.9;Ori;10.00;3.00;;;;;;;;;;;;;;;;;;;;;LBN 921;;;;Type:1|RA:1|Dec:1|Const:99|MajAx:9|MinAx:9
IC0427;Neb;05:36:18.02;-06:36:59.2;Ori;;;;;;;;;;;;;;;;;;;;;;;;;;;Type:1|RA:1|Dec:1|Const:99
IC0428;Neb;05:36:24.21;-06:27:05.6;Ori;;;;;;;;;;;;;;;;;;;;;;;;;;;Type:1|RA:1|Dec:1|Const:99
IC0429;Neb;05:38:18.86;-07:02:25.8;Ori;;;;;;;;;;;;;;;;;;;;;;;;;;;Type:1|RA:1|Dec:1|Const:99
IC0430;Neb;05:38:35.97;-07:04:59.2;Ori;10.96;;;;14.40;;;;;;;;;;;;;;;;;;;;;;Type:1|RA:1|Dec:1|Const:99|MajAx:3|V-Mag:2
IC0431;RfN;05:40:14.03;-01:27:46.1;Ori;8.00;5.00;;;;;;;;;;;;;;;;;;;;;LBN 944;;;;Type:1|RA:1|Dec:1|Const:99|MajAx:9|MinAx:9
IC0432;RfN;05:40:55.98;-01:30:25.2;Ori;10.00;10.00;;;;;;;;;;;;;;;;;;;;;LBN 946;;;;Type:1|RA:1|Dec:1|Const:99|MajAx:9|MinAx:9
IC0434;HII;05:41:00.88;-02:27:13.6;Ori;90.00;30.00;;11.00;;;;;;;;;;11;0.000036;;;;;;;;LBN 953;Flame Nebula,Orion B;The Horsehead Nebula is an absorption patch in this.;;Type:1|RA:1|Dec:1|Const:99|MajAx:9|MinAx:9|B-Mag:3|RadVel:2|Redshift:2
IC0435;RfN;05:43:00.57;-02:18:45.4;Ori;3.98;3.02;;;;;;;;;;;;;;;;;;;;;BD -02 1350,HD 038087,HIP 026939;;;;Type:1|RA:1|Dec:1|Const:99|MajAx:3|MinAx:3
IC0443;SNR;06:16:37.41;+22:31:54.0;Gem;50.00;40.00;;12.00;;;;;;;;;;;;;;;;;;;LBN 844,LEDA 2817561;Gem A;Incorrectly identified as IC 0433 in PKSCAT90 (version 1.01).;;Type:1|RA:1|Dec:1|Const:99|MajAx:9|MinAx:9|B-Mag:3
IC0444;RfN;06:18:34.00;+23:18:48.0;Gem;8.00;4.00;;7.03;;;;;;;;;;;;;;;;;;;LBN 840;;;Coordinates provided by NED seem to point nothing, we consider right the coordinates from Simbad.;Type:1|RA:2|Dec:2|Const:99|MajAx:9|MinAx:9|B-Mag:2
IC0446;Cl+N;06:31:06.18;+10:27:33.4;Mon;5.00;4.00;;;;;;;;;;2.700;-1.460;;;;;;;;2167;;LBN 898, MWSC 0890;;;;Type:1|RA:1|Dec:1|Const:99|MajAx:9|MinAx:9|Pm-RA:2|Pm-Dec:2
IC0447;HII;06:31:00.32;+09:53:50.8;Mon;25.00;20.00;;7.70;;;;;;;;;;;;;;;;;2169;;LBN 903;;;;Type:1|RA:1|Dec:1|Const:99|MajAx:9|MinAx:9|B-Mag:2
IC0448;HII;06:32:45.34;+07:23:19.1;Mon;15.00;10.00;;;;;;;;;;;;;;;;;;;;;LBN 931;;;;Type:1|RA:1|Dec:1|Const:99|MajAx:9|MinAx:9
IC0466;HII;07:08:38.80;-04:19:04.8;Mon;1.00;;;12.71;12.06;10.56;10.25;9.94;;;;;;;;;;;;;;;2MASX J07083878-0419046,IRAS 07061-0414;;;;Type:1|RA:1|Dec:1|Const:99|MajAx:3|B-Mag:2|V-Mag:2|J-Mag:2|H-Mag:2|K-Mag:2
IC0972;PN;14:04:25.91;-17:13:41.5;Vir;0.70;;;14.90;13.90;15.78;15.41;15.16;;;;;;-27;-0.000089;;17.91;;;;;;PK 326+42 1,PN G326.7+42.2;;;;Type:1|RA:1|Dec:1|Const:99|MajAx:8|B-Mag:3|V-Mag:3|J-Mag:2|H-Mag:2|K-Mag:2|RadVel:2|Redshift:2|Cstar B-Mag:8
IC1266;PN;17:45:35.30;-46:05:23.5;Ara;0.16;;;11.59;11.20;10.41;10.11;9.19;;;0.0799;-2.220;-9.537;-94;-0.000314;;11.20;11.38;;;;HD 161044;2MASX J17453533-4605233,ESO 279-007,IRAS 17418-4604,PK 345-08 1,PN G345.2-08.8,TYC 8343-1781-1;;;;Type:1|RA:1|Dec:1|Const:99|MajAx:8|B-Mag:3|V-Mag:3|J-Mag:2|H-Mag:2|K-Mag:2|Pax:2|Pm-RA:2|Pm-Dec:2|RadVel:2|Redshift:2|Cstar B-Mag:8|Cstar V-Mag:8
IC1271;Neb;18:05:13.11;-24:24:37.9;Sgr;;;;;;;;;;;;;;;;;;;;;;;;;;;Type:1|RA:1|Dec:1|Const:99
IC1274;HII;18:09:51.03;-23:38:53.6;Sgr;20.00;5.00;;;;;;;;;;;;;;;;;;;;;LBN 33;;;;Type:1|RA:1|Dec:1|Const:99|MajAx:9|MinAx:9
IC1275;Neb;18:10:07.19;-23:45:40.4;Sgr;;;;;;;;;;;;;;;;;;;;;;;;;;;Type:1|RA:1|Dec:1|Const:99
IC1283;HII;18:17:16.85;-19:45:44.0;Sgr;15.00;15.00;;;;;;;;;;;;;;;;;;;;;LBN 47;;;;Type:1|RA:1|Dec:1|Const:99|MajAx:9|MinAx:9
IC1284;Neb;18:17:39.63;-19:40:19.3;Sgr;16.98;15.14;;7.70;;;;;;;;;;;;;;;;;;;;;;;Type:1|RA:1|Dec:1|Const:99|MajAx:3|MinAx:3|B-Mag:2
IC1287;RfN;18:31:25.69;-10:47:44.9;Sct;20.00;10.00;;6.10;;;;;;;;;;;;;;;;;;;BD -10 4713,HD 170740,HIP 090804,LBN 75;;;;Type:1|RA:1|Dec:1|Const:99|MajAx:9|MinAx:9|B-Mag:2
IC1295;PN;18:54:37.13;-08:49:37.3;Sct;1.50;;;15.00;12.50;;;;;;0.6878;-1.555;-2.117;-13;-0.000043;;15.50;;;;;;IRAS 18519-0853,PK 25-04 2,PN G025.4-04.7;;;;Type:1|RA:1|Dec:1|Const:99|MajAx:8|B-Mag:3|V-Mag:3|Pax:2|Pm-RA:2|Pm-Dec:2|RadVel:2|Redshift:2|Cstar B-Mag:8
IC1297;PN;19:17:23.40;-39:36:47.0;CrA;0.12;;;10.60;10.70;;;;;;0.3479;-1.730;-5.085;19;0.000063;;14.80;14.20;;;;HD 180206;ESO 337-020,IRAS 19139-3942,PK 358-21 1,PN G358.3-21.6;;;;Type:1|RA:1|Dec:1|Const:99|MajAx:8|B-Mag:3|V-Mag:3|Pax:2|Pm-RA:2|Pm-Dec:2|RadVel:2|Redshift:2|Cstar B-Mag:8|Cstar V-Mag:8
IC1308;HII;19:45:05.24;-14:43:12.9;Sgr;;;;;;;;;;;;;;;;;;;;;;;IRAS 19422-1450;;HII region in NGC 6822.;;Type:1|RA:1|Dec:1|Const:99
IC1310;Cl+N;20:10:00.98;+34:58:08.0;Cyg;15.00;3.00;;;;;;;;;;-1.060;-2.390;;;;;;;;;;LBN 181,MWSC 3273;;;;Type:1|RA:1|Dec:1|Const:99|MajAx:9|MinAx:9|Pm-RA:2|Pm-Dec:2
IC1340;SNR;20:56:08.25;+31:02:52.3;Cyg;25.12;19.95;;;;;;;;;;;;;;;;;;;;;;;Bright knot in the Veil Nebula.;;Type:1|RA:1|Dec:1|Const:99|MajAx:3|MinAx:3
IC1396;Cl+N;21:38:57.62;+57:29:20.6;Cep;14.00;4.00;;;;;;;;;1.0660;-2.355;-4.495;-14;-0.000047;;;;;;;;BD +56 2617,HD 206267,HIP 106886,LBN 451,LBN 452,MWSC 3539;;;;Type:1|RA:1|Dec:1|Const:99|MajAx:9|MinAx:9|Pax:2|Pm-RA:2|Pm-Dec:2|RadVel:2|Redshift:2
IC1454;PN;22:42:25.01;+80:26:32.0;Cep;0.47;;;14.80;14.00;;;;;;0.3310;-2.602;0.283;;;;18.80;;;;;;IRAS 22419+8010,PK 117+18 1,PN G117.5+18.9;;;;Type:1|RA:1|Dec:1|Const:99|MajAx:8|B-Mag:3|V-Mag:3|Pax:2|Pm-RA:2|Pm-Dec:2|Cstar B-Mag:8
IC1470;HII;23:05:10.21;+60:14:38.7;Cep;1.80;1.80;90;11.50;;;;;;;;;;;;;;;;;;;2MASX J23050983+6014560;;;;Type:1|RA:1|Dec:1|Const:99|MajAx:2|MinAx:2|PosAng:2|B-Mag:2
IC1590;Cl+N;00:52:50.20;+56:38:34.9;Cas;6.30;;;;;;;;;;0.3390;-2.368;-1.449;-32;-0.000108;;;;;;;;MWSC 0085;;Involved with the nebula NGC 281.;;Type:1|RA:1|Dec:1|Const:99|MajAx:5|Pax:2|Pm-RA:2|Pm-Dec:2|RadVel:2|Redshift:2
IC1644;HII;01:09:13.01;-73:11:38.8;Tuc;0.80;0.65;40;;11.70;12.01;11.92;11.40;;;;;;166;0.000554;;;;;;;;2MASX J01091306-7311389,ESO 029-035,IRAS 01077-7327;;Within boundaries of SMC.;;Type:1|RA:1|Dec:1|Const:99|MajAx:6|MinAx:6|PosAng:6|V-Mag:2|J-Mag:2|H-Mag:2|K-Mag:2|RadVel:2|Redshift:2
IC1747;PN;01:57:35.73;+63:19:18.4;Cas;0.22;;;13.60;12.00;12.12;11.88;11.03;;;0.3082;-0.876;1.253;-63;-0.000209;;15.80;15.40;;;;HD 11758;2MASX J01573573+6319183,IRAS 01539+6304 ,PK 130+01 1,PN G130.2+01.3;;;;Type:1|RA:1|Dec:1|Const:99|MajAx:8|B-Mag:3|V-Mag:3|J-Mag:2|H-Mag:2|K-Mag:2|Pax:2|Pm-RA:2|Pm-Dec:2|RadVel:2|Redshift:2|Cstar B-Mag:8|Cstar V-Mag:8
IC1795;HII;02:26:31.96;+62:02:29.9;Cas;12.00;12.00;;;;;;;;;;;;;;;;;;;;;LBN 645;;;;Type:1|RA:1|Dec:1|Const:99|MajAx:9|MinAx:9
IC1805;Cl+N;02:32:41.51;+61:27:24.8;Cas;60.00;60.00;;7.03;6.50;;;;;;0.4490;-0.702;-0.669;-41;-0.000135;;;;;;;;LBN 654,MWSC 0209;;;;Type:1|RA:1|Dec:1|Const:99|MajAx:9|MinAx:9|B-Mag:2|V-Mag:2|Pax:2|Pm-RA:2|Pm-Dec:2|RadVel:2|Redshift:2
IC1831;Neb;02:43:56.40;+62:24:41.9;Cas;120.23;;;;;;;;;;;;;;;;;;;;;;;;The IC identification is very uncertain.;;Type:1|RA:1|Dec:1|Const:99|MajAx:3
IC1848;Cl+N;02:51:10.59;+60:24:08.9;Cas;40.00;10.00;;6.87;6.50;;;;;;0.4150;-0.372;-0.315;-30;-0.000102;;;;;;;;LBN 667,MWSC 0236;;Immersed in nebulosity.;;Type:1|RA:1|Dec:1|Const:99|MajAx:9|MinAx:9|B-Mag:2|V-Mag:2|Pax:2|Pm-RA:2|Pm-Dec:2|RadVel:2|Redshift:2
IC1871;HII;02:57:21.79;+60:40:20.5;Cas;4.00;4.00;;;;;;;;;;;;;;;;;;;;;LBN 675;;;;Type:1|RA:1|Dec:1|Const:99|MajAx:9|MinAx:9
IC1990;Neb;03:47:13.83;+24:20:02.0;Tau;;;;;;;;;;;;;;;;;;;;;;;;;;;Type:1|RA:1|Dec:1|Const:99
IC1995;Neb;03:50:18.54;+25:34:50.8;Tau;2.00;2.00;90;;;;;;;;;;;;;;;;;;;;;;;;Type:1|RA:1|Dec:1|Const:99|MajAx:2|MinAx:2|PosAng:2
IC2003;PN;03:56:22.03;+33:52:29.5;Per;0.14;;;12.60;11.40;12.43;12.28;11.51;;;0.2016;0.086;-1.310;-16;-0.000052;;14.70;15.00;;;;;2MASX J03562202+3352292,IRAS 03531+3343 ,PK 161-14 1,PN G161.2-14.8;;Identified as a planetary neb. by Strauss, et al (1992, ApJS, 83, 29).;;Type:1|RA:1|Dec:1|Const:99|MajAx:8|B-Mag:3|V-Mag:3|J-Mag:2|H-Mag:2|K-Mag:2|Pax:2|Pm-RA:2|Pm-Dec:2|RadVel:2|Redshift:2|Cstar B-Mag:8|Cstar V-Mag:8
IC2067;Neb;04:30:51.03;+35:26:46.2;Per;;;;12.36;11.49;;;;;;;;;10;0.000033;;;;;;;;;;;;Type:1|RA:1|Dec:1|Const:99|B-Mag:2|V-Mag:2|RadVel:2|Redshift:2
IC2087;Neb;04:39:59.97;+25:44:32.0;Tau;4.00;4.00;;;;10.67;8.05;6.28;;;;;;;;;;;;;;;2MASS J04395574+2545020,IRAS 04369+2539,LBN 813;;;;Type:1|RA:1|Dec:1|Const:99|MajAx:9|MinAx:9|J-Mag:2|H-Mag:2|K-Mag:2
IC2088;Neb;04:31:04.56;+26:36:25.3;Tau;;;;;;;;;;;;;;;;;;;;;;;;;The IC identification is not certain.;;Type:1|RA:1|Dec:1|Const:99
IC2105;Cl+N;04:49:26.66;-69:12:03.3;Dor;0.65;0.60;170;9.90;11.30;;;;;;;;;;;;;;;;;;2MASX J04492734-6912056,ESO 056-007,HD 269686,IRAS 04496-6917;;Within boundaries of LMC;;Type:1|RA:1|Dec:1|Const:99|MajAx:7|MinAx:7|PosAng:7|B-Mag:2|V-Mag:2
IC2111;Cl+N;04:51:52.12;-69:23:31.8;Dor;0.65;0.55;130;;;;;;;;;;;;;;;;;;;;2MASX J04515204-6923318,ESO 056-013;;One 2MASS source is 8.5 arcsec southwest of the center of the nebula.;;Type:1|RA:1|Dec:1|Const:99|MajAx:7|MinAx:7|PosAng:7
IC2116;HII;04:57:16.26;-66:23:20.5;Dor;0.60;0.60;;13.88;14.21;12.11;11.83;11.07;;;;;;;;;;;;;;;2MASX J04571624-6623202,IRAS 04571-6627,UCAC4 119-004935;;"HII region in the LMC; nearly stellar on the DSS.";;Type:1|RA:1|Dec:1|Const:99|MajAx:7|MinAx:7|B-Mag:2|V-Mag:2|J-Mag:2|H-Mag:2|K-Mag:2
IC2117;Cl+N;04:57:15.21;-68:26:29.3;Dor;1.00;0.90;110;;;;;;;;;;;;;;;;;;;;2MASX J04571529-6826292;;"HII region in the LMC; part of the NGC 1770 association.";;Type:1|RA:1|Dec:1|Const:99|MajAx:7|MinAx:7|PosAng:7
IC2128;Cl+N;05:22:44.17;-68:03:39.9;Dor;4.80;3.60;40;;11.10;;;;;;;;;;;;;;;;;;ESO 056-113,ESO 056-113 ;;LMC stellar association, includes the star cluster ESO 056-SC 113.;;Type:1|RA:1|Dec:1|Const:99|MajAx:7|MinAx:7|PosAng:7|V-Mag:2
IC2144;HII;05:50:13.89;+23:52:20.7;Tau;1.00;1.00;0;;;;;;;;;;;;;;;;;;;;IRAS 05471+2351;;Claimed to be a galactic object by Takata et al. (1994, A&AS, 104, 529).;;Type:1|RA:1|Dec:1|Const:99|MajAx:3|MinAx:3|PosAng:99
IC2145;Neb;05:40:24.75;-69:40:13.1;Dor;0.19;;;;12.00;;;;;;;;;;;;;;;;;;2MASX J05402473-6940128;;Emission nebula in the LMC.;;Type:1|RA:1|Dec:1|Const:99|MajAx:2|V-Mag:2
IC2149;PN;05:56:23.89;+46:06:17.2;Aur;0.14;;;11.17;10.78;10.37;10.31;9.70;;;0.2394;-5.935;-8.685;-34;-0.000112;;11.28;11.59;;;;BD +46 1067,HD 39659;2MASX J05562386+4606175,IRAS 05526+4605 ,PK 166+10 1,PN G166.1+10.4;;;;Type:1|RA:1|Dec:1|Const:99|MajAx:8|B-Mag:3|V-Mag:3|J-Mag:2|H-Mag:2|K-Mag:2|Pax:2|Pm-RA:2|Pm-Dec:2|RadVel:2|Redshift:2|Cstar B-Mag:8|Cstar V-Mag:8
IC2159;Neb;06:09:57.62;+20:25:53.0;Ori;;;;;;;;;;;;;;;;;;;;;;;;;Part of the emission nebula NGC 2175.;;Type:1|RA:1|Dec:1|Const:99
IC2162;HII;06:13:04.70;+17:58:48.3;Ori;4.00;4.00;;;;;;;;;;;;;;;;;;;;;2MASX J06130651+1758545,LBN 859;;One of two 6cm sources associated with [WB92] 0610+1759;;Type:1|RA:1|Dec:1|Const:99|MajAx:9|MinAx:9
IC2165;PN;06:21:42.70;-12:59:14.0;CMa;0.15;;;12.90;10.50;;;;;;;;;53;0.000175;;;17.90;;;;;IRAS 06194-1257,PK 221-12 1,PN G221.3-12.3;;;;Type:1|RA:1|Dec:1|Const:99|MajAx:8|B-Mag:3|V-Mag:3|RadVel:2|Redshift:2|Cstar V-Mag:8
IC2177;RfN;07:04:36.91;-10:28:15.8;Mon;20.00;20.00;;;;;;;;;;;;;;;;;;;;;LBN 1027;;;;Type:1|RA:1|Dec:1|Const:99|MajAx:9|MinAx:9
IC2220;RfN;07:56:50.95;-59:07:32.8;Car;5.00;;;;;;;;;;;;;;;;;;;;;;ESO 124-003,HD 065750,HIP 038834,IRAS 07559-5859;Toby Jug Nebula;Includes a Galactic star, SAO 235638.;;Type:1|RA:1|Dec:1|Const:99|MajAx:3
IC2448;PN;09:07:06.26;-69:56:30.6;Car;0.15;;;11.50;10.40;11.92;11.80;11.07;;;0.2883;-5.749;6.092;-24;-0.000080;;13.97;14.22;;;;HD 78991;2MASX J09070626-6956305,ESO 061-001,ESO 061-01 ,IRAS 09066-6944,PK 285-14 1,PN G285.7-14.9;;;;Type:1|RA:1|Dec:1|Const:99|MajAx:8|B-Mag:3|V-Mag:3|J-Mag:2|H-Mag:2|K-Mag:2|Pax:2|Pm-RA:2|Pm-Dec:2|RadVel:2|Redshift:2|Cstar B-Mag:8|Cstar V-Mag:8
IC2501;PN;09:38:47.18;-60:05:30.7;Car;0.03;;;11.30;10.40;10.39;10.24;9.24;;;;;;33;0.000109;;14.42;14.48;;;;HD 83832;2MASX J09384714-6005305,ESO 126-026,IRAS 09373-5951 ,PK 281-05 1,PN G281.0-05.6;;;;Type:1|RA:1|Dec:1|Const:99|MajAx:8|B-Mag:3|V-Mag:3|J-Mag:2|H-Mag:2|K-Mag:2|RadVel:2|Redshift:2|Cstar B-Mag:8|Cstar V-Mag:8
IC2553;PN;10:09:20.87;-62:36:49.3;Car;0.15;;;13.00;10.30;12.51;12.63;11.64;;;;;;46;0.000153;;15.40;15.50;;;;HD 88367;ESO 127-010,IRAS 10077-6222,PK 285-05 1,PN G285.4-05.3;;;;Type:1|RA:1|Dec:1|Const:99|MajAx:8|B-Mag:3|V-Mag:3|J-Mag:2|H-Mag:2|K-Mag:2|RadVel:2|Redshift:2|Cstar B-Mag:8|Cstar V-Mag:8
IC2599;HII;10:37:27.09;-58:44:00.2;Car;20.00;20.00;;;;;;;;;;;;;;;;;;;;;HD 092207,HIP 052004;;This is part of the emission nebula NGC 3324, and includes a star.;;Type:1|RA:1|Dec:1|Const:99|MajAx:2|MinAx:2
IC2621;PN;11:00:19.99;-65:14:57.7;Car;0.08;;;11.30;11.20;11.61;11.46;10.52;;;;;;20;0.000067;;16.40;15.40;;;;HD 95541;ESO 093-004,IRAS 10583-6458,PK 291-04 1,PN G291.6-04.8;;Within 10 degrees of the galactic plane.;;Type:1|RA:1|Dec:1|Const:99|MajAx:8|B-Mag:3|V-Mag:3|J-Mag:2|H-Mag:2|K-Mag:2|RadVel:2|Redshift:2|Cstar B-Mag:8|Cstar V-Mag:8
IC2631;Neb;11:09:52.79;-76:36:51.5;Cha;;;;;;;;;;;;;;;;;;;;;;;HD 97300;;;;Type:1|RA:1|Dec:1|Const:99
IC2872;Neb;11:28:08.03;-62:59:20.2;Cen;15.14;6.03;;;;;;;;;;;;;;;;;;;;;;;;;Type:1|RA:1|Dec:1|Const:99|MajAx:3|MinAx:3
IC2944;Cl+N;11:35:46.93;-63:01:11.4;Cen;7.20;;;4.50;;;;;;;;-6.050;-0.380;-1;-0.000003;;;;;;;;C 100,HD 100841,HIP 056561,MWSC 1957;lam Cen Nebula;Position is for Lambda Centauri, more or less centered in 40' x 20' nebula.;;Type:1|RA:1|Dec:1|Const:99|MajAx:5|B-Mag:3|Pm-RA:2|Pm-Dec:2|RadVel:2|Redshift:2
IC2948;Cl+N;11:39:05.94;-63:26:37.9;Cen;6.00;;;;;;;;;;0.3880;-5.968;0.647;2;0.000005;;;;;;;;MWSC 1961;;The open cluster ESO 094-SC 005 may be associated with this nebula.;;Type:1|RA:1|Dec:1|Const:99|MajAx:5|Pax:2|Pm-RA:2|Pm-Dec:2|RadVel:2|Redshift:2
IC2966;RfN;11:50:13.55;-64:52:22.6;Mus;3.00;2.00;130;;;;;;;;;;;;;;;;;;;;2MASX J11501351-6452222;;;;Type:1|RA:1|Dec:1|Const:99|MajAx:3|MinAx:3|PosAng:99
IC3329;HII;12:25:55.92;+27:33:50.8;Com;;;;;;;;;;;;;;;;;;;;;;;SDSS J122555.91+273350.8;;HII region in NGC 4393.;SIMBAD considers this a duplicate of NGC4393.;Type:1|RA:1|Dec:1|Const:99
IC3551;HII;12:35:53.71;+27:57:51.0;Com;;;;;;;;;;;;;;;;;;;;;;;;;Group of HII regions in NGC 4559.;;Type:1|RA:1|Dec:1|Const:99
IC3552;HII;12:35:53.90;+27:59:38.0;Com;;;;;;;;;;;;;;;;;;;;;;;;;HII region in NGC 4559.;;Type:1|RA:1|Dec:1|Const:99
IC3555;HII;12:35:55.95;+27:59:20.0;Com;;;;;;;;;;;;;;;;;;;;;;;;;Group of HII regions in NGC 4559.;;Type:1|RA:1|Dec:1|Const:99
IC3563;HII;12:36:07.22;+27:55:38.5;Com;;;;;;;;;;;;;;;;;;;;;;;;;HII region in NGC 3559.;;Type:1|RA:1|Dec:1|Const:99
IC3568;PN;12:33:06.78;+82:33:50.1;Cam;0.38;;;12.80;10.60;11.37;11.40;10.84;;;0.3666;1.522;-2.501;-40;-0.000133;;;;;;;;2MASX J12330668+8233506,IRAS 12317+8250,PK 123+34 1,PN G123.6+34.5,UGC 07731;;;;Type:1|RA:1|Dec:1|Const:99|MajAx:99|B-Mag:3|V-Mag:3|J-Mag:2|H-Mag:2|K-Mag:2|Pax:2|Pm-RA:2|Pm-Dec:2|RadVel:2|Redshift:2
IC4191;PN;13:08:47.23;-67:38:37.5;Mus;0.08;;;12.00;10.60;11.63;11.73;10.75;;;;;;-7;-0.000023;;16.80;16.40;;;;HD 113981;ESO 096-002,IRAS 13054-6722,PK 304-04 1,PN G304.5-04.8;;Within 10 degrees of the galactic plane.;;Type:1|RA:1|Dec:1|Const:99|MajAx:8|B-Mag:3|V-Mag:3|J-Mag:2|H-Mag:2|K-Mag:2|RadVel:2|Redshift:2|Cstar B-Mag:8|Cstar V-Mag:8
IC4406;PN;14:22:26.48;-44:09:00.7;Lup;0.58;;;10.60;10.20;;;;;;0.3858;-3.948;0.159;-22;-0.000073;;17.44;;;;;HD 125720;ESO 272-006,IRAS 14192-4355,PK 319+15 1,PN G319.6+15.7;;;;Type:1|RA:1|Dec:1|Const:99|MajAx:8|B-Mag:3|V-Mag:3|Pax:2|Pm-RA:2|Pm-Dec:2|RadVel:2|Redshift:2|Cstar B-Mag:8
IC4591;HII;16:12:18.16;-27:55:39.9;Sco;12.00;10.00;;;;;;;;;;;;;;;;;;;;;LBN 1096;;Star embedded in nebulosity.;;Type:1|RA:1|Dec:1|Const:99|MajAx:9|MinAx:9
IC4592;RfN;16:11:58.67;-19:27:16.8;Sco;60.00;40.00;;3.90;;;;;;;;;;;;;;;;;;;LBN 1113;;Very large nebula + bright star.  Position on nu2 Scorpii.;;Type:1|RA:1|Dec:1|Const:99|MajAx:9|MinAx:9|B-Mag:2
IC4593;PN;16:11:44.50;+12:04:17.0;Her;0.66;;;10.93;10.70;;;;;;0.3803;-9.281;1.187;22;0.000073;;11.05;11.20;;;;BD +12 2966,HD 145649;PK 25+40 1,PN G025.3+40.8,TYC 953-381-1;;;;Type:1|RA:1|Dec:1|Const:99|MajAx:99|B-Mag:3|V-Mag:3|Pax:2|Pm-RA:2|Pm-Dec:2|RadVel:2|Redshift:2|Cstar B-Mag:8|Cstar V-Mag:8
IC4599;PN;16:19:23.17;-42:15:36.5;Sco;0.24;;;12.40;;11.01;10.56;10.08;;;;-1.546;-1.773;-61;-0.000203;;16.70;16.30;;;;;2MASX J16192317-4215366,ESO 331-001,IRAS 16158-4208,PK 338+05 1,PN G338.8+05.6;;;;Type:1|RA:1|Dec:1|Const:99|MajAx:8|B-Mag:3|J-Mag:2|H-Mag:2|K-Mag:2|Pm-RA:2|Pm-Dec:2|RadVel:2|Redshift:2|Cstar B-Mag:8|Cstar V-Mag:8
IC4601;Neb;16:20:17.80;-20:05:14.3;Sco;20.00;10.00;;;;;;;;;;;;;;;;;;;;;;;Group of Galactic stars embedded in nebulosity.;;Type:1|RA:1|Dec:1|Const:99|MajAx:3|MinAx:3
IC4603;Neb;16:25:24.48;-24:28:06.1;Oph;20.00;5.00;;;;;;;;;;;;;;;;;;;;;LBN 1109;;Two Galactic stars embedded in nebulosity.;;Type:1|RA:1|Dec:1|Const:99|MajAx:9|MinAx:9
IC4604;Neb;16:25:31.17;-23:26:11.7;Oph;60.00;25.00;;5.10;;;;;;;;;;;;;;;;;;;LBN 1111;rho Oph Nebula;Three Galactic stars embedded in nebulosity.;;Type:1|RA:1|Dec:1|Const:99|MajAx:9|MinAx:9|B-Mag:2
IC4605;Neb;16:30:12.48;-25:06:54.6;Sco;30.00;15.00;;4.70;;;;;;;;;;;;;;;;;;;HD 148605,HIP 080815,LBN 1110;;Three Galactic stars embedded in nebulosity.;;Type:1|RA:1|Dec:1|Const:99|MajAx:9|MinAx:9|B-Mag:2
IC4628;Neb;16:56:58.43;-40:27:03.5;Sco;89.13;58.88;;;;;;;;;;;;;;;;;;;;;;;;;Type:1|RA:1|Dec:1|Const:99|MajAx:3|MinAx:3
IC4634;PN;17:01:33.59;-21:49:33.5;Oph;0.14;;;10.70;10.90;12.09;12.17;11.44;;;;-0.270;-5.959;-34;-0.000115;;13.72;13.94;;;;BD -21 4483,HD 153655;ESO 587-001,IRAS 16585-2145,PK 0+12 1,PN G000.3+12.2;;;;Type:1|RA:1|Dec:1|Const:99|MajAx:8|B-Mag:3|V-Mag:3|J-Mag:2|H-Mag:2|K-Mag:2|Pm-RA:2|Pm-Dec:2|RadVel:2|Redshift:2|Cstar B-Mag:8|Cstar V-Mag:8
IC4637;PN;17:05:10.82;-40:53:10.9;Sco;0.31;;;13.60;12.50;;;;;;;;;15;0.000050;;12.88;12.50;;;;HD 154072;ESO 332-021,PK 345+00 1,PN G345.4+00.1;;;;Type:1|RA:1|Dec:1|Const:99|MajAx:8|B-Mag:3|V-Mag:3|RadVel:2|Redshift:2|Cstar B-Mag:8|Cstar V-Mag:8
IC4642;PN;17:11:45.22;-55:23:56.4;Ara;0.28;;;13.40;;;;;;;0.2159;-0.992;-8.317;44;0.000147;;16.09;;;;;HD 154952;ESO 180-004,IRAS 17075-5520,PK 334-09 1,PN G334.3-09.3,UCAC3 70-402396,UCAC4 173-185414;;;;Type:1|RA:1|Dec:1|Const:99|MajAx:8|B-Mag:3|Pax:2|Pm-RA:2|Pm-Dec:2|RadVel:2|Redshift:2|Cstar B-Mag:8
IC4663;PN;17:45:28.20;-44:54:17.5;Sco;0.22;;;13.10;12.50;15.48;;14.29;;;0.2571;-0.074;-4.885;-74;-0.000247;;16.00;15.20;;;;HD 161028;ESO 279-006,IRAS 17417-4453,PK 346-08 1,PN G346.2-08.2;;;;Type:1|RA:1|Dec:1|Const:99|MajAx:8|B-Mag:3|V-Mag:3|J-Mag:2|K-Mag:2|Pax:2|Pm-RA:2|Pm-Dec:2|RadVel:2|Redshift:2|Cstar B-Mag:8|Cstar V-Mag:8
IC4670;PN;17:55:07.00;-21:44:39.3;Sgr;0.08;;;15.03;13.28;12.17;11.79;10.58;;;;-3.800;-0.700;12;0.000040;;16.40;14.70;;;;AS Sgr;ESO 589-020,IRAS 17521-2144,PK 007+01 1,PN G007.2+01.8;;;;Type:1|RA:1|Dec:1|Const:99|MajAx:8|B-Mag:3|V-Mag:3|J-Mag:2|H-Mag:2|K-Mag:2|Pm-RA:2|Pm-Dec:2|RadVel:2|Redshift:2|Cstar B-Mag:8|Cstar V-Mag:8
IC4673;PN;18:03:18.40;-27:06:22.0;Sgr;0.25;;;12.90;13.00;;;;;;0.8415;0.337;-2.320;-15;-0.000051;;18.00;17.60;;;;;ESO 521-015,IRAS 18001-2706,PK 3-02 3,PN G003.5-02.4;;;;Type:1|RA:1|Dec:1|Const:99|MajAx:8|B-Mag:3|V-Mag:3|Pax:2|Pm-RA:2|Pm-Dec:2|RadVel:2|Redshift:2|Cstar B-Mag:8|Cstar V-Mag:8
IC4678;Neb;18:06:33.47;-23:57:16.0;Sgr;;;;10.40;;;;;;;;;;;;;;;;;;;;;A Galactic star embedded in nebulosity.;;Type:1|RA:1|Dec:1|Const:99|B-Mag:2
IC4684;RfN;18:09:08.44;-23:26:07.6;Sgr;3.00;2.00;;;;;;;;;;;;;;;;;;;;;LBN 34;;Two Galactic stars embedded in nebulosity.;;Type:1|RA:1|Dec:1|Const:99|MajAx:9|MinAx:9
IC4685;Neb;18:09:17.50;-23:59:14.1;Sgr;15.00;10.00;;;;;;;;;;;;;;;;;;;;;;;A Galactic star embedded in nebulosity.;;Type:1|RA:1|Dec:1|Const:99|MajAx:3|MinAx:3
IC4699;PN;18:18:32.79;-45:58:59.1;Tel;0.08;;;11.90;13.00;15.11;15.13;14.34;;;0.1609;-0.251;-3.472;-136;-0.000454;;14.82;15.10;;;;HD 167672;ESO 280-008,IRAS 18148-4600,PK 348-13 1,PN G348.0-13.8,UCAC2 12325246,UCAC3 89-368398,UCAC4 221-166083;;;;Type:1|RA:1|Dec:1|Const:99|MajAx:8|B-Mag:3|V-Mag:3|J-Mag:2|H-Mag:2|K-Mag:2|Pax:2|Pm-RA:2|Pm-Dec:2|RadVel:2|Redshift:2|Cstar B-Mag:8|Cstar V-Mag:8
IC4701;Neb;18:16:35.74;-16:38:53.8;Sgr;60.00;40.00;;;;;;;;;;;;;;;;;;;;;LBN 55;;;;Type:1|RA:1|Dec:1|Const:99|MajAx:9|MinAx:9
IC4703;Neb;18:18:56.22;-13:50:43.4;Se2;5.05;5.05;90;6.58;6.00;;;;;;0.5660;0.178;-1.576;10;0.000033;;;;;;;;;Eagle Nebula,Star Queen;This is the nebula associated with the open cluster MESSIER 16 = NGC 6611.;;Type:1|RA:1|Dec:1|Const:99|MajAx:2|MinAx:2|PosAng:2|B-Mag:2|V-Mag:2|Pax:2|Pm-RA:2|Pm-Dec:2|RadVel:2|Redshift:2
IC4706;Neb;18:19:36.94;-16:01:52.6;Sgr;3.47;;;;;;;;;;;;;;;;;;;;;;;;;;Type:1|RA:1|Dec:1|Const:99|MajAx:3
IC4707;Neb;18:19:53.91;-16:00:33.3;Sgr;3.47;;;;;;;;;;;;;;;;;;;;;;;;;;Type:1|RA:1|Dec:1|Const:99|MajAx:3
IC4732;PN;18:33:54.60;-22:38:41.0;Sgr;0.07;;;13.30;12.10;12.88;12.80;11.90;;;;;;-141;-0.000470;;16.50;16.20;;;;BD -22 18309,HD 171131;ESO 523-001,IRAS 18308-2241,PK 10-06 1,PN G010.7-06.4;;;;Type:1|RA:1|Dec:1|Const:99|MajAx:8|B-Mag:3|V-Mag:3|J-Mag:2|H-Mag:2|K-Mag:2|RadVel:2|Redshift:2|Cstar B-Mag:8|Cstar V-Mag:8
IC4776;PN;18:45:50.70;-33:20:35.0;Sgr;0.12;;;11.70;10.80;;;;;;;-7.900;-2.000;19;0.000063;;14.30;14.10;;;;HD 173283;ESO 396-002,IRAS 18425-3323,PK 2-13 1,PN G002.0-13.4;;;;Type:1|RA:1|Dec:1|Const:99|MajAx:8|B-Mag:3|V-Mag:3|Pm-RA:2|Pm-Dec:2|RadVel:2|Redshift:2|Cstar B-Mag:8|Cstar V-Mag:8
IC4812;Neb;19:01:03.63;-37:03:37.2;CrA;10.00;6.92;;;;;;;;;;;;;;;;;;;;;;;Two Galactic stars embedded in nebulosity.;;Type:1|RA:1|Dec:1|Const:99|MajAx:3|MinAx:3
IC4846;PN;19:16:28.30;-09:02:37.0;Aql;0.03;;;12.70;11.90;12.68;12.84;11.90;;;;;;151;0.000504;;15.19;15.19;;;;HD 180324,BD -09 5069;IRAS 19137-0908,PK 27-09 1,PN G027.6-09.6;;;;Type:1|RA:1|Dec:1|Const:99|MajAx:8|B-Mag:3|V-Mag:3|J-Mag:2|H-Mag:2|K-Mag:2|RadVel:2|Redshift:2|Cstar B-Mag:8|Cstar V-Mag:8
IC4954;HII;20:04:45.02;+29:15:10.1;Vul;3.00;1.00;;;;;;;;;;;;;;;;;;;;;LBN 153;;Two Galactic stars embedded in nebulosity.;;Type:1|RA:1|Dec:1|Const:99|MajAx:9|MinAx:9
IC4955;Neb;20:04:52.55;+29:11:33.4;Vul;2.09;1.55;80;12.98;;;;;;;;;;;;;;;;;;;;;Several Galactic stars embedded in nebulosity.;;Type:1|RA:1|Dec:1|Const:99|MajAx:3|MinAx:3|PosAng:3|B-Mag:3
IC4997;PN;20:20:08.80;+16:43:54.0;Sge;0.03;;;11.60;10.50;10.45;10.41;9.67;;;;-5.099;-23.074;-64;-0.000215;;14.60;14.40;;;;HD 193538;IRAS 20178+1634,PK 58-10 1,PN G058.3-10.9,TYC 1631-1785-1;;;;Type:1|RA:1|Dec:1|Const:99|MajAx:8|B-Mag:3|V-Mag:3|J-Mag:2|H-Mag:2|K-Mag:2|Pm-RA:2|Pm-Dec:2|RadVel:2|Redshift:2|Cstar B-Mag:8|Cstar V-Mag:8
IC5068;HII;20:50:29.76;+42:28:39.7;Cyg;40.00;30.00;;;;;;;;;;;;;;;;;;;;;LBN 328;;;;Type:1|RA:1|Dec:1|Const:99|MajAx:9|MinAx:9
IC5070;HII;20:51:00.72;+44:24:05.4;Cyg;60.00;50.00;;8.00;;;;;;;;;;;;;;;;;;;LBN 350;Pelican Nebula;Part of the Pelican Nebula.;;Type:1|RA:1|Dec:1|Const:99|MajAx:9|MinAx:9|B-Mag:3
IC5076;RfN;20:55:33.42;+47:23:44.0;Cyg;7.00;7.00;;;;;;;;;;;;;;;;;;;;;LBN 394;;;;Type:1|RA:1|Dec:1|Const:99|MajAx:9|MinAx:9
IC5117;PN;21:32:30.97;+44:35:47.6;Cyg;0.02;;;13.30;11.50;11.30;10.72;9.49;;;;;;-26;-0.000086;;17.50;16.70;;;;HD 205211;IRAS 21306+4422,PK 89-05 1,PN G089.8-05.1;;;;Type:1|RA:1|Dec:1|Const:99|MajAx:8|B-Mag:3|V-Mag:3|J-Mag:2|H-Mag:2|K-Mag:2|RadVel:2|Redshift:2|Cstar B-Mag:8|Cstar V-Mag:8
IC5132;Neb;21:42:40.21;+66:10:06.4;Cep;;;;;;;;;;;;;;;;;;;;;;;;;Includes a Galactic star.;;Type:1|RA:1|Dec:1|Const:99
IC5133;Neb;21:42:47.14;+66:10:52.1;Cep;;;;;;;;;;;;;;;;;;;;;;;;;Includes a Galactic star.;;Type:1|RA:1|Dec:1|Const:99
IC5134;Neb;21:42:58.68;+66:06:10.2;Cep;7.59;;;;;;;;;;;;;;;;;;;;;;;;This is part of the Galactic diffuse nebula NGC 7129.  Includes a star.;;Type:1|RA:1|Dec:1|Const:99|MajAx:3
IC5146;Cl+N;21:53:28.76;+47:16:00.9;Cyg;10.00;10.00;;7.82;7.20;;;;;;1.2130;-2.910;-2.490;-5;-0.000018;;;;;;;;C 019,LBN 424,MWSC 3571;Cocoon Nebula;The position is for the included star.;;Type:1|RA:1|Dec:1|Const:99|MajAx:9|MinAx:9|B-Mag:2|V-Mag:2|Pax:2|Pm-RA:2|Pm-Dec:2|RadVel:2|Redshift:2
IC5148;PN;21:59:35.20;-39:23:09.0;Gru;2.30;;;12.90;11.00;;;;;;0.7816;6.523;-7.788;-26;-0.000087;;;16.50;;;5150;;ESO 344-005,IRAS 21565-3937,PK 2-52 1,PN G002.7-52.4;;;;Type:1|RA:1|Dec:1|Const:99|MajAx:99|B-Mag:3|V-Mag:3|Pax:2|Pm-RA:2|Pm-Dec:2|RadVel:2|Redshift:2|Cstar V-Mag:8
IC5217;PN;22:23:55.70;+50:58:00.0;Lac;0.11;;;12.60;11.30;12.59;12.62;12.01;;;0.6827;-6.108;-2.578;-99;-0.000329;;15.40;15.50;;;;HD 212534;IRAS 22219+5042,PK 100-05 1,PN G100.6-05.4;;;;Type:1|RA:1|Dec:1|Const:99|MajAx:8|B-Mag:3|V-Mag:3|J-Mag:2|H-Mag:2|K-Mag:2|Pax:2|Pm-RA:2|Pm-Dec:2|RadVel:2|Redshift:2|Cstar B-Mag:8|Cstar V-Mag:8
NGC0040;PN;00:13:01.03;+72:31:19.0;Cep;0.80;;;11.27;11.89;10.89;10.80;10.38;;;0.5041;-7.249;-1.811;-20;-0.000068;11.14;11.82;11.58;;;;HD 000826,HIP 001041,TYC 4302-01297-1;C 002,IRAS 00102+7214,PN G120.0+09.8;Bow-Tie nebula;;;Type:1|RA:1|Dec:1|Const:99|MajAx:8|B-Mag:3|V-Mag:3|J-Mag:2|H-Mag:2|K-Mag:2|Pax:2|Pm-RA:2|Pm-Dec:2|RadVel:2|Redshift:2|Cstar U-Mag:8|Cstar B-Mag:8|Cstar V-Mag:8
NGC0246;PN;00:47:03.36;-11:52:19.0;Cet;4.08;;;8.00;10.90;;;;;;1.9521;-16.962;-8.995;-16;-0.000052;10.41;11.60;11.96;;;;BD -12 0134,HIP 003678,UCAC2 27592055;C 056,PN G118.8-74.7;;;;Type:1|RA:1|Dec:1|Const:99|MajAx:8|B-Mag:3|V-Mag:3|Pax:2|Pm-RA:2|Pm-Dec:2|RadVel:2|Redshift:2|Cstar U-Mag:8|Cstar B-Mag:8|Cstar V-Mag:8
NGC0248;Cl+N;00:45:24.04;-73:22:47.3;Tuc;1.40;1.10;110;;;;;;;;;;;;;;;;;;;;;;In the Small Magellanic Cloud.;;Type:1|RA:1|Dec:1|Const:99|MajAx:6|MinAx:6|PosAng:6
NGC0249;HII;00:45:32.86;-73:04:48.3;Tuc;1.10;0.70;0;13.80;;;;;;;;;;;;;;;;;;;ESO 029-009;;Within boundaries of SMC.;;Type:1|RA:1|Dec:1|Const:99|MajAx:6|MinAx:6|PosAng:6|B-Mag:3
NGC0261;Neb;00:46:27.91;-73:06:13.1;Tuc;1.30;1.10;110;13.00;;;;;;;;;;;;;;;;;;;ESO 029-012,IRAS 00447-7322;;In the Small Magellanic Cloud.;;Type:1|RA:1|Dec:1|Const:99|MajAx:6|MinAx:6|PosAng:6|B-Mag:3
NGC0281;HII;00:52:59.35;+56:37:18.8;Cas;35.00;30.00;;;;;;;;;;;;-34;-0.000112;;;;;;0011;;LBN 616;;;;Type:1|RA:1|Dec:1|Const:99|MajAx:9|MinAx:9|RadVel:2|Redshift:2
NGC0460;Cl+N;01:14:38.60;-73:16:27.1;Tuc;2.60;1.50;20;;;;;;;;;;;;;;;;;;;;;;;;Type:1|RA:1|Dec:1|Const:99|MajAx:6|MinAx:6|PosAng:6
NGC0588;HII;01:32:45.94;+30:38:51.1;Tri;0.60;0.43;;14.40;14.44;;;;;;;;;;;;;;;;;;IRAS 01299+3023;;H II region within boundaries of Messier 033.;;Type:1|RA:1|Dec:1|Const:99|MajAx:99|MinAx:99|B-Mag:2|V-Mag:2
NGC0595;HII;01:33:33.83;+30:41:29.6;Tri;1.73;0.90;;;;;;;;;;;;;;;;;;;;;;;;;Type:1|RA:1|Dec:1|Const:99|MajAx:99|MinAx:99
NGC0604;HII;01:34:33.19;+30:47:05.6;Tri;1.93;1.20;;;;;;;;;;;;;;;;;;;;;IRAS 01317+3031;;SNR involved.  See 1987A&A...174...28C.;;Type:1|RA:1|Dec:1|Const:99|MajAx:99|MinAx:99
NGC0650;PN;01:42:19.69;+51:34:31.7;Per;1.12;;;12.20;10.10;;;;;;;-0.254;-4.165;-24;-0.000079;;;17.48;076;0651;;;2MASX J01421808+5134243,IRAS 01391+5119,PN G130.9-10.5;Barbell Nebula,Cork Nebula,Little Dumbbell Nebula;The 2MASX position is centered on a superposed star.;;Type:1|RA:1|Dec:1|Const:99|MajAx:8|B-Mag:3|V-Mag:3|Pm-RA:2|Pm-Dec:2|RadVel:2|Redshift:2|Cstar V-Mag:8
NGC0896;Neb;02:25:27.82;+62:01:09.7;Cas;10.00;10.00;;;;;;;;;;;;;;;;;;;;;;;;;Type:1|RA:1|Dec:1|Const:99|MajAx:3|MinAx:3
NGC1333;Cl+N;03:28:55.2;+31:22:12;Per;19.50;;;10.90;;;;;;;3.3440;7.425;-9.865;16;0.000053;;;;;;;;LBN 741,MWSC 0279;;;;Type:1|RA:1|Dec:1|Const:99|MajAx:9|B-Mag:2|Pax:2|Pm-RA:2|Pm-Dec:2|RadVel:2|Redshift:2
NGC1360;PN;03:33:14.65;-25:52:18.2;For;6.42;;;9.60;9.40;12.08;12.29;12.37;;;2.5517;1.770;24.910;108;0.000360;9.64;10.96;11.35;;;;HIP 016566,TYC 6450-01071-1;ESO 482-007,IRAS 03311-2601,PN G220.3-53.9;;;;Type:1|RA:1|Dec:1|Const:99|MajAx:8|B-Mag:3|V-Mag:3|J-Mag:2|H-Mag:2|K-Mag:2|Pax:2|Pm-RA:2|Pm-Dec:2|RadVel:2|Redshift:2|Cstar U-Mag:8|Cstar B-Mag:8|Cstar V-Mag:8
NGC1432;HII;03:45:49.59;+24:22:04.3;Tau;60.00;40.00;;;;;;;;;;;;;;;;;;;;;BD +23 0516,HD 023408,HIP 017573,LBN 771;Maia Nebula;;;Type:1|RA:1|Dec:1|Const:99|MajAx:9|MinAx:9
NGC1435;Neb;03:46:10.09;+23:45:53.9;Tau;30.00;30.00;;;;;;;;;;;;;;;;;;;;;;Merope Nebula;;;Type:1|RA:1|Dec:1|Const:99|MajAx:3|MinAx:3
NGC1491;HII;04:03:13.56;+51:18:57.9;Per;9.00;6.00;;;;;;;;;;;;;;;;;;;;;LBN 704;;Within 10 degrees of the galactic plane.;;Type:1|RA:1|Dec:1|Const:99|MajAx:9|MinAx:9
NGC1499;Neb;04:03:14.42;+36:22:02.9;Per;160.00;40.00;;5.00;;;;;;;;;;;;;;;;;;;LBN 756;California Nebula;;;Type:1|RA:1|Dec:1|Const:99|MajAx:9|MinAx:9|B-Mag:3
NGC1501;PN;04:06:59.37;+60:55:14.5;Cam;0.87;;;13.30;11.50;13.20;12.92;12.79;;;0.5673;2.201;-5.196;37;0.000123;14.34;15.17;14.39;;;;;IRAS 04026+6047,PN G144.5+06.5;;;;Type:1|RA:1|Dec:1|Const:99|MajAx:8|B-Mag:3|V-Mag:3|J-Mag:2|H-Mag:2|K-Mag:2|Pax:2|Pm-RA:2|Pm-Dec:2|RadVel:2|Redshift:2|Cstar U-Mag:8|Cstar B-Mag:8|Cstar V-Mag:8
NGC1514;PN;04:09:16.95;+30:46:33.3;Tau;2.20;;;10.05;10.19;8.19;8.10;8.00;;;2.1446;-6.392;3.795;60;0.000199;9.87;9.93;9.42;;;;BD +30 0623,HIP 019395,SAO 57020,TYC 2358-00056-1;IRAS 04061+3038,PN G165.5-15.2;;;;Type:1|RA:1|Dec:1|Const:99|MajAx:8|B-Mag:3|V-Mag:3|J-Mag:2|H-Mag:2|K-Mag:2|Pax:2|Pm-RA:2|Pm-Dec:2|RadVel:2|Redshift:2|Cstar U-Mag:8|Cstar B-Mag:8|Cstar V-Mag:8
NGC1535;PN;04:14:15.77;-12:44:21.8;Eri;0.85;;;9.60;9.60;10.90;10.86;10.25;;;0.8232;3.374;-1.626;-1;-0.000005;;12.19;12.18;;;;BD -13 842,HD 26847;2MASX J04141578-1244216,IRAS 04119-1251,PN G206.4-40.5;;;;Type:1|RA:1|Dec:1|Const:99|MajAx:99|B-Mag:3|V-Mag:3|J-Mag:2|H-Mag:2|K-Mag:2|Pax:2|Pm-RA:2|Pm-Dec:2|RadVel:2|Redshift:2|Cstar B-Mag:8|Cstar V-Mag:8
NGC1555;RfN;04:21:59.43;+19:32:06.6;Tau;1.82;1.35;74;9.98;;;;;;;;;;;;;;;;;;;BD +19 0706,HIP 020390,IRAS 04190+1924,IRAS 04190+1924;Hind's Nebula,Hind's Variable Nebula;Identified as a star by Strauss, et al (1992, ApJS, 83, 29).;;Type:1|RA:1|Dec:1|Const:99|MajAx:3|MinAx:3|PosAng:3|B-Mag:2
NGC1579;Cl+N;04:30:13.80;+35:16:10.0;Per;10.20;;;;;;;;;;1.8100;2.477;-4.945;11;0.000037;;;;;;;;IRAS 04269+3510,LBN 767,MWSC 0385;;Identified as IR cirrus by Strauss, et al (1992, ApJS, 83, 29).;;Type:1|RA:1|Dec:1|Const:99|MajAx:9|Pax:2|Pm-RA:2|Pm-Dec:2|RadVel:2|Redshift:2
NGC1624;Cl+N;04:40:36.50;+50:27:42.0;Per;3.00;;;;11.80;;;;;;0.1450;0.006;-0.456;;;;;;;;;;2MASX J04403475+5027419,LBN 722,MWSC 0408;;;;Type:1|RA:1|Dec:1|Const:99|MajAx:9|V-Mag:2|Pax:2|Pm-RA:2|Pm-Dec:2
NGC1714;Cl+N;04:52:08.85;-66:55:24.2;Dor;1.10;1.10;;11.51;11.61;;;;;;;;;;;;;;;;;;2MASX J04520886-6655238,ESO 085-008,IRAS 04520-6700;;Open cluster involved.  In LMC.;;Type:1|RA:1|Dec:1|Const:99|MajAx:7|MinAx:7|B-Mag:2|V-Mag:2
NGC1715;EmN;04:52:10.48;-66:54:31.3;Dor;1.10;1.00;130;;;;;;;;;;;;;;;;;;;;;;In the Large Magellanic Cloud.;;Type:1|RA:1|Dec:1|Const:99|MajAx:7|MinAx:7|PosAng:7
NGC1722;Cl+N;04:52:00.60;-69:22:30.0;Dor;2.50;2.10;170;;;;;;;;;;;250;0.000834;;;;;;;;;;Within boundaries of LMC;;Type:1|RA:1|Dec:1|Const:99|MajAx:7|MinAx:7|PosAng:7|RadVel:2|Redshift:2
NGC1727;Cl+N;04:52:12.77;-69:20:20.1;Dor;2.80;2.00;90;;;;;;;;;;;;;;;;;;;;;;Nebulosity involved.;;Type:1|RA:1|Dec:1|Const:99|MajAx:7|MinAx:7|PosAng:7
NGC1736;EmN;04:53:01.55;-68:03:11.2;Dor;1.90;1.40;170;15.50;;13.01;13.11;12.24;;;;;;;;;;;;;;;;;In the Large Magellanic Cloud.;;Type:1|RA:1|Dec:1|Const:99|MajAx:7|MinAx:7|PosAng:7|B-Mag:2|J-Mag:2|H-Mag:2|K-Mag:2
NGC1737;HII;04:53:59.71;-69:10:28.4;Dor;1.10;0.95;110;;;;;;;;;;;;;;;;;;;;2MASX J04535969-6910281,ESO 056-020;;In large complex in the Large Magellanic Cloud.;;Type:1|RA:1|Dec:1|Const:99|MajAx:7|MinAx:7|PosAng:7
NGC1743;Neb;04:54:02.67;-69:11:55.0;Dor;0.95;0.85;130;;11.26;;;;;;;;;;;;;;;;;;ESO 056-021;;In the Large Magellanic Cloud.;;Type:1|RA:1|Dec:1|Const:99|MajAx:7|MinAx:7|PosAng:7|V-Mag:2
NGC1745;Neb;04:54:20.62;-69:09:32.0;Dor;1.20;1.10;90;;13.40;;;;;;;;;;;;;;;;;;;;In the Large Magellanic Cloud.;;Type:1|RA:1|Dec:1|Const:99|MajAx:7|MinAx:7|PosAng:7|V-Mag:2
NGC1748;Neb;04:54:25.97;-69:11:02.8;Dor;0.90;0.80;100;12.75;12.30;;;;;;;;;;;;;;;;2114;;ESO 056-024,IRAS 04546-6915;;In large complex in the Large Magellanic Cloud.;;Type:1|RA:1|Dec:1|Const:99|MajAx:7|MinAx:7|PosAng:7|B-Mag:2|V-Mag:2
NGC1760;HII;04:56:44.37;-66:31:38.4;Dor;5.10;2.10;80;;;;;;;;;;;;;;;;;;;;ESO 085-019;;In the Large Magellanic Cloud.;;Type:1|RA:1|Dec:1|Const:99|MajAx:7|MinAx:7|PosAng:7
NGC1763;Cl+N;04:56:49.19;-66:24:32.7;Dor;5.20;3.60;70;;9.40;;;;;;;;;;;;;;;;;;;;"Stars involved; in the Large Magellanic Cloud.";;Type:1|RA:1|Dec:1|Const:99|MajAx:7|MinAx:7|PosAng:7|V-Mag:2
NGC1769;EmN;04:57:47.37;-66:28:08.7;Dor;4.10;2.60;60;;;;;;;;;;;;;;;;;;;;ESO 085-023;;In the Large Magellanic Cloud.;;Type:1|RA:1|Dec:1|Const:99|MajAx:7|MinAx:7|PosAng:7
NGC1770;Cl+N;04:57:15.71;-68:25:05.1;Dor;4.10;4.10;;;;;;;;;;;;;;;;;;;;;;;Nebulosity involved.;;Type:1|RA:1|Dec:1|Const:99|MajAx:7|MinAx:7
NGC1773;Neb;04:58:12.03;-66:21:36.4;Dor;2.70;2.10;30;;;;;;;;;;;;;;;;;;;;2MASX J04581196-6622139,IRAS 04580-6626;;The 2MASS position refers to a knot southwest of the center.;;Type:1|RA:1|Dec:1|Const:99|MajAx:7|MinAx:7|PosAng:7
NGC1788;RfN;05:06:53.22;-03:20:27.5;Ori;2.00;2.00;;5.80;;;;;;;;;;;;;;;;;;;IRAS 05044-0325,LBN 916;;Identified as IR cirrus by Strauss, et al (1992, ApJS, 83, 29).;;Type:1|RA:1|Dec:1|Const:99|MajAx:9|MinAx:9|B-Mag:2
NGC1814;Cl+N;05:03:46.46;-67:18:02.4;Dor;1.20;1.10;10;;12.76;;;;;;;;;;;;;;;;;;ESO 085-036;;Nebulostiy involved.;;Type:1|RA:1|Dec:1|Const:99|MajAx:7|MinAx:7|PosAng:7|V-Mag:2
NGC1829;Cl+N;05:05:00.00;-68:03:33.3;Dor;1.80;1.60;20;;;;;;;;;;;;;;;;;;;;;;Nebulosity involved.;;Type:1|RA:1|Dec:1|Const:99|MajAx:7|MinAx:7|PosAng:7
NGC1833;Cl+N;05:04:24.51;-70:43:41.0;Men;1.60;1.10;60;;;;;;;;;;;;;;;;;;;;2MASX J05042444-7043409,2MASX J05042444-7043409 ID,ESO 056-055,IRAS 05049-7047;;Nebulosity involved.;;Type:1|RA:1|Dec:1|Const:99|MajAx:7|MinAx:7|PosAng:7
NGC1858;Cl+N;05:09:51.94;-68:53:28.5;Dor;4.40;2.60;170;9.76;9.88;;;;;;;;;;;;;;;;;;IRAS 05101-6855;;Open cluster involved.  In the Large Magellanic Cloud.;;Type:1|RA:1|Dec:1|Const:99|MajAx:7|MinAx:7|PosAng:7|B-Mag:2|V-Mag:2
NGC1869;Cl+N;05:13:56.32;-67:22:45.8;Dor;2.00;1.40;100;;;;;;;;;;;;;;;;;;;;IRAS 05140-6726;;Nebulosity involved.;;Type:1|RA:1|Dec:1|Const:99|MajAx:7|MinAx:7|PosAng:7
NGC1871;Cl+N;05:13:51.76;-67:27:09.5;Dor;2.30;1.60;60;10.21;10.09;;;;;;;;;;;;;;;;;;IRAS 05139-6730;;Nebulosity involved.;;Type:1|RA:1|Dec:1|Const:99|MajAx:7|MinAx:7|PosAng:7|B-Mag:2|V-Mag:2
NGC1873;Cl+N;05:13:55.67;-67:20:03.7;Dor;2.80;2.20;120;;10.44;;;;;;;;;;;;;;;;;;;;HII region involved.;;Type:1|RA:1|Dec:1|Const:99|MajAx:7|MinAx:7|PosAng:7|V-Mag:2
NGC1874;Cl+N;05:13:11.66;-69:22:34.4;Dor;1.40;1.10;100;12.47;12.81;;;;;;;;;;;;;;;;;;ESO 056-082;;In the Large Magellanic Cloud.;;Type:1|RA:1|Dec:1|Const:99|MajAx:7|MinAx:7|PosAng:7|B-Mag:2|V-Mag:2
NGC1876;Cl+N;05:13:18.63;-69:21:43.7;Dor;1.50;1.50;;11.54;11.71;;;;;;;;;;;;;;;;;;ESO 056-084;;"Star cluster involved; in the Large Magellanic Cloud.";;Type:1|RA:1|Dec:1|Const:99|MajAx:7|MinAx:7|B-Mag:2|V-Mag:2
NGC1877;Neb;05:13:38.84;-69:23:01.6;Dor;1.10;0.60;130;12.00;;;;;;;;;;;;;;;;;;;;;In the Large Magellanic Cloud.;;Type:1|RA:1|Dec:1|Const:99|MajAx:7|MinAx:7|PosAng:7|B-Mag:3
NGC1880;HII;05:13:25.18;-69:22:46.0;Dor;1.20;1.00;140;12.47;12.81;;;;;;;;;;;;;;;;;;IRAS 05136-6925;;In the Large Magellanic Cloud.;;Type:1|RA:1|Dec:1|Const:99|MajAx:7|MinAx:7|PosAng:7|B-Mag:2|V-Mag:2
NGC1895;Neb;05:16:51.59;-67:19:46.5;Dor;1.40;1.30;40;;12.93;;;;;;;;;;;;;;;;;;IRAS 05169-6722;;In the Large Magellanic Cloud.;;Type:1|RA:1|Dec:1|Const:99|MajAx:7|MinAx:7|PosAng:7|V-Mag:2
NGC1899;HII;05:17:48.67;-67:54:02.6;Dor;1.10;1.00;20;;;;;;;;;;;;;;;;;;;;;;In the Large Magellanic Cloud.;;Type:1|RA:1|Dec:1|Const:99|MajAx:7|MinAx:7|PosAng:7
NGC1909;RfN;05:04:55.44;-07:15:56.3;Eri;180.00;60.00;;;;;;;;;;;;;;;;;;;2118;;LBN 959;the Witch Head Nebula;Identification as NGC 1909 is uncertain.;;Type:1|RA:1|Dec:1|Const:99|MajAx:9|MinAx:9
NGC1910;Cl+N;05:18:43.07;-69:13:54.9;Dor;3.60;2.80;120;;9.65;;;;;;;;;;;;;;;;;;ESO 056-099;;In the Large Magellanic Cloud.;NED lists this as HII region, Simbad and Corwin lists it as a star cluster.;Type:99|RA:1|Dec:1|Const:99|MajAx:7|MinAx:7|PosAng:7|V-Mag:2
NGC1914;Cl+N;05:17:39.76;-71:15:21.1;Men;1.50;1.20;150;;12.01;;;;;;;;;;;;;;;;;;2MASX J05173461-7114571,IRAS 05182-7117;;Nebulosity involved.  In the Large Magellanic Cloud.;;Type:1|RA:1|Dec:1|Const:99|MajAx:7|MinAx:7|PosAng:7|V-Mag:2
NGC1918;SNR;05:19:06.99;-69:39:44.8;Dor;3.90;1.70;120;;;;;;;;;;;;;;;;;;;;;;In the Large Magellanic Cloud.;;Type:1|RA:1|Dec:1|Const:99|MajAx:7|MinAx:7|PosAng:7
NGC1919;Neb;05:20:19.05;-66:53:28.1;Dor;1.40;1.20;50;;;;;;;;;;;;;;;;;;;;;;In the Large Magellanic Cloud.  This may also be NGC 1915.;;Type:1|RA:1|Dec:1|Const:99|MajAx:7|MinAx:7|PosAng:7
NGC1920;HII;05:20:33.50;-66:46:43.4;Dor;1.20;1.10;100;;12.54;;;;;;;;;;;;;;;;;;2MASX J05203358-6646437,IRAS 05205-6649;;In the Large Magellanic Cloud.  This may also be NGC 1911.;;Type:1|RA:1|Dec:1|Const:99|MajAx:7|MinAx:7|PosAng:7|V-Mag:2
NGC1923;Cl+N;05:21:34.06;-65:29:12.2;Dor;0.95;0.85;80;11.49;11.24;;;;;;;;;;;;;;;;;;ESO 085-075,IRAS 05214-6532;;HII region involved.;;Type:1|RA:1|Dec:1|Const:99|MajAx:7|MinAx:7|PosAng:7|B-Mag:2|V-Mag:2
NGC1931;Cl+N;05:31:25.35;+34:14:47.6;Aur;4.80;;;;10.10;;;;;;;1.580;-7.550;;;;;;;;;;2MASX J05312534+3414475,LBN 810,MWSC 0564;;;;Type:1|RA:1|Dec:1|Const:99|MajAx:9|V-Mag:2|Pm-RA:2|Pm-Dec:2
NGC1934;Cl+N;05:21:47.89;-67:56:13.8;Dor;1.90;1.30;150;;10.50;;;;;;;;;;;;;;;;;;;;In the Large Magellanic Cloud.;;Type:1|RA:1|Dec:1|Const:99|MajAx:7|MinAx:7|PosAng:7|V-Mag:2
NGC1935;HII;05:21:58.71;-67:57:26.6;Dor;1.20;1.20;;;;;;;;;;;;;;;;;;;2126;;;;Part of a large star-formation complex in the LMC.;;Type:1|RA:1|Dec:1|Const:99|MajAx:7|MinAx:7
NGC1936;EmN;05:22:13.96;-67:58:41.9;Dor;1.00;1.00;;;11.60;16.03;14.51;12.87;;;;;;;;;;;;;2127;;IRAS 05223-6801;;Part of a large star-formation complex in the LMC.;;Type:1|RA:1|Dec:1|Const:99|MajAx:7|MinAx:7|V-Mag:2|J-Mag:2|H-Mag:2|K-Mag:2
NGC1941;Cl+N;05:23:07.70;-66:22:43.1;Dor;0.90;0.80;100;12.07;12.00;;;;;;;;;;;;;;;;;;IRAS 05232-6626;;Stars involved.  In the Large Magellanic Cloud.;;Type:1|RA:1|Dec:1|Const:99|MajAx:7|MinAx:7|PosAng:7|B-Mag:2|V-Mag:2
NGC1945;EmN;05:24:54.96;-66:27:26.9;Dor;10.00;6.00;60;;;;;;;;;;;;;;;;;;;;ESO 085-083;;In the Large Magellanic Cloud.;;Type:1|RA:1|Dec:1|Const:99|MajAx:7|MinAx:7|PosAng:7
NGC1948;Cl+N;05:25:46.24;-66:16:00.5;Dor;7.00;5.70;30;10.81;10.61;;;;;;;;;;;;;;;;;;;;Emission nebula involved.;;Type:1|RA:1|Dec:1|Const:99|MajAx:7|MinAx:7|PosAng:7|B-Mag:2|V-Mag:2
NGC1949;Neb;05:25:04.83;-68:28:21.1;Dor;0.95;0.90;100;;12.39;;;;;;;;;;;;;;;;;;ESO 056-117,IRAS 05253-6830;;Within boundaries of LMC;;Type:1|RA:1|Dec:1|Const:99|MajAx:7|MinAx:7|PosAng:7|V-Mag:2
NGC1952;SNR;05:34:31.97;+22:00:52.1;Tau;8.00;4.00;;;8.40;;;;;;;;;;;;;;001;;;;IRAS 05315+2158,LBN 833;Crab Nebula;Position is for the Crab pulsar.;;Type:1|RA:1|Dec:1|Const:99|MajAx:9|MinAx:9|V-Mag:3
NGC1955;HII;05:26:09.96;-67:29:50.6;Dor;4.00;3.60;20;8.95;8.87;;;;;;;;;;;;;;;;;;;;In the Large Magellanic Cloud.;;Type:1|RA:1|Dec:1|Const:99|MajAx:7|MinAx:7|PosAng:7|B-Mag:2|V-Mag:2
NGC1973;Neb;05:35:04.78;-04:43:54.4;Ori;5.00;5.00;;7.00;;;;;;;;;;;;;;;;;;;;;;;Type:1|RA:1|Dec:1|Const:99|MajAx:3|MinAx:3|B-Mag:3
NGC1975;Neb;05:35:17.88;-04:41:06.8;Ori;10.00;5.00;;7.00;;;;;;;;;;;;;;;;;;;;;;;Type:1|RA:1|Dec:1|Const:99|MajAx:3|MinAx:3|B-Mag:3
NGC1976;Cl+N;05:35:16.48;-05:23:22.8;Ori;90.00;60.00;;4.00;4.00;;;;;;;1.670;-0.300;28;0.000093;;;;042;;;;LBN 974,MWSC 0582;Great Orion Nebula,Orion Nebula;;;Type:1|RA:1|Dec:1|Const:99|MajAx:9|MinAx:9|B-Mag:3|V-Mag:10|Pm-RA:2|Pm-Dec:2|RadVel:2|Redshift:2
NGC1977;Cl+N;05:35:15.80;-04:50:39.6;Ori;10.20;;;;;;;;;;;;;;;;;;;;;;MWSC 0587;the Running Man Nebula;;;Type:1|RA:1|Dec:1|Const:99|MajAx:5
NGC1980;Cl+N;05:35:25.99;-05:54:35.6;Ori;9.30;;;;2.50;;;;;;;0.460;-1.010;23;0.000077;;;;;;;;LBN 977,MWSC 0586;Lower Sword;;;Type:1|RA:1|Dec:1|Const:99|MajAx:9|V-Mag:2|Pm-RA:2|Pm-Dec:2|RadVel:2|Redshift:2
NGC1981;Cl+N;05:35:09.59;-04:25:30.2;Ori;9.00;;;;4.20;;;;;;;-0.580;0.800;28;0.000093;;;;;;;;MWSC 0579;Upper Sword;;;Type:1|RA:1|Dec:1|Const:99|MajAx:5|V-Mag:2|Pm-RA:2|Pm-Dec:2|RadVel:2|Redshift:2
NGC1982;HII;05:35:31.38;-05:16:02.9;Ori;20.00;15.00;;9.00;9.00;;;;;;;;;;;;;;043;;;;2MASS J05353135-0516026;Mairan's Nebula;;;Type:1|RA:1|Dec:1|Const:99|MajAx:3|MinAx:3|B-Mag:3|V-Mag:10
NGC1985;RfN;05:37:47.81;+31:59:19.8;Aur;0.68;0.68;;12.70;;;;;;;;;;;;;;;;;;;;;;;Type:1|RA:1|Dec:1|Const:99|MajAx:3|MinAx:3|B-Mag:3
NGC1999;RfN;05:36:25.35;-06:42:57.1;Ori;2.00;2.00;;9.50;;;;;;;;;;;;;;;;;;;LBN 979;;;;Type:1|RA:1|Dec:1|Const:99|MajAx:9|MinAx:9|B-Mag:2
NGC2014;Neb;05:32:19.87;-67:41:23.4;Dor;5.10;3.50;60;9.17;8.97;;;;;;;;;;;;;;;;;;;;In the Large Magellanic Cloud.;;Type:1|RA:1|Dec:1|Const:99|MajAx:7|MinAx:7|PosAng:7|B-Mag:2|V-Mag:2
NGC2018;HII;05:31:24.89;-71:04:08.6;Men;2.80;1.70;170;10.91;10.89;;;;;;;;;;;;;;;;;;ESO 056-141,IRAS 05320-7106;;In the Large Magellanic Cloud.  ESO identification of NGC 2018 is wrong.;;Type:1|RA:1|Dec:1|Const:99|MajAx:7|MinAx:7|PosAng:7|B-Mag:2|V-Mag:2
NGC2020;EmN;05:33:12.59;-67:42:57.2;Dor;3.20;2.90;50;;;;;;;;;;;;;;;;;;;;;;In the Large Magellanic Cloud.;;Type:1|RA:1|Dec:1|Const:99|MajAx:7|MinAx:7|PosAng:7
NGC2022;PN;05:42:06.21;+09:05:11.5;Ori;0.32;;;12.40;11.60;15.42;11.79;11.03;;;0.5312;-0.331;-1.536;14;0.000047;;15.89;;;;;HD 37882;IRAS 05393+0903,PN G196.6-10.9;;;;Type:1|RA:1|Dec:1|Const:99|MajAx:8|B-Mag:3|V-Mag:3|J-Mag:2|H-Mag:2|K-Mag:2|Pax:2|Pm-RA:2|Pm-Dec:2|RadVel:2|Redshift:2|Cstar B-Mag:8
NGC2023;RfN;05:41:38.39;-02:15:32.5;Ori;10.00;8.00;;;;;;;;;;;;;;;;;;;;;BD -02 1345,HD 037903,HIP 026816,LBN 954;;;;Type:1|RA:1|Dec:1|Const:99|MajAx:9|MinAx:9
NGC2024;Neb;05:41:42.57;-01:51:22.6;Ori;30.00;30.00;;;;;;;;;;;;9;0.000029;;;;;;;;;;;;Type:1|RA:1|Dec:1|Const:99|MajAx:3|MinAx:3|RadVel:2|Redshift:2
NGC2030;HII;05:34:59.74;-67:33:22.9;Dor;1.70;1.70;;;12.29;;;;;;;;;;;;;;;;;;;;In the Large Magellanic Cloud.  NGC coordinates switched with NGC 2029.;;Type:1|RA:1|Dec:1|Const:99|MajAx:7|MinAx:7|V-Mag:2
NGC2032;HII;05:35:20.62;-67:34:06.4;Dor;2.80;1.40;30;;;;;;;;;;;;;;;;;;;;ESO 056-160;;In the Large Magellanic Cloud.;;Type:1|RA:1|Dec:1|Const:99|MajAx:7|MinAx:7|PosAng:7
NGC2035;Neb;05:35:31.20;-67:35:03.0;Dor;1.80;1.30;20;;10.99;;;;;;;;;;;;;;;;;;2MASX J05353417-6735319;;The 2MASS position refers to a knot about 30 arcsec southeast of the center.;;Type:1|RA:1|Dec:1|Const:99|MajAx:7|MinAx:7|PosAng:7|V-Mag:2
NGC2040;Neb;05:36:05.93;-67:34:06.8;Dor;2.10;1.70;160;;11.47;;;;;;;;;;;;;;;;;;ESO 056-164,IRAS 05362-6735;;In the Large Magellanic Cloud.;;Type:1|RA:1|Dec:1|Const:99|MajAx:7|MinAx:7|PosAng:7|V-Mag:2
NGC2048;EmN;05:35:55.59;-69:38:54.7;Dor;1.40;1.00;100;12.05;12.17;;;;;;;;;;;;;;;;;;2MASX J05355497-6938529,IRAS 05363-6940;;Within boundaries of LMC;;Type:1|RA:1|Dec:1|Const:99|MajAx:7|MinAx:7|PosAng:7|B-Mag:2|V-Mag:2
NGC2052;Neb;05:37:11.05;-69:46:27.1;Dor;18.00;12.00;;;;;;;;;;;;;;;;;;;;;ESO 056-176;;In the Large Magellanic Cloud.;;Type:1|RA:1|Dec:1|Const:99|MajAx:3|MinAx:3
NGC2060;SNR;05:37:46.90;-69:10:18.0;Dor;2.20;2.00;160;9.69;9.59;15.54;14.94;14.78;;;0.0731;1.715;1.143;;;;;;;;;;;;"Open cluster involved; in the Large Magellanic Cloud.";;Type:1|RA:1|Dec:1|Const:99|MajAx:7|MinAx:7|PosAng:7|B-Mag:2|V-Mag:2|J-Mag:2|H-Mag:2|K-Mag:2|Pax:2|Pm-RA:2|Pm-Dec:2
NGC2064;RfN;05:46:18.39;+00:00:21.4;Ori;10.00;10.00;;;;;;;;;;;;;;;;;;;;;2MASX J05461915+0000202,LBN 939;;The 2MASS XSC position is 12 arcsec northeast of the optical center.;;Type:1|RA:1|Dec:1|Const:99|MajAx:9|MinAx:9
NGC2067;RfN;05:46:31.88;+00:07:52.5;Ori;8.00;3.00;;;;;;;;;;;;;;;;;;;;;;;The NGC identification is not certain.;;Type:1|RA:1|Dec:1|Const:99|MajAx:3|MinAx:3
NGC2068;RfN;05:46:45.82;+00:04:45.5;Ori;4.50;;;8.00;8.00;;;;;;;-0.930;-4.500;63;0.000211;;;;078;;;;MWSC 0664;;;;Type:1|RA:1|Dec:1|Const:99|MajAx:5|B-Mag:2|V-Mag:10|Pm-RA:2|Pm-Dec:2|RadVel:2|Redshift:2
NGC2069;Neb;05:38:46.44;-68:58:27.8;Dor;5.00;2.20;30;;10.10;;;;;;;;;;;;;;;;;;ESO 057-007;;Part of the 30 Doradus complex in the Large Magellanic Cloud.;;Type:1|RA:1|Dec:1|Const:99|MajAx:7|MinAx:7|PosAng:7|V-Mag:2
NGC2070;HII;05:38:42.36;-69:06:03.2;Dor;16.00;16.00;;5.00;7.25;;;;;;;;;251;0.000838;;;;;;;;C 103;30 Dor Cluster,Tarantula Nebula;In the Large Magellanic Cloud.;;Type:1|RA:1|Dec:1|Const:99|MajAx:7|MinAx:7|B-Mag:3|V-Mag:2|RadVel:2|Redshift:2
NGC2071;Cl+N;05:47:07.26;+00:17:39.3;Ori;7.00;5.00;;8.00;;;;;;;;1.430;-4.060;64;0.000213;;;;;;;;LBN 938,MWSC 0665;;;;Type:1|RA:1|Dec:1|Const:99|MajAx:9|MinAx:9|B-Mag:3|Pm-RA:2|Pm-Dec:2|RadVel:2|Redshift:2
NGC2074;Cl+N;05:39:03.58;-69:29:53.2;Dor;4.00;3.40;50;8.50;;;;;;;;;;;;;;;;;;;;;"Open cluster involved; in the Large Magellanic Cloud.";;Type:1|RA:1|Dec:1|Const:99|MajAx:7|MinAx:7|PosAng:7|B-Mag:3
NGC2075;Cl+N;05:38:21.35;-70:41:06.1;Men;2.20;1.80;30;11.48;11.47;;;;;;;1.979;0.819;;;;;;;;;;2MASX J05382065-7040585;;"Open cluster involved; in the Large Magellanic Cloud.";;Type:1|RA:1|Dec:1|Const:99|MajAx:7|MinAx:7|PosAng:7|B-Mag:2|V-Mag:2|Pm-RA:2|Pm-Dec:2
NGC2077;Neb;05:39:36.02;-69:39:25.6;Dor;1.30;1.30;;11.71;11.71;;;;;;;;;;;;;;;;;;ESO 057-009;;In the Large Magellanic Cloud.;;Type:1|RA:1|Dec:1|Const:99|MajAx:7|MinAx:7|B-Mag:2|V-Mag:2
NGC2078;EmN;05:39:39.45;-69:44:35.4;Dor;1.20;1.10;0;11.01;10.89;;;;;;;;;;;;;;;;;;ESO 057-010;;Part of the NGC 2079 complex in the Large Magellanic Cloud.;;Type:1|RA:1|Dec:1|Const:99|MajAx:7|MinAx:7|PosAng:7|B-Mag:2|V-Mag:2
NGC2079;HII;05:39:37.60;-69:45:25.9;Dor;1.10;0.95;160;11.69;11.81;;;;;;;;;;;;;;;;;;ESO 057-011;;Brightest in complex of seven nebulae in the Large Magellanic Cloud.;;Type:1|RA:1|Dec:1|Const:99|MajAx:7|MinAx:7|PosAng:7|B-Mag:2|V-Mag:2
NGC2080;HII;05:39:45.82;-69:38:38.8;Dor;1.70;1.50;130;;10.42;;;;;;;;;;;;;;;;;;ESO 057-012;;In LMC. Identified as an HII region in PKSCAT90 (version 1.01).;;Type:1|RA:1|Dec:1|Const:99|MajAx:7|MinAx:7|PosAng:7|V-Mag:2
NGC2081;Cl+N;05:39:59.39;-69:24:21.2;Dor;8.50;6.00;70;;;;;;;;;;;;;;;;;;;;;;Emission nebula involved.;;Type:1|RA:1|Dec:1|Const:99|MajAx:7|MinAx:7|PosAng:7
NGC2083;Neb;05:39:59.22;-69:44:15.3;Dor;2.00;1.80;70;;10.83;;;;;;;;;;;;;;;;;;;;Part of the NGC 2079 complex in the Large Magellanic Cloud.;;Type:1|RA:1|Dec:1|Const:99|MajAx:7|MinAx:7|PosAng:7|V-Mag:2
NGC2084;Neb;05:40:07.00;-69:45:33.9;Dor;1.70;1.20;40;;;;;;;;;;;;;;;;;;;;;;Part of the NGC 2079 complex in the Large Magellanic Cloud.;;Type:1|RA:1|Dec:1|Const:99|MajAx:7|MinAx:7|PosAng:7
NGC2085;Neb;05:40:09.83;-69:40:22.1;Dor;0.95;0.95;;;12.06;;;;;;;;;;;;;;;;;;ESO 057-016;;In the Large Magellanic Cloud.;;Type:1|RA:1|Dec:1|Const:99|MajAx:7|MinAx:7|V-Mag:2
NGC2086;Neb;05:40:12.88;-69:40:04.3;Dor;0.85;0.80;70;;12.00;;;;;;;;;;;;;;;;;;;;In the Large Magellanic Cloud.;;Type:1|RA:1|Dec:1|Const:99|MajAx:7|MinAx:7|PosAng:7|V-Mag:2
NGC2103;HII;05:41:40.35;-71:19:59.3;Men;4.00;3.50;40;;10.82;;;;;;;;;;;;;;;;;;IRAS 05423-7120;;In the Large Magellanic Cloud.;;Type:1|RA:1|Dec:1|Const:99|MajAx:7|MinAx:7|PosAng:7|V-Mag:2
NGC2113;Cl+N;05:45:24.57;-69:46:27.0;Dor;1.10;1.10;;;;;;;;;;;;;;;;;;;;;IRAS 05458-6947;;"Open cluster involved; in the Large Magellanic Cloud.";;Type:1|RA:1|Dec:1|Const:99|MajAx:7|MinAx:7
NGC2122;Cl+N;05:48:52.51;-70:04:12.3;Men;6.00;5.00;50;;10.43;;;;;;;;;;;;;;;;;;;;"Open cluster involved; in the Large Magellanic Cloud.";;Type:1|RA:1|Dec:1|Const:99|MajAx:7|MinAx:7|PosAng:7|V-Mag:2
NGC2149;RfN;06:03:30.79;-09:43:50.1;Mon;3.00;2.00;;;;;;;;;;;;;;;;;;;;;IRAS 06010-0943,IRAS 06010-0943;;Identified as a star by Strauss, et al (1992, ApJS, 83, 29).;;Type:1|RA:1|Dec:1|Const:99|MajAx:3|MinAx:3
NGC2163;RfN;06:07:49.54;+18:39:26.8;Ori;3.00;2.00;;;;;;;;;;;;;;;;;;;;;IRAS 06048+1839,LBN 855;;;;Type:1|RA:1|Dec:1|Const:99|MajAx:9|MinAx:9
NGC2170;RfN;06:07:31.82;-06:23:57.5;Mon;2.00;2.00;;;;;;;;;;;;;;;;;;;;;LBN 994;;;;Type:1|RA:1|Dec:1|Const:99|MajAx:9|MinAx:9
NGC2174;Neb;06:09:23.62;+20:39:34.5;Ori;40.00;30.00;;;;;;;;;;;;;;;;;;;;;;Monkey Head Nebula;;;Type:1|RA:1|Dec:1|Const:99|MajAx:3|MinAx:3
NGC2175;Cl+N;06:09:39.55;+20:29:15.3;Ori;5.40;;;7.00;6.80;;;;;;;-0.210;-4.950;23;0.000077;;;;;;;;LBN 854,MWSC 0764;;Position is for SAO 078049.;;Type:1|RA:1|Dec:1|Const:99|MajAx:9|B-Mag:2|V-Mag:2|Pm-RA:2|Pm-Dec:2|RadVel:2|Redshift:2
NGC2182;RfN;06:09:30.95;-06:19:35.2;Mon;3.00;2.00;;9.00;;;;;;;;;;;;;;;;;;;IRAS 06070-0619,LBN 998;;;;Type:1|RA:1|Dec:1|Const:99|MajAx:9|MinAx:9|B-Mag:2
NGC2183;HII;06:10:46.93;-06:12:42.6;Mon;12.00;;;15.15;;;;;;;;;;24;0.000080;;;;;;;;LBN 996,MWSC 0779;;;;Type:1|RA:1|Dec:1|Const:99|MajAx:9|B-Mag:3|RadVel:2|Redshift:2
NGC2185;Neb;06:11:00.47;-06:13:36.7;Mon;2.00;2.00;;12.90;;;;;;;;;;;;;;;;;;;LBN 997;;;;Type:1|RA:1|Dec:1|Const:99|MajAx:9|MinAx:9|B-Mag:2
NGC2237;Neb;06:30:54.61;+05:02:57.0;Mon;80.00;50.00;;;;;;;;;;;;38;0.000125;;;;;;;;;Rosette A;;;Type:1|RA:1|Dec:1|Const:99|MajAx:3|MinAx:3|RadVel:2|Redshift:2
NGC2238;HII;06:30:40.37;+05:00:47.0;Mon;80.00;60.00;;6.00;;;;;;;0.6400;-1.630;0.150;;;;;;;;;;C 049,LBN 948;Rosette Nebula;;;Type:1|RA:1|Dec:1|Const:99|MajAx:9|MinAx:9|B-Mag:3|Pax:2|Pm-RA:2|Pm-Dec:2
NGC2239;Cl+N;06:31:55.56;+04:56:34.6;Mon;9.30;;;5.26;4.80;;;;;;0.6170;-1.598;0.179;34;0.000112;;;;;2244;;;C 050,MWSC 0896;;;;Type:1|RA:1|Dec:1|Const:99|MajAx:5|B-Mag:2|V-Mag:2|Pax:2|Pm-RA:2|Pm-Dec:2|RadVel:2|Redshift:2
NGC2242;PN;06:34:07.24;+44:46:37.3;Aur;0.45;;;15.10;15.00;;;;;;0.4081;0.896;-1.653;38;0.000127;;17.40;17.60;;;;;IRAS 06304+4448,PN G170.3+15.8;;This is a Galactic planetary nebula (1988PASP..100.1423M).;;Type:1|RA:1|Dec:1|Const:99|MajAx:99|B-Mag:3|V-Mag:3|Pax:2|Pm-RA:2|Pm-Dec:2|RadVel:2|Redshift:2|Cstar B-Mag:8|Cstar V-Mag:8
NGC2245;RfN;06:32:41.25;+10:09:23.9;Mon;2.00;2.00;;11.00;;;;;;;;;;;;;;;;;;;2MASX J06323890+1009067,LBN 904;;;;Type:1|RA:1|Dec:1|Const:99|MajAx:9|MinAx:9|B-Mag:2
NGC2246;Neb;06:32:33.80;+05:07:41.8;Mon;10.00;10.00;90;;;;;;;;;;;;;;;;;;;;;Rosette B;;;Type:1|RA:1|Dec:1|Const:99|MajAx:2|MinAx:2|PosAng:2
NGC2247;RfN;06:33:05.20;+10:19:20.1;Mon;2.00;2.00;;8.50;;;;;;;;;;;;;;;;;;;BD +10 1172,HIP 031235,LBN 901;;;;Type:1|RA:1|Dec:1|Const:99|MajAx:9|MinAx:9|B-Mag:2
NGC2261;RfN;06:39:09.51;+08:44:39.6;Mon;2.00;1.00;;12.46;11.85;9.69;8.03;6.38;;;;;;;;;;;;;;;C 046,LBN 920;Hubble's Nebula;;;Type:1|RA:1|Dec:1|Const:99|MajAx:9|MinAx:9|B-Mag:2|V-Mag:2|J-Mag:2|H-Mag:2|K-Mag:2
NGC2264;Cl+N;06:40:58.25;+09:53:43.7;Mon;11.40;;;;3.90;;;;;;1.3540;-1.690;-3.727;22;0.000072;;;;;;;;LBN 911,MWSC 0954;Christmas Tree Cluster;;;Type:1|RA:1|Dec:1|Const:99|MajAx:9|V-Mag:2|Pax:2|Pm-RA:2|Pm-Dec:2|RadVel:2|Redshift:2
NGC2282;HII;06:46:51.57;+01:18:57.6;Mon;3.00;3.00;;10.00;;;;;;;;;;;;;;;;;2172;;;;;;Type:1|RA:1|Dec:1|Const:99|MajAx:3|MinAx:3|B-Mag:2
NGC2316;Neb;06:59:40.85;-07:46:39.9;Mon;4.00;3.00;;;;;;;;;;;;;;;;;;;;;;;;;Type:1|RA:1|Dec:1|Const:99|MajAx:3|MinAx:3
NGC2317;Neb;06:59:41.59;-07:46:28.2;Mon;;;;;;;;;;;;;;;;;;;;;;;2MASX J06594157-0746285;;;;Type:1|RA:1|Dec:1|Const:99
NGC2327;RfN;07:04:07.22;-11:18:50.8;CMa;1.00;1.00;;;;;;;;;;;;;;;;;;;;;;;;;Type:1|RA:1|Dec:1|Const:99|MajAx:3|MinAx:3
NGC2346;PN;07:09:23.01;-00:48:32.9;Mon;0.87;;;11.80;11.60;10.26;9.44;8.41;;;0.6861;-2.146;-1.219;47;0.000157;;11.78;11.47;;;;HIP 34541,HD 293373,TYC 4815-03818-1,UCAC2 31477215;2MASX J07092302-0048334,IRAS 07068-0043,PN G215.6+03.6;;;;Type:1|RA:1|Dec:1|Const:99|MajAx:8|B-Mag:3|V-Mag:3|J-Mag:2|H-Mag:2|K-Mag:2|Pax:2|Pm-RA:2|Pm-Dec:2|RadVel:2|Redshift:2|Cstar B-Mag:8|Cstar V-Mag:8
NGC2359;HII;07:18:30.98;-13:13:37.9;CMa;10.00;5.00;;;;;;;;;;;;;;;;;;;;;LBN 1041;;Identified as an HII region in PKSCAT90 (version 1.01).;;Type:1|RA:1|Dec:1|Const:99|MajAx:9|MinAx:9
NGC2361;Neb;07:18:23.80;-13:12:34.4;CMa;;;;;;;;;;;;;;;;;;;;;;;;;;;Type:1|RA:1|Dec:1|Const:99
NGC2371;PN;07:25:34.66;+29:29:26.3;Gem;2.20;0.96;125;13.00;11.20;15.21;15.50;15.49;;;0.5322;-1.313;-7.069;21;0.000070;13.28;14.48;14.85;;2372;;UCAC2 42051185;IRAS 07224+2935,PN G189.1+19.8;;Identified as a planetary neb. by Strauss, et al (1992, ApJS, 83, 29).;;Type:1|RA:1|Dec:1|Const:99|MajAx:99|MinAx:99|PosAng:99|B-Mag:3|V-Mag:3|J-Mag:2|H-Mag:2|K-Mag:2|Pax:2|Pm-RA:2|Pm-Dec:2|RadVel:2|Redshift:2|Cstar U-Mag:8|Cstar B-Mag:8|Cstar V-Mag:8
NGC2392;PN;07:29:10.76;+20:54:42.6;Gem;0.86;;;10.12;9.61;10.87;10.92;10.94;;;0.5004;-1.412;0.550;84;0.000281;9.30;10.38;10.53;;;;BD +21 1609,HD 59088,HIP 36369,TYC 1372-01287-1;C 039,IRAS 07262+2100,PN G197.8+17.3;Eskimo Nebula;;;Type:1|RA:1|Dec:1|Const:99|MajAx:99|B-Mag:3|V-Mag:3|J-Mag:2|H-Mag:2|K-Mag:2|Pax:2|Pm-RA:2|Pm-Dec:2|RadVel:2|Redshift:2|Cstar U-Mag:8|Cstar B-Mag:8|Cstar V-Mag:8
NGC2404;HII;07:37:06.73;+65:36:38.9;Cam;;;;;;;;;;;;;;;;;;;;;;;;;HII region in NGC 2403.  Associated with the RadioS NGC 2403:[TH94] 07?;;Type:1|RA:1|Dec:1|Const:99
NGC2438;PN;07:41:50.39;-14:44:08.8;Pup;1.07;;;10.10;10.80;17.02;;;;;2.3687;-6.027;2.456;77;0.000257;;17.70;;;;;HD 62099,BD -14 2129;IRAS 07395-1437,PN G231.8+04.1;;;;Type:1|RA:1|Dec:1|Const:99|MajAx:8|B-Mag:3|V-Mag:3|J-Mag:2|Pax:2|Pm-RA:2|Pm-Dec:2|RadVel:2|Redshift:2|Cstar B-Mag:8
NGC2440;PN;07:41:55.36;-18:12:30.5;Pup;0.27;;;10.80;9.40;;;;;;;;;63;0.000209;;;17.65;;;;BD -17 2105,HD 62166;ESO 560-009,IRAS 07396-1805,PN G234.8+02.4;;;;Type:1|RA:1|Dec:1|Const:99|MajAx:8|B-Mag:3|V-Mag:3|RadVel:2|Redshift:2|Cstar V-Mag:8
NGC2452;PN;07:47:26.37;-27:20:02.4;Pup;0.32;;;12.60;12.00;15.34;15.00;14.29;;;0.4006;-2.469;3.526;68;0.000227;;17.71;;;;;;2MASX J07472637-2720023,ESO 493-011,IRAS 07453-2712,PN G243.3-01.0;;;;Type:1|RA:1|Dec:1|Const:99|MajAx:8|B-Mag:3|V-Mag:3|J-Mag:2|H-Mag:2|K-Mag:2|Pax:2|Pm-RA:2|Pm-Dec:2|RadVel:2|Redshift:2|Cstar B-Mag:8
NGC2467;Cl+N;07:52:23.43;-26:26:36.0;Pup;4.20;;;;;;;;;;;-5.820;1.630;56;0.000186;;;;;;;;LBN 1065,MWSC 1367;;;;Type:1|RA:1|Dec:1|Const:99|MajAx:9|Pm-RA:2|Pm-Dec:2|RadVel:2|Redshift:2
NGC2579;Cl+N;08:20:53.06;-36:13:01.7;Pup;3.30;;;;;;;;;;;-4.070;2.800;2;0.000005;;;;;;;;ESO 370-008,MWSC 1474,PN G254.6+00.2;;ESO 370-PN?009 is a candidate planetary nebula included in NGC 2579.;;Type:1|RA:1|Dec:1|Const:99|MajAx:5|Pm-RA:2|Pm-Dec:2|RadVel:2|Redshift:2
NGC2610;PN;08:33:23.40;-16:08:58.0;Hya;0.63;;;13.60;12.70;16.71;16.29;;;;0.4194;-6.676;5.872;88;0.000294;;15.60;15.90;;;;;IRAS 08310-1558,PN G239.6+13.9;;;;Type:1|RA:1|Dec:1|Const:99|MajAx:8|B-Mag:3|V-Mag:3|J-Mag:2|H-Mag:2|Pax:2|Pm-RA:2|Pm-Dec:2|RadVel:2|Redshift:2|Cstar B-Mag:8|Cstar V-Mag:8
NGC2626;RfN;08:35:28.88;-40:40:06.0;Vel;5.00;5.00;;;;;;;;;;;;;;;;;;;;;2MASX J08352888-4040057;;;;Type:1|RA:1|Dec:1|Const:99|MajAx:3|MinAx:3
NGC2736;HII;09:00:16.94;-45:56:53.0;Vel;30.00;7.00;;;;;;;;;;;;;;;;;;;;;;Pencil Nebula;;;Type:1|RA:1|Dec:1|Const:99|MajAx:99|MinAx:99
NGC2792;PN;09:12:26.57;-42:25:39.0;Vel;0.22;;;13.50;11.60;11.89;11.70;10.94;;;;;;14;0.000047;;17.22;;;;;HD 79384;2MASX J09122656-4225389,ESO 314-006,IRAS 09105-4213,PN G265.7+04.1;;;;Type:1|RA:1|Dec:1|Const:99|MajAx:8|B-Mag:3|V-Mag:3|J-Mag:2|H-Mag:2|K-Mag:2|RadVel:2|Redshift:2|Cstar B-Mag:8
NGC2818;PN;09:16:01.50;-36:37:37.0;Pyx;0.83;;;13.00;11.60;;;;;;0.2712;-2.039;5.926;-1;-0.000003;;19.45;;;;;;ESO 372-013,IRAS 09140-3625,PN G261.9+08.5;;Open cluster and planetary nebula.;;Type:1|RA:1|Dec:1|Const:99|MajAx:8|B-Mag:3|V-Mag:3|Pax:2|Pm-RA:2|Pm-Dec:2|RadVel:2|Redshift:2|Cstar B-Mag:8
NGC2818A;Cl+N;09:16:06.13;-36:37:36.9;Pyx;6.90;;;12.50;;;;;;;0.2750;-4.439;4.528;21;0.000069;;;;;;;;MWSC 1644;;;;Type:1|RA:1|Dec:1|Const:99|MajAx:5|B-Mag:2|Pax:2|Pm-RA:2|Pm-Dec:2|RadVel:2|Redshift:2
NGC2847;HII;09:20:08.53;-16:31:05.9;Hya;;;;;;;;;;;;;;;;;;;;;;;;;;;Type:1|RA:1|Dec:1|Const:99
NGC2867;PN;09:21:24.97;-58:18:42.0;Car;0.23;;;9.70;9.70;;;;;;0.1597;-5.555;2.347;18;0.000060;;16.62;;;;;HD 81119;2MASX J09212497-5818422,C 090,ESO 126-008,IRAS 09200-5805,PN G278.1-05.9;;;;Type:1|RA:1|Dec:1|Const:99|MajAx:8|B-Mag:3|V-Mag:3|Pax:2|Pm-RA:2|Pm-Dec:2|RadVel:2|Redshift:2|Cstar B-Mag:8
NGC2899;PN;09:27:02.96;-56:06:21.7;Vel;1.50;;;12.20;11.80;13.94;13.59;13.60;;;;;;3;0.000011;;16.40;15.90;;;;;ESO 166-013,PN G277.1-03.8;;;;Type:1|RA:1|Dec:1|Const:99|MajAx:8|B-Mag:3|V-Mag:3|J-Mag:2|H-Mag:2|K-Mag:2|RadVel:2|Redshift:2|Cstar B-Mag:8|Cstar V-Mag:8
NGC3132;PN;10:07:01.73;-40:26:11.7;Vel;0.50;;;8.20;9.20;9.75;9.73;9.72;;;1.1567;-7.693;0.411;49;0.000163;10.29;10.15;10.07;;;;HD 87892,HD 87877,TYC 7711-00963-1;C 074,ESO 316-027,IRAS 10049-4011,PN G272.1+12.3;Eight-Burst Nebula;;;Type:1|RA:1|Dec:1|Const:99|MajAx:8|B-Mag:3|V-Mag:3|J-Mag:2|H-Mag:2|K-Mag:2|Pax:2|Pm-RA:2|Pm-Dec:2|RadVel:2|Redshift:2|Cstar U-Mag:8|Cstar B-Mag:8|Cstar V-Mag:8
NGC3180;HII;10:18:09.67;+41:26:42.1;UMa;;;;;;;;;;;;;;;;;;;;;;;;;;SIMBAD considers this a duplicate of NGC3184;Type:1|RA:1|Dec:1|Const:99
NGC3181;HII;10:18:11.51;+41:24:45.7;UMa;2.84;0.83;123;15.79;;;;;;;;;;;;;;;;;;;;;Includes at least three HII regions: NGC 3184:[HK83] 122, 123, and 125.;;Type:1|RA:1|Dec:1|Const:99|MajAx:3|MinAx:3|PosAng:3|B-Mag:3
NGC3195;PN;10:09:20.98;-80:51:30.9;Cha;0.70;;;11.50;11.60;;;;;;;;;-7;-0.000024;;16.10;15.30;;;;;C 109,ESO 019-002,IRAS 10099-8036,PN G296.6-20.0;;;;Type:1|RA:1|Dec:1|Const:99|MajAx:8|B-Mag:3|V-Mag:3|RadVel:2|Redshift:2|Cstar B-Mag:8|Cstar V-Mag:8
NGC3199;Neb;10:17:24.43;-57:55:20.0;Car;20.00;15.00;;;;;;;;;;;;;;;;;;;;;;;;;Type:1|RA:1|Dec:1|Const:99|MajAx:3|MinAx:3
NGC3211;PN;10:17:50.51;-62:40:12.2;Car;0.27;;;11.80;10.70;12.54;12.30;11.60;;;;;;-16;-0.000053;;18.00;;;;;HD 89516;2MASX J10175054-6240121,ESO 127-015,IRAS 10162-6225,PN G286.3-04.8;;;;Type:1|RA:1|Dec:1|Const:99|MajAx:8|B-Mag:3|V-Mag:3|J-Mag:2|H-Mag:2|K-Mag:2|RadVel:2|Redshift:2|Cstar B-Mag:8
NGC3242;PN;10:24:46.08;-18:38:32.0;Hya;0.42;;;8.60;7.70;12.10;12.46;11.75;;;0.6819;-4.557;0.660;5;0.000016;;12.02;12.31;;;;BD -17 3140,HD 90255,SAO 155965;C 059,ESO 568-005,IRAS 10223-1823,PN G261.0+32.0;Jupiter's Ghost Nebula;;;Type:1|RA:1|Dec:1|Const:99|MajAx:8|B-Mag:3|V-Mag:3|J-Mag:2|H-Mag:2|K-Mag:2|Pax:2|Pm-RA:2|Pm-Dec:2|RadVel:2|Redshift:2|Cstar B-Mag:8|Cstar V-Mag:8
NGC3247;HII;10:24:14.00;-57:45:48.0;Car;5.00;5.00;;7.99;7.60;;;;;;;;;;;;;;;;;;;;Probably associated with the Galactic open cluster ESO 127-SC 018.;;Type:1|RA:1|Dec:1|Const:99|MajAx:3|MinAx:3|B-Mag:2|V-Mag:2
NGC3324;Cl+N;10:37:16.21;-58:37:10.4;Car;4.80;;;6.91;6.70;;;;;;0.3560;-7.112;2.782;-7;-0.000024;;;;;;;;MWSC 1830;;IC 2599 is a part of this emission nebula.;;Type:1|RA:1|Dec:1|Const:99|MajAx:5|B-Mag:2|V-Mag:2|Pax:2|Pm-RA:2|Pm-Dec:2|RadVel:2|Redshift:2
NGC3372;HII;10:45:08.53;-59:52:00.1;Car;120.00;120.00;;3.00;;;;;;;0.3800;-6.550;2.170;;;;;;;;;;C 092;Carina Nebula,eta Car Nebula;;;Type:1|RA:1|Dec:1|Const:99|MajAx:3|MinAx:3|B-Mag:3|Pax:2|Pm-RA:2|Pm-Dec:2
NGC3503;RfN;11:01:17.24;-59:50:44.7;Car;3.00;3.00;;;;;;;;;;;;;;;;;;;;;ESO 128-028;;;;Type:1|RA:1|Dec:1|Const:99|MajAx:3|MinAx:3
NGC3576;HII;11:11:31.67;-61:21:46.8;Car;3.00;3.00;;;;;;;;;;;;;;;;;;;;;;;;;Type:1|RA:1|Dec:1|Const:99|MajAx:3|MinAx:3
NGC3579;Neb;11:11:59.60;-61:14:35.6;Car;20.00;15.00;;;;;;;;;;;;;;;;;;;;;;;;;Type:1|RA:1|Dec:1|Const:99|MajAx:3|MinAx:3
NGC3581;HII;11:12:01.96;-61:18:06.7;Car;;;;;;;;;;;;;;;;;;;;;;;;;Within 10 degrees of the galactic plane.;;Type:1|RA:1|Dec:1|Const:99
NGC3582;Neb;11:12:11.97;-61:16:24.8;Car;;;;;;;;;;;;;;;;;;;;;;;;;;;Type:1|RA:1|Dec:1|Const:99
NGC3584;Neb;11:12:19.79;-61:13:43.0;Car;;;;;;;;;;;;;;;;;;;;;;;;;;;Type:1|RA:1|Dec:1|Const:99
NGC3586;Neb;11:12:29.94;-61:21:08.1;Car;;;;;;;;;;;;;;;;;;;;;;;;;;;Type:1|RA:1|Dec:1|Const:99
NGC3587;PN;11:14:47.71;+55:01:08.5;UMa;3.58;;;11.60;9.90;16.71;;;;;1.1371;-0.044;1.051;0;0.000000;14.36;15.66;16.01;097;;;;IRAS 11119+5517,PN G148.4+57.0,SDSS J111447.71+550108.5;Owl Nebula;;;Type:1|RA:1|Dec:1|Const:99|MajAx:99|B-Mag:3|V-Mag:3|J-Mag:2|Pax:2|Pm-RA:2|Pm-Dec:2|RadVel:2|Redshift:2|Cstar U-Mag:8|Cstar B-Mag:8|Cstar V-Mag:8
NGC3603;Cl+N;11:15:06.59;-61:15:40.4;Car;3.30;;;;;;;;;;0.0760;-5.543;1.961;28;0.000094;;;;;;;;MWSC 1926;;;;Type:1|RA:1|Dec:1|Const:99|MajAx:5|Pax:2|Pm-RA:2|Pm-Dec:2|RadVel:2|Redshift:2
NGC3699;PN;11:27:57.15;-59:57:29.0;Cen;0.75;;;11.00;11.30;;;;;;;;;-16;-0.000053;;;;;;;;ESO 129-021,IRAS 11256-5940,PN G292.6+01.2;;;;Type:1|RA:1|Dec:1|Const:99|MajAx:8|B-Mag:3|V-Mag:3|RadVel:2|Redshift:2
NGC3918;PN;11:50:17.95;-57:10:56.4;Cen;0.32;;;8.40;8.10;;;;;;;-3.228;2.718;-16;-0.000055;;15.69;;;;;HD 102854;ESO 170-013,IRAS 11478-5654;Blue Planetary;;;Type:1|RA:1|Dec:1|Const:99|MajAx:8|B-Mag:3|V-Mag:3|Pm-RA:2|Pm-Dec:2|RadVel:2|Redshift:2|Cstar B-Mag:8
NGC4071;PN;12:04:15.77;-67:18:36.4;Mus;1.05;;;12.90;13.00;;;;;;0.2634;-10.543;-0.828;11;0.000037;;18.20;19.20;;;;;ESO 094-012,IRAS 12016-6701,PN G298.3-04.8;;;;Type:1|RA:1|Dec:1|Const:99|MajAx:8|B-Mag:3|V-Mag:3|Pax:2|Pm-RA:2|Pm-Dec:2|RadVel:2|Redshift:2|Cstar B-Mag:8|Cstar V-Mag:8
NGC4361;PN;12:24:30.76;-18:47:05.4;Crv;1.05;;;10.30;10.90;13.94;14.00;14.02;;;0.9735;-4.430;-10.317;10;0.000033;11.53;12.85;13.21;;;;HD 107969,BD -17 3614;2MASX J12243097-1847190,ESO 573-019,IRAS 12219-1830,PN G294.1+43.6;;Incorrectly called a galaxy in RC1.;;Type:1|RA:1|Dec:1|Const:99|MajAx:8|B-Mag:3|V-Mag:3|J-Mag:2|H-Mag:2|K-Mag:2|Pax:2|Pm-RA:2|Pm-Dec:2|RadVel:2|Redshift:2|Cstar U-Mag:8|Cstar B-Mag:8|Cstar V-Mag:8
NGC4559C;HII;12:35:52.12;+27:55:55.5;Com;;;;;;;;;;;;;;;;;;;;;3550;;;;This is an HII region in NGC 4559.;;Type:1|RA:1|Dec:1|Const:99
NGC5189;PN;13:33:32.91;-65:58:26.6;Mus;2.33;;;10.30;;14.02;13.84;13.53;;;0.5944;-12.690;-3.432;-8;-0.000027;;14.92;;;;4274;HD 117622;ESO 096-016,PN G307.2-03.4;;;;Type:1|RA:1|Dec:1|Const:99|MajAx:8|B-Mag:3|J-Mag:2|H-Mag:2|K-Mag:2|Pax:2|Pm-RA:2|Pm-Dec:2|RadVel:2|Redshift:2|Cstar B-Mag:8
NGC5307;PN;13:51:03.30;-51:12:20.8;Cen;0.21;;;12.10;11.20;12.03;11.99;11.28;;;;;;42;0.000140;;14.67;14.66;;;;HD 120489;2MASX J13510332-5112207,ESO 221-011,IRAS 13478-5057,PN G312.3+10.5;;;;Type:1|RA:1|Dec:1|Const:99|MajAx:8|B-Mag:3|V-Mag:3|J-Mag:2|H-Mag:2|K-Mag:2|RadVel:2|Redshift:2|Cstar B-Mag:8|Cstar V-Mag:8
NGC5315;PN;13:53:56.89;-66:30:51.0;Cir;0.10;;;13.00;9.80;10.23;10.06;9.11;;;;;;-23;-0.000077;;14.58;14.40;;;;HD 120800;ESO 097-009,PN G309.1-04.3;;Incorrectly identified as IC 5315 in PKSCAT90 (version 1.01).;;Type:1|RA:1|Dec:1|Const:99|MajAx:8|B-Mag:3|V-Mag:3|J-Mag:2|H-Mag:2|K-Mag:2|RadVel:2|Redshift:2|Cstar B-Mag:8|Cstar V-Mag:8
NGC5367;RfN;13:57:43.87;-39:58:42.3;Cen;2.00;2.00;;;;;;;;;;;;;;;;;;;4347;;IRAS 13547-3944;;Includes at least two Galactic stars.;;Type:1|RA:1|Dec:1|Const:99|MajAx:3|MinAx:3
NGC5447;HII;14:02:28.40;+54:16:36.9;UMa;;;;;;;;;;;;;;152;0.000507;;;;;;;;IRAS 14007+5430;;"HII region in MESSIER 101;  NGC 5450 is 18 arcsec southeast.";;Type:1|RA:1|Dec:1|Const:99|RadVel:2|Redshift:2
NGC5450;HII;14:02:29.79;+54:16:15.7;UMa;;;;;;;;;;;;;;;;;;;;5457S;;;;;"HII region in MESSIER 101;  NGC 5447 is 18 arcsec northwest.";;Type:1|RA:1|Dec:1|Const:99
NGC5451;HII;14:02:37.05;+54:21:45.1;UMa;0.52;0.31;58;16.70;;;;;;;;;;;;;;;;;;;;;HII region in MESSIER 101.;;Type:1|RA:1|Dec:1|Const:99|MajAx:3|MinAx:3|PosAng:3|B-Mag:3
NGC5453;HII;14:02:56.39;+54:18:28.7;UMa;;;;;;;;;;;;;;;;;;;;;;;;;HII region in MESSIER 101.;;Type:1|RA:1|Dec:1|Const:99
NGC5455;HII;14:03:01.17;+54:14:29.3;UMa;0.63;0.49;178;15.22;;;;;;;;;;;;;;;;;;;IRAS 14012+5428,SDSS J140301.17+541429.3,SDSS J140301.17+541429.4,SDSS J140301.19+541426.8;;HII region in MESSIER 101. Multiple SDSS entries describe this object.;;Type:1|RA:1|Dec:1|Const:99|MajAx:3|MinAx:3|PosAng:3|B-Mag:3
NGC5458;HII;14:03:12.47;+54:17:54.0;UMa;;;;;;;;;;;;;;;;;;;;;;;;;HII region in MESSIER 101.;;Type:1|RA:1|Dec:1|Const:99
NGC5461;HII;14:03:41.41;+54:19:04.9;UMa;1.62;0.98;49;14.38;;;;;;;;;;298;0.000995;;;;;5457E;;;IRAS 14019+5433,IRAS 14019+5433;;HII region in MESSIER 101.;;Type:1|RA:1|Dec:1|Const:99|MajAx:3|MinAx:3|PosAng:3|B-Mag:3|RadVel:2|Redshift:2
NGC5462;HII;14:03:53.00;+54:21:56.1;UMa;0.13;0.11;80;18.17;;;;;;;;;;;;;;;;;;;;;HII region in MESSIER 101.;;Type:1|RA:1|Dec:1|Const:99|MajAx:3|MinAx:3|PosAng:3|B-Mag:3
NGC5471;HII;14:04:29.02;+54:23:48.9;UMa;0.82;0.61;;14.54;;;;;;;;;;;;;;;;;;;2MASX J14042941+5423470,IRAS 14027+5438,MCG +09-23-030,SDSS J140429.48+542347.2;;HII region in MESSIER 101.;;Type:1|RA:1|Dec:1|Const:99|MajAx:3|MinAx:3|B-Mag:3
NGC5844;PN;15:10:40.95;-64:40:25.2;TrA;0.88;;;13.20;;;;;;;;;;60;0.000200;;;;;;;;ESO 099-001,IRAS 15064-6429;;;;Type:1|RA:1|Dec:1|Const:99|MajAx:8|B-Mag:3|RadVel:2|Redshift:2
NGC5873;PN;15:12:50.80;-38:07:32.0;Lup;0.12;;;13.30;11.00;;;;;;1.5246;-5.247;-2.295;-130;-0.000435;;15.70;15.50;;;;HD 134743;ESO 328-034,IRAS 15096-3756,PN G331.3+16.8;;;;Type:1|RA:1|Dec:1|Const:99|MajAx:8|B-Mag:3|V-Mag:3|Pax:2|Pm-RA:2|Pm-Dec:2|RadVel:2|Redshift:2|Cstar B-Mag:8|Cstar V-Mag:8
NGC5882;PN;15:16:50.00;-45:38:57.5;Lup;0.23;;;11.33;10.18;;;;;;0.5071;-5.868;-4.671;8;0.000026;;13.30;13.43;;;1108;HD 135456,TYC 8294-00398-1;ESO 274-007,IRAS 15134-4527,PN G327.8+10.0;;;;Type:1|RA:1|Dec:1|Const:99|MajAx:8|B-Mag:3|V-Mag:3|Pax:2|Pm-RA:2|Pm-Dec:2|RadVel:2|Redshift:2|Cstar B-Mag:8|Cstar V-Mag:8
NGC5979;PN;15:47:41.06;-61:13:04.3;TrA;0.13;;;11.80;11.50;12.41;12.11;11.53;;;;;;23;0.000077;;16.30;15.30;;;;HD 140586;2MASX J15474191-6113079,ESO 136-003,IRAS 15434-6103,PN G322.5-05.2;;The 2MASS position is southeast of the central star.;;Type:1|RA:1|Dec:1|Const:99|MajAx:8|B-Mag:3|V-Mag:3|J-Mag:2|H-Mag:2|K-Mag:2|RadVel:2|Redshift:2|Cstar B-Mag:8|Cstar V-Mag:8
NGC6026;PN;16:01:20.91;-34:32:39.2;Lup;0.67;;;13.20;12.90;13.05;13.04;13.04;;;0.3099;-3.075;-1.267;-87;-0.000290;;13.35;13.29;;;;;ESO 389-007,IRAS 15581-3424,PN G341.6+13.7;;;;Type:1|RA:1|Dec:1|Const:99|MajAx:8|B-Mag:3|V-Mag:3|J-Mag:2|H-Mag:2|K-Mag:2|Pax:2|Pm-RA:2|Pm-Dec:2|RadVel:2|Redshift:2|Cstar B-Mag:8|Cstar V-Mag:8
NGC6058;PN;16:04:26.54;+40:40:59.0;Her;0.38;;;13.30;12.90;;;;;;0.3200;-3.823;-4.645;1;0.000003;12.37;13.55;13.91;;;;UCAC2 45993562;IRAS 16027+4049,PN G064.6+48.2,SDSS J160426.54+404058.9;;;;Type:1|RA:1|Dec:1|Const:99|MajAx:8|B-Mag:3|V-Mag:3|Pax:2|Pm-RA:2|Pm-Dec:2|RadVel:2|Redshift:2|Cstar U-Mag:8|Cstar B-Mag:8|Cstar V-Mag:8
NGC6072;PN;16:12:58.20;-36:13:48.0;Sco;1.17;;;14.10;11.70;;;;;;0.4011;-7.869;-4.688;12;0.000040;;19.31;;;;;;2MASX J16125713-3613263,ESO 389-015,IRAS 16097-3606,PN G342.1+10.8;;;;Type:1|RA:1|Dec:1|Const:99|MajAx:8|B-Mag:3|V-Mag:3|Pax:2|Pm-RA:2|Pm-Dec:2|RadVel:2|Redshift:2|Cstar B-Mag:8
NGC6153;PN;16:31:30.64;-40:15:12.4;Sco;0.40;;;11.50;10.90;9.94;9.93;9.06;;;0.7340;-3.806;-2.463;39;0.000130;;16.14;;;;;HD 148687;2MASX J16313062-4015123,ESO 331-006,IRAS 16280-4008,PN G341.8+05.4;;;;Type:1|RA:1|Dec:1|Const:99|MajAx:8|B-Mag:3|V-Mag:3|J-Mag:2|H-Mag:2|K-Mag:2|Pax:2|Pm-RA:2|Pm-Dec:2|RadVel:2|Redshift:2|Cstar B-Mag:8
NGC6164;Neb;16:33:41.84;-48:04:48.2;Nor;1.41;0.60;;7.12;6.71;5.87;5.74;5.64;;;0.8813;0.880;-3.381;-54;-0.000180;;;;;;;;ESO 226-013,TYC 8329-3343-1;;Part of the bipolar nebula associated with HD 148937 (1995ApJ...450..196S).;;Type:1|RA:1|Dec:1|Const:99|MajAx:99|MinAx:99|B-Mag:2|V-Mag:2|J-Mag:2|H-Mag:2|K-Mag:2|Pax:2|Pm-RA:2|Pm-Dec:2|RadVel:2|Redshift:2
NGC6165;Neb;16:34:03.45;-48:09:01.8;Nor;2.50;0.50;;7.12;6.71;5.87;5.74;5.64;;;0.8813;0.880;-3.381;-54;-0.000180;;;;;;;;;;Part of the bipolar nebula associated with HD 148937 (1995ApJ...450..196S).;;Type:1|RA:1|Dec:1|Const:99|MajAx:99|MinAx:99|B-Mag:2|V-Mag:2|J-Mag:2|H-Mag:2|K-Mag:2|Pax:2|Pm-RA:2|Pm-Dec:2|RadVel:2|Redshift:2
NGC6188;Neb;16:40:05.84;-48:39:44.2;Ara;20.00;12.00;;;;;;;;;;;;;;;;;;;;;;Rim Nebula;;;Type:1|RA:1|Dec:1|Const:99|MajAx:3|MinAx:3
NGC6210;PN;16:44:29.52;+23:47:59.4;Her;0.50;;;10.50;9.65;10.13;10.20;9.50;;;;-6.537;-13.857;-36;-0.000119;;12.44;12.66;;;;BD +24 3048,HD 151121,TYC 2045-00022-1;2MASX J16442953+2348003,IRAS 16423+2353,PN G043.1+37.7,SDSS J164429.51+234759.3;;;;Type:1|RA:1|Dec:1|Const:99|MajAx:99|B-Mag:3|V-Mag:3|J-Mag:2|H-Mag:2|K-Mag:2|Pm-RA:2|Pm-Dec:2|RadVel:2|Redshift:2|Cstar B-Mag:8|Cstar V-Mag:8
NGC6250;Cl+N;16:57:56.07;-45:56:11.9;Ara;9.60;;;6.14;5.90;;;;;;0.9880;0.454;-2.379;-17;-0.000056;;;;;;;;MWSC 2500;;;;Type:1|RA:1|Dec:1|Const:99|MajAx:5|B-Mag:2|V-Mag:2|Pax:2|Pm-RA:2|Pm-Dec:2|RadVel:2|Redshift:2
NGC6302;PN;17:13:44.63;-37:06:11.3;Sco;0.74;;;12.80;9.60;;;;;;;;;-36;-0.000119;;21.10;;;;;HD 155520;2MASX J17134463-3706111,C 069,ESO 392-005,IRAS 17103-3702,PN G349.5+01.0;Bug Nebula,Butterfly Nebula;;The name Butterfly Nebula is often associated to several other objects.;Type:1|RA:1|Dec:1|Const:99|MajAx:8|B-Mag:3|V-Mag:3|RadVel:2|Redshift:2|Cstar B-Mag:8
NGC6309;PN;17:14:04.30;-12:54:38.0;Oph;0.26;;;10.80;11.50;11.60;11.54;10.93;;;0.3300;-1.910;3.069;-40;-0.000133;;16.58;;;;;HD 155752;IRAS 17112-1251,PN G009.6+14.8;Box Nebula;;;Type:1|RA:1|Dec:1|Const:99|MajAx:8|B-Mag:3|V-Mag:3|J-Mag:2|H-Mag:2|K-Mag:2|Pax:2|Pm-RA:2|Pm-Dec:2|RadVel:2|Redshift:2|Cstar B-Mag:8
NGC6326;PN;17:20:46.36;-51:45:15.8;Ara;0.21;;;12.20;;14.55;;;;;;-7.700;24.900;11;0.000036;;16.75;;;;;HD 156531;ESO 228-001,IRAS 17168-5142,PN G338.1-08.3;;;;Type:1|RA:1|Dec:1|Const:99|MajAx:8|B-Mag:3|J-Mag:2|Pm-RA:2|Pm-Dec:2|RadVel:2|Redshift:2|Cstar B-Mag:8
NGC6334;SNR;17:20:49.70;-36:06:09.8;Sco;8.40;;;;;;;;;;;-0.750;-3.320;-7;-0.000024;;;;;;;;MWSC 2577;;;;Type:1|RA:1|Dec:1|Const:99|MajAx:5|Pm-RA:2|Pm-Dec:2|RadVel:2|Redshift:2
NGC6337;PN;17:22:15.61;-38:29:01.4;Sco;0.85;;;11.90;12.30;;;;;;0.5422;-0.994;-2.826;-71;-0.000236;;15.50;14.90;;;;;ESO 333-005,IRAS 17188-3826,PN G349.3-01.1;;;;Type:1|RA:1|Dec:1|Const:99|MajAx:8|B-Mag:3|V-Mag:3|Pax:2|Pm-RA:2|Pm-Dec:2|RadVel:2|Redshift:2|Cstar B-Mag:8|Cstar V-Mag:8
NGC6357;Cl+N;17:24:43.57;-34:12:04.8;Sco;3.90;;;;;;;;;;0.5670;-0.854;-2.083;-8;-0.000027;;;;;;;;MWSC 2588;the War and Peace Nebula;Involved in emission nebulosity;;Type:1|RA:1|Dec:1|Const:99|MajAx:5|Pax:2|Pm-RA:2|Pm-Dec:2|RadVel:2|Redshift:2
NGC6369;PN;17:29:20.50;-23:45:34.0;Oph;0.63;;;12.90;11.40;12.45;11.87;11.48;;;0.8776;-0.241;-0.851;-106;-0.000354;;16.99;15.94;;;;HD 158269;ESO 520-003,IRAS 17262-2343,PN G002.4+05.8;Little Ghost Nebula;;;Type:1|RA:1|Dec:1|Const:99|MajAx:8|B-Mag:3|V-Mag:3|J-Mag:2|H-Mag:2|K-Mag:2|Pax:2|Pm-RA:2|Pm-Dec:2|RadVel:2|Redshift:2|Cstar B-Mag:8|Cstar V-Mag:8
NGC6439;PN;17:48:19.80;-16:28:44.0;Sgr;0.08;;;13.80;12.60;12.62;12.65;11.76;;;;-29.800;7.200;-109;-0.000364;;20.20;;;;;HD 161801,UCAC2 25817696;IRAS 17454-1627,PN G011.0+05.8;;Within 10 degrees of the galactic plane.;;Type:1|RA:1|Dec:1|Const:99|MajAx:8|B-Mag:3|V-Mag:3|J-Mag:2|H-Mag:2|K-Mag:2|Pm-RA:2|Pm-Dec:2|RadVel:2|Redshift:2|Cstar B-Mag:8
NGC6445;PN;17:49:15.06;-20:00:34.2;Sgr;0.55;;;13.20;11.20;;;;;;;;;-8;-0.000027;;19.04;19.00;;;;HD 161944;ESO 589-009,PN G008.0+03.9;Little Gem;;;Type:1|RA:1|Dec:1|Const:99|MajAx:8|B-Mag:3|V-Mag:3|RadVel:2|Redshift:2|Cstar B-Mag:8|Cstar V-Mag:8
NGC6514;Neb;18:02:42.11;-22:58:18.8;Sgr;28.00;28.00;;6.30;8.50;;;;;;0.7900;0.410;-1.690;-5;-0.000017;;;;020;;;;LBN 27,MWSC 2789;Trifid Nebula;;;Type:1|RA:1|Dec:1|Const:99|MajAx:9|MinAx:9|B-Mag:3|V-Mag:10|Pax:2|Pm-RA:2|Pm-Dec:2|RadVel:2|Redshift:2
NGC6523;Neb;18:03:41.27;-24:22:48.6;Sgr;45.00;30.00;;5.00;5.80;;;;;;;;;4;0.000013;;;;008;6533;;;LBN 25;Lagoon Nebula;Nominal position for NGC 6533 is -30 arcmin in error.;;Type:1|RA:1|Dec:1|Const:99|MajAx:9|MinAx:9|B-Mag:3|V-Mag:10|RadVel:2|Redshift:2
NGC6526;Neb;18:04:06.15;-24:26:30.8;Sgr;40.00;40.00;;;;;;;;;;;;;;;;;;;;;;;;;Type:1|RA:1|Dec:1|Const:99|MajAx:3|MinAx:3
NGC6530;Cl+N;18:04:31.03;-24:21:29.0;Sgr;6.00;;;4.74;4.60;;;;;;0.7500;0.910;-3.220;-2;-0.000006;;;;;;;;MWSC 2798;;;;Type:1|RA:1|Dec:1|Const:99|MajAx:5|B-Mag:2|V-Mag:2|Pax:2|Pm-RA:2|Pm-Dec:2|RadVel:2|Redshift:2
NGC6537;PN;18:05:13.10;-19:50:34.7;Sgr;0.17;;;12.50;11.60;10.55;10.18;9.17;;;;17.500;-1.400;-17;-0.000058;;19.80;18.80;;;;HD 312582,UCAC2 24178895;2MASX J18051311-1950348,ESO 590-001,PN G010.1+00.7;Red Spider Nebula;;;Type:1|RA:1|Dec:1|Const:99|MajAx:8|B-Mag:3|V-Mag:3|J-Mag:2|H-Mag:2|K-Mag:2|Pm-RA:2|Pm-Dec:2|RadVel:2|Redshift:2|Cstar B-Mag:8|Cstar V-Mag:8
NGC6543;PN;17:58:33.39;+66:37:59.5;Dra;0.90;;;9.79;9.01;8.95;9.08;8.34;;;0.6152;-0.555;-6.413;-66;-0.000219;;11.23;11.14;;;;BD +66 1066,HD 164963;2MASX J17583335+6637591,C 006,IRAS 17584+6638,PN G096.4+29.9;Cat's Eye Nebula;Additional radio sources may contribute to the WMAP flux.;The fainter outer shell has a diameter of 5.5 arcmin ca.;Type:1|RA:1|Dec:1|Const:99|MajAx:99|B-Mag:3|V-Mag:3|J-Mag:2|H-Mag:2|K-Mag:2|Pax:2|Pm-RA:2|Pm-Dec:2|RadVel:2|Redshift:2|Cstar B-Mag:8|Cstar V-Mag:8
NGC6559;Neb;18:09:56.85;-24:06:23.0;Sgr;15.00;10.00;;;;;;;;;;;;;;;;;;;;;ESO 521-040,LBN 28;;;;Type:1|RA:1|Dec:1|Const:99|MajAx:9|MinAx:9
NGC6563;PN;18:12:02.50;-33:52:06.0;Sgr;0.79;;;13.80;11.00;;;;;;;;;-31;-0.000103;;17.33;;;;;HD 166449;ESO 394-033,PN G358.5-07.3;;;;Type:1|RA:1|Dec:1|Const:99|MajAx:8|B-Mag:3|V-Mag:3|RadVel:2|Redshift:2|Cstar B-Mag:8
NGC6565;PN;18:11:52.60;-28:10:42.0;Sgr;0.23;;;13.20;11.60;;;;;;;16.800;-6.100;-5;-0.000016;;;18.50;;;;HD 166468,UCAC3 124-398661;ESO 456-070,PN G003.5-04.6;;;;Type:1|RA:1|Dec:1|Const:99|MajAx:8|B-Mag:3|V-Mag:3|Pm-RA:2|Pm-Dec:2|RadVel:2|Redshift:2|Cstar V-Mag:8
NGC6567;PN;18:13:45.20;-19:04:33.0;Sgr;0.13;;;11.70;11.00;11.76;11.56;10.30;;;;-2.524;-4.877;120;0.000400;;14.42;14.36;;;;BD -19 18107,HD 166935;ESO 590-008,PN G011.7-00.6;;;;Type:1|RA:1|Dec:1|Const:99|MajAx:8|B-Mag:3|V-Mag:3|J-Mag:2|H-Mag:2|K-Mag:2|Pm-RA:2|Pm-Dec:2|RadVel:2|Redshift:2|Cstar B-Mag:8|Cstar V-Mag:8
NGC6572;PN;18:12:06.21;+06:51:13.4;Oph;0.18;;;9.00;8.10;8.59;8.82;7.99;;;4.7000;8.900;-4.000;-9;-0.000029;;13.10;;;;;BD +06 3649,HD 166802;2MASX J18120627+0651129,IRAS 18096+0650,PN G034.6+11.8;;;;Type:1|RA:1|Dec:1|Const:99|MajAx:8|B-Mag:3|V-Mag:3|J-Mag:2|H-Mag:2|K-Mag:2|Pax:2|Pm-RA:2|Pm-Dec:2|RadVel:2|Redshift:2|Cstar B-Mag:8
NGC6578;PN;18:16:16.50;-20:27:03.3;Sgr;0.14;;;13.10;12.90;;;;;;;;;4;0.000015;;16.30;15.82;;;;;ESO 590-012,IRAS 18132-2028,PN G010.8-01.8;;;;Type:1|RA:1|Dec:1|Const:99|MajAx:8|B-Mag:3|V-Mag:3|RadVel:2|Redshift:2|Cstar B-Mag:8|Cstar V-Mag:8
NGC6589;Neb;18:16:55.37;-19:46:37.5;Sgr;4.00;3.00;;10.50;;;;;;;;;;;;;;;;;4690;;LBN 43;;"The IC identification as IC 4690 is not certain; this is not IC 1283.";;Type:1|RA:1|Dec:1|Const:99|MajAx:9|MinAx:9|B-Mag:2
NGC6590;RfN;18:17:04.99;-19:51:57.8;Sgr;4.00;3.00;;9.80;;;;;;;;;;;;;;;;6595;4700;;LBN 46;;;;Type:1|RA:1|Dec:1|Const:99|MajAx:9|MinAx:9|B-Mag:2
NGC6611;Neb;18:18:48.17;-13:48:26.0;Se2;120.00;25.00;;6.58;6.00;;;;;;0.5660;0.178;-1.576;10;0.000033;;;;016;;;;LBN 67,MWSC 2886;Eagle Nebula;;;Type:1|RA:1|Dec:1|Const:99|MajAx:9|MinAx:9|B-Mag:2|V-Mag:2|Pax:2|Pm-RA:2|Pm-Dec:2|RadVel:2|Redshift:2
NGC6618;Neb;18:20:47.11;-16:10:17.5;Sgr;12.60;;;6.00;7.00;;;;;;0.6000;-0.040;-1.400;-45;-0.000149;;;;017;;;;LBN 60,MWSC 2896;Checkmark Nebula,Lobster Nebula,Swan Nebula,omega Nebula;;;Type:1|RA:1|Dec:1|Const:99|MajAx:9|B-Mag:3|V-Mag:10|Pax:2|Pm-RA:2|Pm-Dec:2|RadVel:2|Redshift:2
NGC6620;PN;18:22:54.15;-26:49:18.1;Sgr;0.13;;;15.00;12.70;13.63;13.73;12.80;;;;-20.200;15.600;73;0.000242;;;19.60;;;;UCAC3 127-407067;ESO 522-022,PN G005.8-06.1;;;;Type:1|RA:1|Dec:1|Const:99|MajAx:8|B-Mag:3|V-Mag:3|J-Mag:2|H-Mag:2|K-Mag:2|Pm-RA:2|Pm-Dec:2|RadVel:2|Redshift:2|Cstar V-Mag:8
NGC6629;PN;18:25:42.46;-23:12:10.4;Sgr;0.26;;;11.60;11.30;10.42;10.15;9.60;;;0.4550;-1.048;4.044;13;0.000043;;13.26;12.93;;;;HD 169460;2MASX J18254245-2312102,ESO 522-026,IRAS 18226-2313,PN G009.4-05.0;;;;Type:1|RA:1|Dec:1|Const:99|MajAx:8|B-Mag:3|V-Mag:3|J-Mag:2|H-Mag:2|K-Mag:2|Pax:2|Pm-RA:2|Pm-Dec:2|RadVel:2|Redshift:2|Cstar B-Mag:8|Cstar V-Mag:8
NGC6644;PN;18:32:34.73;-25:07:45.7;Sgr;0.04;;;12.20;10.70;11.56;11.60;10.63;;;;;;194;0.000647;;16.60;15.60;;;;HD 170839;ESO 522-033,IRAS 18295-2510,PN G008.3-07.3;;;;Type:1|RA:1|Dec:1|Const:99|MajAx:8|B-Mag:3|V-Mag:3|J-Mag:2|H-Mag:2|K-Mag:2|RadVel:2|Redshift:2|Cstar B-Mag:8|Cstar V-Mag:8
NGC6720;PN;18:53:35.01;+33:01:42.9;Lyr;1.27;;;9.70;8.80;16.40;;;;;1.2707;1.494;2.486;-19;-0.000064;;15.03;15.29;057;;;HD 175353;IRAS 18517+3257,PN G063.1+13.9;Ring Nebula;;;Type:1|RA:1|Dec:1|Const:99|MajAx:8|B-Mag:3|V-Mag:3|J-Mag:2|Pax:2|Pm-RA:2|Pm-Dec:2|RadVel:2|Redshift:2|Cstar B-Mag:8|Cstar V-Mag:8
NGC6726;RfN;19:01:39.30;-36:53:28.7;CrA;9.00;7.00;;;;;;;;;;;;;;;;;;;;;IRAS 18583-3657;;;;Type:1|RA:1|Dec:1|Const:99|MajAx:3|MinAx:3
NGC6727;RfN;19:01:42.27;-36:52:34.5;CrA;80.00;80.00;;;;;;;;;;;;;;;;;;;;;IRAS 18583-3657;;;;Type:1|RA:1|Dec:1|Const:99|MajAx:3|MinAx:3
NGC6729;Neb;19:01:55.40;-36:57:27.5;CrA;25.00;20.00;;;;;;;;;;;;;;;;;;;;;C 068,IRAS 18585-3701;;;;Type:1|RA:1|Dec:1|Const:99|MajAx:3|MinAx:3
NGC6741;PN;19:02:37.00;-00:26:57.8;Aql;0.13;;;10.80;11.50;12.54;12.48;11.19;;;;;;43;0.000143;;20.30;;;;;BD-00 3630,HD 176946;IRAS 19000-0031,PN G033.8-02.6;Phantom Streak Nebula;;;Type:1|RA:1|Dec:1|Const:99|MajAx:8|B-Mag:3|V-Mag:3|J-Mag:2|H-Mag:2|K-Mag:2|RadVel:2|Redshift:2|Cstar B-Mag:8
NGC6742;PN;18:59:19.90;+48:27:55.0;Dra;0.55;;;15.00;13.40;;;;;;;;;-159;-0.000530;;;;;;;;PN G078.5+18.7;;;;Type:1|RA:1|Dec:1|Const:99|MajAx:99|B-Mag:3|V-Mag:3|RadVel:2|Redshift:2
NGC6751;PN;19:05:55.55;-05:59:32.3;Aql;0.34;;;12.50;11.90;11.94;11.75;10.83;;;0.0592;-1.035;-2.995;-43;-0.000143;;15.78;15.45;;6748;;HD 177656,UCAC2 29903231;2MASX J19055556-0559327,IRAS 19032-0604,PN G029.2-05.9;;;;Type:1|RA:1|Dec:1|Const:99|MajAx:8|B-Mag:3|V-Mag:3|J-Mag:2|H-Mag:2|K-Mag:2|Pax:2|Pm-RA:2|Pm-Dec:2|RadVel:2|Redshift:2|Cstar B-Mag:8|Cstar V-Mag:8
NGC6765;PN;19:11:06.50;+30:32:44.0;Lyr;0.67;;;13.10;12.90;;;;;;0.2308;-0.612;-4.305;-60;-0.000200;;;16.00;;;;;IRAS 19091+3027,PN G062.4+09.5;;;;Type:1|RA:1|Dec:1|Const:99|MajAx:8|B-Mag:3|V-Mag:3|Pax:2|Pm-RA:2|Pm-Dec:2|RadVel:2|Redshift:2|Cstar V-Mag:8
NGC6772;PN;19:14:36.30;-02:42:24.5;Aql;1.07;;;14.20;12.70;;;;;;;;;0;0.000000;;19.02;18.68;;;;;PN G033.1-06.3;;;;Type:1|RA:1|Dec:1|Const:99|MajAx:8|B-Mag:3|V-Mag:3|RadVel:2|Redshift:2|Cstar B-Mag:8|Cstar V-Mag:8
NGC6778;PN;19:18:24.85;-01:35:46.9;Aql;0.26;;;13.30;12.30;;;;;;6.6000;;;91;0.000304;;16.91;;;6785;;HD 180871;IRAS 19158-0141,PN G034.5-06.7;;;;Type:1|RA:1|Dec:1|Const:99|MajAx:8|B-Mag:3|V-Mag:3|Pax:2|RadVel:2|Redshift:2|Cstar B-Mag:8
NGC6781;PN;19:18:28.26;+06:32:23.0;Aql;1.80;;;11.80;11.40;;;;;;;;;4;0.000014;;17.10;16.78;;;;;PN G041.8-02.9;;;;Type:1|RA:1|Dec:1|Const:99|MajAx:8|B-Mag:3|V-Mag:3|RadVel:2|Redshift:2|Cstar B-Mag:8|Cstar V-Mag:8
NGC6790;PN;19:22:56.90;+01:30:48.0;Aql;0.12;;;10.20;10.50;10.61;10.45;9.47;;;;;;42;0.000139;;11.10;;;;;HD 182083,BD +01 3979,TYC 465-00361-1;PN G037.8-06.3;;;;Type:1|RA:1|Dec:1|Const:99|MajAx:8|B-Mag:3|V-Mag:3|J-Mag:2|H-Mag:2|K-Mag:2|RadVel:2|Redshift:2|Cstar B-Mag:8
NGC6803;PN;19:31:16.45;+10:03:21.7;Aql;0.09;;;11.30;11.40;11.91;12.03;11.15;;;;;;13;0.000044;;;15.20;;;;HD 183889;IRAS 19289+0956,PN G046.4-04.1;;;;Type:1|RA:1|Dec:1|Const:99|MajAx:8|B-Mag:3|V-Mag:3|J-Mag:2|H-Mag:2|K-Mag:2|RadVel:2|Redshift:2|Cstar V-Mag:8
NGC6804;PN;19:31:35.39;+09:13:30.6;Aql;0.58;;;12.20;12.00;13.23;12.45;11.28;;;1.1390;-9.572;-9.408;-13;-0.000043;;14.47;14.37;;;;HD 183932;IRAS 19291+0907,PN G045.7-04.5;;;;Type:1|RA:1|Dec:1|Const:99|MajAx:8|B-Mag:3|V-Mag:3|J-Mag:2|H-Mag:2|K-Mag:2|Pax:2|Pm-RA:2|Pm-Dec:2|RadVel:2|Redshift:2|Cstar B-Mag:8|Cstar V-Mag:8
NGC6807;PN;19:34:33.50;+05:41:03.0;Aql;0.03;;;13.80;12.00;12.75;12.83;12.07;;;;;;-68;-0.000226;;16.30;;;;;BD +05 4196,HD 184488;IRAS 19320+0534,PN G042.9-06.9;;;;Type:1|RA:1|Dec:1|Const:99|MajAx:8|B-Mag:3|V-Mag:3|J-Mag:2|H-Mag:2|K-Mag:2|RadVel:2|Redshift:2|Cstar B-Mag:8
NGC6813;PN;19:40:22.44;+27:18:34.4;Vul;3.00;;;;;;;;;;;;;;;;;;;;;;;;;;Type:1|RA:1|Dec:1|Const:99|MajAx:3
NGC6818;PN;19:43:57.73;-14:09:11.4;Sgr;0.77;;;9.90;9.30;10.66;10.60;9.91;;;;;;-14;-0.000046;;16.90;;;;;BD-14 5523,HD 186282;IRAS 19411-1416,PN G025.8-17.9;Little Gem Nebula;;;Type:1|RA:1|Dec:1|Const:99|MajAx:3|B-Mag:3|V-Mag:3|J-Mag:2|H-Mag:2|K-Mag:2|RadVel:2|Redshift:2|Cstar B-Mag:8
NGC6820;Neb;19:42:28.02;+23:05:17.1;Vul;0.50;0.50;;15.00;;10.71;10.06;9.62;;;;;;;;;;;;;;;2MASX J19422860+2305059;;;;Type:1|RA:1|Dec:1|Const:99|MajAx:3|MinAx:3|B-Mag:3|J-Mag:2|H-Mag:2|K-Mag:2
NGC6823;Cl+N;19:43:09.89;+23:17:59.8;Vul;6.00;;;7.71;7.10;;;;;;0.4460;-1.697;-5.304;17;0.000057;;;;;;;;LBN 135,MWSC 3163;;;;Type:1|RA:1|Dec:1|Const:99|MajAx:9|B-Mag:2|V-Mag:2|Pax:2|Pm-RA:2|Pm-Dec:2|RadVel:2|Redshift:2
NGC6826;PN;19:44:48.11;+50:31:30.1;Cyg;0.42;;;10.02;9.44;9.57;9.60;8.90;;;0.6348;-9.232;-11.522;-6;-0.000021;;10.33;10.41;;;;BD +50 2869,HD 186924,SAO 31951,TYC 3565-00205-1;2MASX J19444814+5031304,C 015,IRAS 19434+5024,PN G083.5+12.7;Blinking Planetary;;;Type:1|RA:1|Dec:1|Const:99|MajAx:8|B-Mag:3|V-Mag:3|J-Mag:2|H-Mag:2|K-Mag:2|Pax:2|Pm-RA:2|Pm-Dec:2|RadVel:2|Redshift:2|Cstar B-Mag:8|Cstar V-Mag:8
NGC6833;PN;19:49:46.60;+48:57:40.0;Cyg;0.03;;;13.80;12.10;12.71;12.85;12.19;;;;-6.871;-1.648;-109;-0.000363;;14.60;14.50;;;;HD 187836;PN G082.5+11.3;;;;Type:1|RA:1|Dec:1|Const:99|MajAx:8|B-Mag:3|V-Mag:3|J-Mag:2|H-Mag:2|K-Mag:2|Pm-RA:2|Pm-Dec:2|RadVel:2|Redshift:2|Cstar B-Mag:8|Cstar V-Mag:8
NGC6842;PN;19:55:02.26;+29:17:21.0;Vul;0.95;;;13.60;13.10;;;;;;;;;-5;-0.000017;14.75;15.65;15.98;;;;;IRAS 19530+2909,PN G065.9+00.5;;;;Type:1|RA:1|Dec:1|Const:99|MajAx:8|B-Mag:3|V-Mag:3|RadVel:2|Redshift:2|Cstar U-Mag:8|Cstar B-Mag:8|Cstar V-Mag:8
NGC6847;Cl+N;19:56:37.82;+30:12:46.5;Cyg;10.00;10.00;;;;;;;;;;-0.810;-2.830;;;;;;;;;;LBN 151;;Identification as NGC 6847 is very uncertain.;;Type:1|RA:1|Dec:1|Const:99|MajAx:9|MinAx:9|Pm-RA:2|Pm-Dec:2
NGC6852;PN;20:00:39.16;+01:43:41.2;Aql;0.47;;;12.80;12.60;;;;;;0.2470;-1.384;-4.751;-11;-0.000037;;17.70;17.90;;;;;IRAS 19581+0135,PN G042.5-14.5;;;;Type:1|RA:1|Dec:1|Const:99|MajAx:8|B-Mag:3|V-Mag:3|Pax:2|Pm-RA:2|Pm-Dec:2|RadVel:2|Redshift:2|Cstar B-Mag:8|Cstar V-Mag:8
NGC6853;PN;19:59:36.38;+22:43:15.7;Vul;6.70;;;7.60;7.40;11.79;10.61;;;;2.6575;10.496;3.682;-42;-0.000140;12.43;13.66;13.94;027;;;BD+22 3878;2MASX J19593637+2243157,PN G060.8-03.6;Dumbbell Nebula;;;Type:1|RA:1|Dec:1|Const:99|MajAx:8|B-Mag:3|V-Mag:3|J-Mag:2|H-Mag:2|Pax:2|Pm-RA:2|Pm-Dec:2|RadVel:2|Redshift:2|Cstar U-Mag:8|Cstar B-Mag:8|Cstar V-Mag:8
NGC6857;HII;20:01:48.13;+33:31:33.3;Cyg;0.63;0.63;;11.40;;;;;;;;;;;;;;;;;;;;;;;Type:1|RA:1|Dec:1|Const:99|MajAx:3|MinAx:3|B-Mag:3
NGC6879;PN;20:10:26.60;+16:55:22.1;Sge;0.08;;;13.00;12.50;12.80;12.53;12.18;;;;;;7;0.000024;;14.90;14.80;;;;;IRAS 20081+1646,PN G057.2-08.9;;;;Type:1|RA:1|Dec:1|Const:99|MajAx:8|B-Mag:3|V-Mag:3|J-Mag:2|H-Mag:2|K-Mag:2|RadVel:2|Redshift:2|Cstar B-Mag:8|Cstar V-Mag:8
NGC6881;PN;20:10:52.50;+37:24:41.0;Cyg;0.07;;;14.30;13.90;12.34;11.89;11.00;;;;;;-15;-0.000050;;;18.36;;;;;IRAS 20090+3715,PN G074.5+02.1;;;;Type:1|RA:1|Dec:1|Const:99|MajAx:8|B-Mag:3|V-Mag:3|J-Mag:2|H-Mag:2|K-Mag:2|RadVel:2|Redshift:2|Cstar V-Mag:8
NGC6884;PN;20:10:23.70;+46:27:39.0;Cyg;0.10;;;12.60;10.90;11.16;11.19;10.37;;;;;;-36;-0.000119;;16.10;15.60;;6766;;HD 191916;IRAS 20088+4618,PN G082.1+07.0;;;;Type:1|RA:1|Dec:1|Const:99|MajAx:8|B-Mag:3|V-Mag:3|J-Mag:2|H-Mag:2|K-Mag:2|RadVel:2|Redshift:2|Cstar B-Mag:8|Cstar V-Mag:8
NGC6886;PN;20:12:42.90;+19:59:23.0;Sge;0.09;;;12.20;11.40;12.22;12.24;11.49;;;;;;-36;-0.000121;;;18.00;;;;;IRAS 20104+1950,PN G060.1-07.7;;;;Type:1|RA:1|Dec:1|Const:99|MajAx:8|B-Mag:3|V-Mag:3|J-Mag:2|H-Mag:2|K-Mag:2|RadVel:2|Redshift:2|Cstar V-Mag:8
NGC6888;HII;20:12:06.55;+38:21:17.8;Cyg;20.00;10.00;;7.44;;;;;;;;;;;;;;;;;;;BD +37 3821,C 027,HD 192163,HIP 099546,LBN 203;Crescent Nebula;;;Type:1|RA:1|Dec:1|Const:99|MajAx:9|MinAx:9|B-Mag:2
NGC6891;PN;20:15:08.84;+12:42:15.7;Del;0.25;;;11.70;10.50;11.10;11.16;10.55;;;0.4073;1.050;-5.395;42;0.000140;;12.30;12.42;;;;BD +12 4266,HD 192563,TYC 1081-00805-1;2MASX J20150883+1242159,IRAS 20127+1233,PN G054.1-12.1;;;;Type:1|RA:1|Dec:1|Const:99|MajAx:8|B-Mag:3|V-Mag:3|J-Mag:2|H-Mag:2|K-Mag:2|Pax:2|Pm-RA:2|Pm-Dec:2|RadVel:2|Redshift:2|Cstar B-Mag:8|Cstar V-Mag:8
NGC6894;PN;20:16:24.05;+30:33:54.3;Cyg;0.67;;;14.40;12.30;;;;;;;;;-58;-0.000193;;18.10;;;;;;PN G069.4-02.6;;;;Type:1|RA:1|Dec:1|Const:99|MajAx:8|B-Mag:3|V-Mag:3|RadVel:2|Redshift:2|Cstar B-Mag:8
NGC6905;PN;20:22:22.99;+20:06:16.3;Del;0.67;;;11.90;11.10;12.95;12.85;12.10;;;0.3996;-6.938;-5.530;-4;-0.000014;;16.30;15.70;;;;HD 193949;2MASX J20222299+2006162,IRAS 20201+1956,PN G061.4-09.5;Blue Flash Nebula;;;Type:1|RA:1|Dec:1|Const:99|MajAx:8|B-Mag:3|V-Mag:3|J-Mag:2|H-Mag:2|K-Mag:2|Pax:2|Pm-RA:2|Pm-Dec:2|RadVel:2|Redshift:2|Cstar B-Mag:8|Cstar V-Mag:8
NGC6914;RfN;20:24:43.30;+42:28:57.5;Cyg;3.00;3.00;;;;;;;;;;;;;;;;;;;;;LBN 274;;;;Type:1|RA:1|Dec:1|Const:99|MajAx:9|MinAx:9
NGC6960;SNR;20:45:58.18;+30:35:42.5;Cyg;210.00;160.00;;7.00;;;;;;;;;;;;;;;;;;;C 034,LBN 191;Veil Nebula,Filamentary Nebula,Western Veil;;;Type:1|RA:1|Dec:1|Const:99|MajAx:9|MinAx:9|B-Mag:3
NGC6974;SNR;20:51:04.32;+31:49:41.2;Cyg;;;;;;;;;;;;;;;;;;;;;;;;;NGC identification is not certain.;;Type:1|RA:1|Dec:1|Const:99
NGC6979;SNR;20:50:28.01;+32:01:33.2;Cyg;7.00;3.00;;;;;;;;;;;;;;;;;;;;;;;;;Type:1|RA:1|Dec:1|Const:99|MajAx:3|MinAx:3
NGC6992;SNR;20:56:19.07;+31:44:33.9;Cyg;60.00;8.00;;7.00;;;;;;;;;;;;;;;;;;;C 033;Eastern Veil,Network Nebula;;;Type:1|RA:1|Dec:1|Const:99|MajAx:3|MinAx:3|B-Mag:3
NGC6995;SNR;20:57:10.76;+31:14:06.6;Cyg;12.00;12.00;;7.00;;;;;;;;;;;;;;;;;;;;Eastern Veil,Network Nebula;;;Type:1|RA:1|Dec:1|Const:99|MajAx:3|MinAx:3|B-Mag:3
NGC6997;Cl+N;20:56:39.45;+44:37:53.4;Cyg;6.90;;;;10.00;;;;;;1.1270;-4.275;-6.882;-20;-0.000065;;;;;;;;MWSC 3432;;;;Type:1|RA:1|Dec:1|Const:99|MajAx:5|V-Mag:2|Pax:2|Pm-RA:2|Pm-Dec:2|RadVel:2|Redshift:2
NGC7000;HII;20:59:17.14;+44:31:43.6;Cyg;120.00;30.00;;4.00;;;;;;;;;;;;;;;;;;;C 020,LBN 373;North America Nebula;;;Type:1|RA:1|Dec:1|Const:99|MajAx:9|MinAx:9|B-Mag:3
NGC7008;PN;21:00:32.80;+54:32:35.5;Cyg;1.43;;;13.30;10.70;11.87;11.52;11.41;;;15.7000;;;-73;-0.000243;12.99;13.75;13.23;;;;BD +53 2533C;IRAS 20590+5420,PN G093.4+05.4;;;;Type:1|RA:1|Dec:1|Const:99|MajAx:8|B-Mag:3|V-Mag:3|J-Mag:2|H-Mag:2|K-Mag:2|Pax:2|RadVel:2|Redshift:2|Cstar U-Mag:8|Cstar B-Mag:8|Cstar V-Mag:8
NGC7009;PN;21:04:10.79;-11:21:47.7;Aqr;0.70;0.52;70;8.30;8.00;9.33;9.46;8.75;;;0.8665;7.750;1.002;-47;-0.000155;;12.66;12.78;;;;BD -11 5511,HD 200516,HIP 103992,TYC 5779-01804-1;2MASX J21041082-1121481,C 055,IRAS 21014-1133,PN G037.7-34.5;Saturn Nebula;;;Type:1|RA:1|Dec:1|Const:99|MajAx:2|MinAx:2|PosAng:2|B-Mag:3|V-Mag:3|J-Mag:2|H-Mag:2|K-Mag:2|Pax:2|Pm-RA:2|Pm-Dec:2|RadVel:2|Redshift:2|Cstar B-Mag:8|Cstar V-Mag:8
NGC7023;Neb;21:01:35.62;+68:10:10.4;Cep;10.00;8.00;;7.20;;;;;;;;;;;;;;;;;;;C 004,IRAS 21009+6758,LBN 487;Iris Nebula;Identified as IR cirrus by Strauss, et al (1992, ApJS, 83, 29).;;Type:1|RA:1|Dec:1|Const:99|MajAx:9|MinAx:9|B-Mag:2
NGC7026;PN;21:06:18.48;+47:51:07.9;Cyg;0.33;;;12.70;10.90;10.43;10.81;10.05;;;0.2175;-2.624;-3.255;-40;-0.000134;;15.33;14.20;;;;HD 201192;IRAS 21046+4739,PN G089.0+00.3;;;;Type:1|RA:1|Dec:1|Const:99|MajAx:8|B-Mag:3|V-Mag:3|J-Mag:2|H-Mag:2|K-Mag:2|Pax:2|Pm-RA:2|Pm-Dec:2|RadVel:2|Redshift:2|Cstar B-Mag:8|Cstar V-Mag:8
NGC7027;PN;21:07:01.53;+42:14:11.5;Cyg;0.23;;;10.40;8.50;;;;;;9.6000;-22.700;-4.400;9;0.000030;;;16.25;;;;BD +41 4004,HD 201272,SAO 50463;2MASX J21070267+4214098,PN G084.9-03.4;;The 2MASX position refers to a star just east of the nebula.;;Type:1|RA:1|Dec:1|Const:99|MajAx:8|B-Mag:3|V-Mag:3|Pax:2|Pm-RA:2|Pm-Dec:2|RadVel:2|Redshift:2|Cstar V-Mag:8
NGC7048;PN;21:14:15.20;+46:17:19.0;Cyg;1.02;;;11.30;12.10;;;;;;;;;-50;-0.000167;;;19.12;;;;;IRAS 21124+4604,PN G088.7-01.6;;;;Type:1|RA:1|Dec:1|Const:99|MajAx:8|B-Mag:3|V-Mag:3|RadVel:2|Redshift:2|Cstar V-Mag:8
NGC7076;PN;21:26:23.50;+62:53:33.0;Cep;0.93;;;14.50;13.50;;;;;;;;;;;;18.00;;;;;;IRAS 21251+6240,PN G101.8+08.7;;;;Type:1|RA:1|Dec:1|Const:99|MajAx:8|B-Mag:3|V-Mag:3|Cstar B-Mag:8
NGC7094;PN;21:36:52.97;+12:47:19.1;Peg;1.65;;;13.60;13.40;14.14;14.13;14.19;;;0.6149;3.611;-10.604;-101;-0.000337;12.39;13.58;13.68;;;;;IRAS 21344+1233,PN G066.7-28.2;;;;Type:1|RA:1|Dec:1|Const:99|MajAx:99|B-Mag:3|V-Mag:3|J-Mag:2|H-Mag:2|K-Mag:2|Pax:2|Pm-RA:2|Pm-Dec:2|RadVel:2|Redshift:2|Cstar U-Mag:8|Cstar B-Mag:8|Cstar V-Mag:8
NGC7129;Cl+N;21:42:59.03;+66:06:46.7;Cep;2.10;;;11.50;11.50;;;;;;1.0860;-1.759;-3.267;;;;;;;;;;2MASX J21425712+6606350,LBN 497,MWSC 3549;;;;Type:1|RA:1|Dec:1|Const:99|MajAx:9|B-Mag:3|V-Mag:2|Pax:2|Pm-RA:2|Pm-Dec:2
NGC7139;PN;21:46:08.60;+63:47:31.0;Cep;1.28;;;13.00;13.30;;;;;;;;;-54;-0.000181;;;18.72;;;;;IRAS 21448+6333,PN G104.1+07.9;;;;Type:1|RA:1|Dec:1|Const:99|MajAx:8|B-Mag:3|V-Mag:3|RadVel:2|Redshift:2|Cstar V-Mag:8
NGC7293;PN;22:29:38.57;-20:50:14.4;Aqr;16.33;;;7.50;7.30;14.33;14.49;14.55;;;4.9760;38.869;-3.419;-15;-0.000050;11.81;13.10;13.50;;;;USNO 271;C 063,ESO 602-022,PN G036.1-57.1;Helix Nebula;;;Type:1|RA:1|Dec:1|Const:99|MajAx:8|B-Mag:3|V-Mag:3|J-Mag:2|H-Mag:2|K-Mag:2|Pax:2|Pm-RA:2|Pm-Dec:2|RadVel:2|Redshift:2|Cstar U-Mag:8|Cstar B-Mag:8|Cstar V-Mag:8
NGC7354;PN;22:40:19.61;+61:17:05.4;Cep;0.38;;;12.90;12.20;10.71;10.23;9.26;;;0.4542;-3.963;-4.619;-42;-0.000142;;;16.20;;;;;IRAS 22384+6101,PN G107.8+02.3;;;;Type:1|RA:1|Dec:1|Const:99|MajAx:8|B-Mag:3|V-Mag:3|J-Mag:2|H-Mag:2|K-Mag:2|Pax:2|Pm-RA:2|Pm-Dec:2|RadVel:2|Redshift:2|Cstar V-Mag:8
NGC7380;Cl+N;22:47:21.01;+58:07:56.7;Cep;25.00;20.00;;7.62;7.20;;;;;;0.3330;-2.517;-2.144;-34;-0.000114;;;;;;;;LBN 511,MWSC 3659;;;;Type:1|RA:1|Dec:1|Const:99|MajAx:9|MinAx:9|B-Mag:2|V-Mag:2|Pax:2|Pm-RA:2|Pm-Dec:2|RadVel:2|Redshift:2
NGC7538;Cl+N;23:13:38.63;+61:30:44.6;Cep;8.00;7.00;;;;;;;;;;-2.400;-2.670;-65;-0.000216;;;;;;;;LBN 542,MWSC 3707;;;;Type:1|RA:1|Dec:1|Const:99|MajAx:9|MinAx:9|Pm-RA:2|Pm-Dec:2|RadVel:2|Redshift:2
NGC7635;HII;23:20:45.60;+61:12:44.5;Cas;15.00;8.00;;11.00;;;;;;;;;;;;;;;;;;;C 011,LBN 548;Bubble Nebula;;;Type:1|RA:1|Dec:1|Const:99|MajAx:9|MinAx:9|B-Mag:3
NGC7662;PN;23:25:53.90;+42:32:05.8;And;0.28;;;9.20;8.30;;;;;;12.1000;12.200;-1.000;-12;-0.000041;;13.60;13.20;;;;BD +41 4773,HD 220733;2MASX J23255415+4232111,C 022,IRAS 23234+4215,PN G106.5-17.6;Copeland's Blue Snowball;;;Type:1|RA:1|Dec:1|Const:99|MajAx:8|B-Mag:3|V-Mag:3|Pax:2|Pm-RA:2|Pm-Dec:2|RadVel:2|Redshift:2|Cstar B-Mag:8|Cstar V-Mag:8
NGC7822;HII;00:03:35.35;+67:09:41.9;Cep;20.00;4.00;;;;;;;;;;;;;;;;;;;;;LBN 589;;NGC identification is not certain.;;Type:1|RA:1|Dec:1|Const:99|MajAx:9|MinAx:9
