ID;Name;Type;RA;Dec;Mag;Mag 2;Sep;PosAngle;Catalogue;Spect
WDS19546-0814;57 Aqu, STF2594, CCDM19546-0814, HD188293, BD-08 5154, HIP97966;Dbl;19h 54m 38s;-08°13,6';5,7;6,3;36,3;171;WDS2024_08;B7Vn+B8V
HIP97967;CCDM19546-0814, HD188294, BD-08 5155;Star;19h 54m 38s;-08°14,2';6,5;;;;Hipparcos;B8V
HIP94613;CCDM19153+1505, HD180243, BD+14 3845;Star;19h 15m 14s;+15°04,9';7,6;;;;Hipparcos;A0
WDS19153+1505;STTA178, BD+14 03846, CCDM19153+1505, HD180262;Dbl;19h 15m 20s;+15°05,0';5,7;7,6;89,6;267;WDS2024_08;G8II-III
HIP93716;CCDM19050-0402, HD177442, BD-04 4683;Star;19h 04m 56s;-04°02,4';7,0;;;;Hipparcos;K0
WDS19050-0402;15 Aql, SHJ286, BD-04 04684, HIP93717, HD177463, ASCC1245653;Dbl;19h 04m 58s;-04°01,8';5,5;7,0;39,6;211;WDS2024_08;K0IV
ASCC498543;Mu2 Boo, HIP75415, HD137392, 51 Boo;Star+Var Star+Dbl;15h 24m 31s;+37°20,8';7,0;;;;ASCC;G1V
WDS15245+3723;Mu1 Boo, STFA28,Alkalurops, CCDM15245+3722, HD137391, BD+37 2636;Dbl;15h 24m 30s;+37°22,6';4,3;7,1;109,2;171;WDS2024_08;F2IVa+G0V
WDS20181-1233;Alpha Cap, STFA51, Algedi,Giedi;Dbl;20h 18m 03s;-12°32,6';3,7;4,3;381,2;290;WDS2024_08;G9III
HIP100027;CCDM20176-1231, HD192876, BD-12 5683;Star+Dbl;20h 17m 39s;-12°30,4';4,3;8,5;0,7;355;Hipparcos;G3Ib
WDS20210-1447;Beta Cap, STFA52, Dabih;Dbl;20h 21m 01s;-14°46,8';3,2;6,1;205,2;266;WDS2024_08;F8V+A0
HIP100325;CCDM20210-1447, HD193452, BD-15 5626;Star+Dbl;20h 20m 47s;-14°47,0';6,1;9,1;0,7;75;Hipparcos;B9.5III/IV
WDS20289-1749;Rho Cap, SHJ323;Dbl;20h 28m 52s;-17°48,8';5,0;6,7;258,7;150;WDS2024_08;F3V
HIP101040;CCDM20289-1750, HD194960, BD-18 5691;Star;20h 29m 01s;-17°52,5';6,6;;;;Hipparcos;K0III
WDS20299-1835;Omicron Cap, SHJ324, BD-19 05831;Dbl;20h 29m 54s;-18°35,0';5,9;6,7;22,0;238;WDS2024_08;A3Vn+A7V
HIP101120;CCDM20299-1835, HD195093, BD-19 5830;Star+Dbl;20h 29m 53s;-18°35,1';6,7;6,7;;;Hipparcos;A7/A8V
WDS22292+5825;Delta Cep, STFA58, BD+57 02547;Dbl;22h 29m 10s;+58°24,9';4,2;6,1;41,0;191;WDS2024_08;F5Iab+B7
HIP110988;CCDM22292+5825, HD213307, BD+57 2547;Star;22h 29m 09s;+58°24,2';6,3;;;;Hipparcos;A0
WDS16224+3348;Nu CrB, STFA29, BD+34 02773;Dbl;16h 22m 21s;+33°47,9';5,4;5,6;354,7;164;WDS2024_08;M2IIIab
TYC2583-02106-1;;Star;16h 22m 29s;+33°42,2';5,6;;;;Tycho2;K5III
WDS19418+5032;16 Cyg, STFA46, BD+50 02847;Dbl;19h 41m 49s;+50°31,5';6,0;6,2;40,0;133;WDS2024_08;G1.5V
HIP96901;CCDM19418+5031, HD186427, BD+50 2848;Star;19h 41m 52s;+50°31,0';6,2;;;;Hipparcos;G5V
WDS20136+4644;STFA50;Dbl;20h 13m 38s;+46°44,4';3,9;4,8;336,7;322;WDS2024_08;K2II
ASCC348746;HIP99639, HD192514, 30 Cyg;Star+Var Star+Dbl;20h 13m 18s;+46°48,9';4,8;;;;ASCC;A5IIIn
HIP99676;CCDM20135+4646, HD192579, BD+46 2883;Star;20h 13m 39s;+46°42,7';7,0;;;;Hipparcos;B9
ASCC710944;HIP95951, HD183914, bet Cyg, 6 Cyg;Star+Var Star+Dbl;19h 30m 45s;+27°57,9';5,1;;;;ASCC;B8V
WDS19307+2758;STFA43,Albireo;Dbl;19h 30m 43s;+27°57,5';3,2;4,7;34,5;53;WDS2024_08;K3II+B9.5
WDS20145+3648;29 Cyg, ENG72, BD+36 03955;Dbl;20h 14m 32s;+36°48,3';5,0;6,7;215,3;155;WDS2024_08;A2V
HIP99777;CCDM20146+3647, HD192661, BD+36 3959;Star;20h 14m 40s;+36°45,1';6,6;;;;Hipparcos;G8III
WDS20375+3134;48 Cyg, STFA53, BD+31 04159;Dbl;20h 37m 32s;+31°34,3';6,3;6,5;182,7;177;WDS2024_08;B8III+F0V
HIP101768;CCDM20375+3133, HD196629, BD+31 4160;Star;20h 37m 33s;+31°31,3';6,5;;;;Hipparcos;F0V
WDS21069+3845;61 Cyg, STF2758, BD+38 04343;Dbl;21h 06m 54s;+38°45,0';5,3;6,1;32,0;154;WDS2024_08;K5V+K7V
HIP104217;CCDM21069+3844, HD201092, BD+38 4344;Star+Var Star;21h 06m 52s;+38°44,0';6,1;6,2;;;Hipparcos;K7V
WDS21441+2845;Mu Cyg, STF2822, HIP107310;Dbl;21h 44m 09s;+28°44,5';4,8;6,9;197,0;43;WDS2024_08;F6V+F2V
HIP107326;CCDM21442+2845, HD206874, BD+28 4171;Star;21h 44m 19s;+28°46,9';6,9;;;;Hipparcos;A5
WDS21434+3817;79 Cyg, S799, BD+37 04408;Dbl;21h 43m 26s;+38°17,0';5,7;7,0;149,5;60;WDS2024_08;A0V
HIP107268;CCDM21435+3818, HD206807;Star;21h 43m 37s;+38°18,2';7,0;;;;Hipparcos;A0
WDS20302+1925;S752, BD+18 04515;Dbl;20h 30m 14s;+19°25,2';6,8;7,3;106,3;288;WDS2024_08;B7IV
HIP101143;CCDM20302+1925, HD195341, BD+18 4515;Star+Dbl;20h 30m 07s;+19°25,8';7,3;7,3;;;Hipparcos;B9
WDS18239+5848;39 Dra, STF2323, BD+58 01810;Dbl;18h 23m 55s;+58°48,0';5,1;7,9;89,2;19;WDS2024_08;A1V
ASCC200908;HD238865;Star+Var Star+Dbl;18h 23m 58s;+58°49,4';7,9;;;;ASCC;F8
WDS17322+5511;Nu Dra, STFA35, BD+55 01945;Dbl;17h 32m 16s;+55°10,3';4,9;4,9;62,3;311;WDS2024_08;A4m+A6V
HIP85819;CCDM17322+5511, HD159541, BD+55 1944;Star;17h 32m 10s;+55°11,0';4,9;;;;Hipparcos;Am...
WDS21103+1008;Gamma Equ, STFA54, BD+09 04735;Dbl;21h 10m 20s;+10°07,9';4,7;6,1;335,0;152;WDS2024_08;A9V
HIP104538;CCDM21104+1007, HD201616, BD+09 4735;Star+Dbl;21h 10m 31s;+10°02,9';6,1;6,1;;;Hipparcos;A2Vs
WDS17037+1336;STFA33, BD+13 03292;Dbl;17h 03m 39s;+13°36,3';5,9;6,2;304,9;117;WDS2024_08;A1V+K1III
HIP83504;CCDM17038+1335, HD154278, BD+13 3295;Star;17h 03m 58s;+13°34,0';6,1;;;;Hipparcos;K1III
TYC0988-01149-1;SAO102565;Star;17h 03m 42s;+13°40,1';8,6;;;;Tycho2;G0
WDS18448+3736;Zeta 1 Lyr, STFA38, BD+37 03223, HIP91971, HD173648, 6 Lyr;Dbl;18h 44m 46s;+37°36,3';4,3;5,6;43,9;150;WDS2024_08;F0IVv
HIP91973;CCDM18448+3736, HD173649, BD+37 3223;Star;18h 44m 48s;+37°35,6';5,7;;;;Hipparcos;F0IVvar
WDS18545+3654;Delta 2 Lyr, ES2028, BD+36 03319,Delta Lyrae Cluster, HIP92791, HD175588, 12 Lyr;Dbl;18h 54m 30s;+36°53,9';4,3;11,2;86,3;349;WDS2024_08;M4II
HIP92728;Delta 1 Lyr, CCDM18538+3659, HD175426, BD+36 3307;Star;18h 53m 44s;+36°58,3';5,6;;;;Hipparcos;B2.5V
WDS18501+3322;Beta Lyr, STFA39, BD+33 03223,Sheliak, HIP92420, HD174638, 10 Lyr;Dbl;18h 50m 05s;+33°21,7';3,6;6,7;45,5;148;WDS2024_08;B7Ve+A8p
ASCC605822;HD174664;Star+Dbl;18h 50m 07s;+33°21,1';6,9;;;;ASCC;B3
WDS18443+3940;Epsilon 1 Lyr, STFA37,Double Double, HIP91919, HD173582,  4 Ly;Dbl;18h 44m 20s;+39°40,2';4,7;4,6;209,4;172;WDS2024_08;A4V
HIP91926;Epsilon 2 Lyr, CCDM18443+3938, HD173607, BD+39 3510;Star+Dbl;18h 44m 23s;+39°36,7';4,6;4,8;2,3;87;Hipparcos;A8Vn
WDS17391+0202;SHJ251, BD+02 03373;Dbl;17h 39m 08s;+02°01,6';6,4;7,8;111,3;328;WDS2024_08;K0III
WDS17391+0202;SHJ251, BD+02 03372;Dbl;17h 39m 05s;+02°03,2';7,8;10,7;99,8;69;WDS2024_08;F0
WDS17346+0935;STFA34, BD+09 03424;Dbl;17h 34m 37s;+09°35,2';5,8;7,5;41,1;190;WDS2024_08;A2V
WDS17346+0935;STFA34, BD+09 03423;Dbl;17h 34m 36s;+09°34,5';7,5;12,0;90,6;223;WDS2024_08;A8IV
WDS18006+0256;67 Oph, H62, BD+02 03459;Dbl;18h 00m 39s;+02°55,8';4,0;8,1;54,7;143;WDS2024_08;B5I+B2V
TYC0434-05199-1;BD+02 3459, CCDM J18007+0256C, ADS 10966 C,  SAO 123014,  Gaia DR3 4469314110339624448;Star;18h 00m 41s;+02°55,1';8,1;;;;User;B2V
WDS21442+0953;Epsilon Peg, S798, BD+09 04890,Enif;Dbl;21h 44m 11s;+09°52,5';2,5;8,7;143,9;318;WDS2024_08;K2Ib+F8
ASCC1086678;TYC1125-01747-1;Star+Dbl;21h 44m 05s;+09°54,2';8,6;;;;ASCC;F8
HIP109352;Pi 1 Peg, CCDM22092+3310, HD210354, BD+32 4349;Star+Dbl;22h 09m 14s;+33°10,3';5,6;5,6;;;Hipparcos;G6III:
HIP109410;Pi 2 Peg, HD210459, BD+32 4352;Star;22h 09m 59s;+33°10,6';4,3;5,6;573,0;268;Hipparcos;F5III
WDS22279+0442;35 Peg, ENG85, BD+03 04710;Dbl;22h 27m 52s;+04°41,7';4,9;10,0;80,5;227;WDS2024_08;K0III
Gaia DR3 2707420222302203776;UCAC4 474-125859, CCDM J22278+0441B, WDS J22279+0442B;Star;22h 27m 48s;+04°40,7';10,3;;;;User;
WDS22237+2051;33 Peg, STF2900, BD+20 05138;Dbl;22h 23m 40s;+20°50,8';6,3;8,5;92,7;306;WDS2024_08;F7V
HIP110541;CCDM22236+2051, BD+20 5138;Star+Dbl;22h 23m 35s;+20°51,8';8,5;10,7;0,4;73;Hipparcos;F0
WDS18562+0412;Theta Ser, STF2417, BD+04 03916,Alya;Dbl;18h 56m 13s;+04°12,2';4,6;4,9;22,4;106;WDS2024_08;A5V+A5Vn
HIP92951;Alya, CCDM18563+0413, HD175639, BD+04 3917;Star+Dbl;18h 56m 15s;+04°12,1';5,0;5,0;;;Hipparcos;A5Vn
WDS19373+1628;Epsilon Sge, H626, BD+16 03918;Dbl;19h 37m 17s;+16°27,7';5,8;8,4;87,4;82;WDS2024_08;G9III
ASCC890359;HD232029;Star+Dbl;19h 37m 23s;+16°28,0';8,3;;;;ASCC;B8
WDS20041+1704;15 Sge, STT592, BD+16 04119;Dbl;20h 04m 06s;+17°04,2';5,9;6,9;217,0;335;WDS2024_08;G1V
HIP98801;CCDM20040+1705, HD190338, BD+16 4119;Star;20h 03m 59s;+17°07,3';6,9;;;;Hipparcos;A2
WDS19407-1618;54 Sgr, HJ599, BD-16 05400;Dbl;19h 40m 43s;-16°17,5';5,4;7,7;45,5;41;WDS2024_08;K2III+F8V
ASCC1508612;HD185673;Star+Var Star+Dbl;19h 40m 46s;-16°17,0';7,7;;;;ASCC;G0
WDS19287+2440;Alpha Vul, STFA42, BD+24 03759,Anser;Dbl;19h 28m 42s;+24°39,8';4,6;5,9;427,7;28;WDS2024_08;M0III
HIP95785;CCDM19288+2442, HD183491, BD+24 3761;Star;19h 28m 57s;+24°46,1';5,8;;;;Hipparcos;K0III
WDS01562+3715;56 And, STFA4, SAO55107, HD11749, HR557;Dbl;01h 56m 09s;+37°15,1';5,8;6,1;202,5;298;WDS2024_08;K0III+gM0
WDS01562+3715;BU1368, BD+36 00349;Dbl;01h 55m 54s;+37°16,6';6,1;9,8;204,4;258;WDS2024_08;gM0
WDS02109+3902;59 And, STF222, BD+38 00425, SAO55330, HD13294, HR628;Dbl;02h 10m 53s;+39°02,3';6,1;6,7;16,6;36;WDS2024_08;B9V+A1Vn
ASCC461940;HIP10180, HD13295, 59 And;Star+Var Star+Dbl;02h 10m 54s;+39°02,5';6,8;;;;ASCC;A1Vn
ASCC653188;HD13152;Star+Dbl;02h 09m 18s;+25°56,6';7,9;;;;ASCC;F2
WDS02094+2556;14 Ari, H669, CCDM02094+2557, HD13174, BD+25  355, HIP10053;Dbl;02h 09m 25s;+25°56,3';5,0;8,0;106,0;279;WDS2024_08;F2III
WDS02407+2704;33 Ari, STF289, CCDM02407+2704, HD16628, BD+26  443, HIP12489;Dbl;02h 40m 41s;+27°03,6';5,3;9,6;28,3;1;WDS2024_08;A3V
ASCC654632;CCDM J02407+2704B, TYC 1776-1397-1, Gaia DR3 126974007959449728, WDS J02407+2704B;Star+Dbl;02h 40m 41s;+27°04,1';9,8;;;;ASCC;
WDS06045+5134;35 Cam, STT128, BD+51 01146, CCDM06045+5135, HD40873;Dbl;06h 04m 29s;+51°34,4';6,4;9,3;39,5;14;WDS2024_08;A7III
Gaia DR3 972093352697231360;AG+51 535, TYC 3386-938-1, ADS 4633 BC, CCDM J06045+5135BC, WDS J06045+5134BC, SAO 25549;Star;06h 04m 30s;+51°35,0';9,3;;;;User;A5
HD234121;ASCC259623, WDS J14162+5122B, ADS  9198 B, BD+52  1785, CCDM J14162+5122B;Star+Var Star+Dbl;14h 16m 12s;+51°22,5';7,5;;;;ASCC;K1V
WDS14162+5122;Iota Boo, STFA26, BD+52 01784, HIP69713, HD125161,  21 Boo;Dbl;14h 16m 10s;+51°22,0';4,8;7,4;38,8;33;WDS2024_08;A7IV+K0V
HIP70781;CCDM14285+2817, HD127043, BD+28 2331;Star+Dbl;14h 28m 31s;+28°17,3';7,6;7,6;;;Hipparcos;A1V
WDS14286+2817;STF1850, BD+28 02332, CCDM14285+2817, HD127067;Dbl;14h 28m 33s;+28°17,4';7,1;7,6;25,5;261;WDS2024_08;A1V+A1V
WDS15155+3319;Delta Boo, STFA27, BD+33 02561, HIP74666, HD135722,  49 Boo;Dbl;15h 15m 30s;+33°18,8';3,6;7,9;104,7;78;WDS2024_08;G8III+G0V
HIP74674;CCDM15156+3319, BD+33 2562;Star;15h 15m 38s;+33°19,2';7,8;;;;Hipparcos;G0Vvar
WDS12492+8325;32 Cam, HIP27949, HD39283, Xi Aur, 30 Aur, BD+55 1027, STF1694, BD+84 00290;Dbl;12h 49m 14s;+83°24,7';5,3;5,7;21,8;324;WDS2024_08;A1IIIsh
ASCC36204;HIP62561, HD112014;Star+Var Star+Dbl;12h 49m 07s;+83°25,0';5,8;;;;ASCC;A0V
WDS05061+5858;11 Cam, STFA13, BD+58 00804, HIP23734, HD32343;Dbl;05h 06m 08s;+58°58,3';5,2;6,2;177,7;10;WDS2024_08;B2.5Ve
ASCC178370;12 Cam, HIP23743, HD32357;Star+Var Star+Dbl;05h 06m 12s;+59°01,2';6,1;;;;ASCC;K0III
WDS05034+6027;Beta Cam, S459, BD+60 00856, HIP23522, HD31910, 10 Cam, ASCC118306;Dbl;05h 03m 25s;+60°26,5';4,1;7,4;84,2;209;WDS2024_08;G1I+A5
ASCC118301;HD31911;Star+Var Star+Dbl;05h 03m 20s;+60°25,3';7,4;;;;ASCC;A5
WDS00405+5632;H518, BD+55 00138,Shedar;Dbl;00h 40m 30s;+56°32,2';2,3;9,0;70,9;283;WDS2024_08;K0
ASCC158268;HD236494;Star+Dbl;00h 40m 22s;+56°32,4';8,9;;;;ASCC;K0
WDS01201+5814;Phi Cas, H323, BD+57 00257;Dbl;01h 20m 05s;+58°13,8';5,1;7,0;134,1;231;WDS2024_08;B5
HIP6229;CCDM01200+5813, HD7902, BD+57  257;Star+Var Star;01h 19m 52s;+58°12,4';7,1;7,1;;;Hipparcos;B6Ib
WDS00141+7601;STTA1, BD+75 00004;Dbl;00h 14m 03s;+76°01,6';7,4;7,8;73,2;103;WDS2024_08;M
HIP1150;CCDM00142+7601, HD947, BD+75    5;Star;00h 14m 22s;+76°01,3';7,7;;;;Hipparcos;G5
WDS01144-0755;37 Cet, STFA3, BD-08 00216;Dbl;01h 14m 24s;-07°55,3';5,2;7,8;49,4;331;WDS2024_08;F6V+G9V
ASCC1266251;HD7438;Star+Var Star+Dbl;01h 14m 22s;-07°54,6';7,8;;;;ASCC;K1
WDS01496-1041;Chi Cet, ENG8, BD-11 00352;Dbl;01h 49m 35s;-10°41,1';4,7;6,8;184,1;250;WDS2024_08;F0V+G3V
HIP8486;CCDM01495-1042, HD11131, BD-11  351;Star+Dbl;01h 49m 23s;-10°42,1';6,7;6,7;;;Hipparcos;G0
WDS07247-3149;DUN47, CD-31 04481;Dbl;07h 24m 44s;-31°48,5';5,4;7,6;97,1;344;WDS2024_08;B8V
ASCC1734962;HD58534;Star+Dbl;07h 24m 42s;-31°47,0';7,6;;;;ASCC;A0
HIP35213;CCDM07166-2319, HD56578, BD-23  118, CD-23  5192, CPD-23  2015;Star+Dbl;07h 16m 38s;-23°18,6';6,0;6,0;;;Hipparcos;A5m...
WDS07166-2319;HJ3945, CD-23 05189;Dbl;07h 16m 37s;-23°18,9';5,0;5,8;26,5;50;WDS2024_08;K3Ib+dF0
ASCC1642473;HD58324;Star+Dbl;07h 23m 53s;-29°17,3';6,8;;;;ASCC;A0
WDS07241-2918;Eta CMa, SMY2, CD-29 04328,Aludra;Dbl;07h 24m 06s;-29°18,1';2,5;6,8;177,0;287;WDS2024_08;B5Ia
WDS07583+0213;14 CMi, SHJ87, BD+02 01833;Dbl;07h 58m 21s;+02°13,4';5,4;9,4;100,1;84;WDS2024_08;K0III
WDS07583+0213;SHJ87, BD+02 01835;Dbl;07h 58m 27s;+02°13,6';9,4;9,9;127,9;193;WDS2024_08;A0
WDS08467+2846;Iota Cnc, STF1268, BD+29 01824, HIP43103, HD74739, 48 Cnc, ASCC678182;Dbl;08h 46m 42s;+28°45,5';4,1;6,0;30,6;308;WDS2024_08;G8III+A2V
HIP43100;CCDM08467+2846, HD74738, BD+29 1823;Star+Dbl;08h 46m 40s;+28°45,9';6,6;;;;Hipparcos;A2V
WDS12225+2551;12 Com, SHJ143, BD+26 02338;Dbl;12h 22m 30s;+25°50,7';4,9;8,9;64,9;168;WDS2024_08;G0III-+A3
ASCC684794;;Star+Var Star+Dbl;12h 22m 31s;+25°49,7';8,9;;;;ASCC;G
WDS12289+2555;17 Com, STFA21, BD+26 02354;Dbl;12h 28m 55s;+25°54,7';5,2;6,6;146,4;251;WDS2024_08;A0p
HIP60891;CCDM12289+2554, HD108651, BD+26 2353;Star;12h 28m 45s;+25°54,0';6,6;;;;Hipparcos;A0p
WDS17592+6409;STF2273, BD+64 01237;Dbl;17h 59m 14s;+64°08,5';7,3;7,6;21,4;282;WDS2024_08;F4V+F5V
HIP88062;CCDM17592+6409, HD164983;Star+Dbl;17h 59m 11s;+64°08,6';7,7;7,7;;;Hipparcos;F2
WDS18002+8000;41 Dra, STF2308, BD+79 00571;Dbl;18h 00m 09s;+80°00,2';5,7;6,0;18,9;232;WDS2024_08;F7V+F7V
HIP88127;CCDM18002+8000, HD166865, BD+79  570;Star+Dbl;18h 00m 03s;+80°00,0';6,1;6,1;;;Hipparcos;K2Vvar
HIP81290;CCDM16362+5255, HD150100, BD+53 1875;Star;16h 36m 11s;+52°54,0';5,5;;;;Hipparcos;B9.5Vn
WDS16362+5255;17 Dra, STFA30, BD+53 01875;Dbl;16h 36m 14s;+52°55,4';5,4;5,5;90,2;193;WDS2024_08;B9V
WDS17419+7209;Psi Dra, 31 Dra, STF2241, BD+72 00804,Dziban;Dbl;17h 41m 56s;+72°08,9';4,6;5,6;30,2;16;WDS2024_08;F5IV+F8V
HIP86620;CCDM17420+7209, HD162004, BD+72  805;Star+Dbl;17h 41m 58s;+72°09,4';5,8;5,8;;;Hipparcos;G0V
HIP87728;HD164613, BD+72  818;Star;17h 55m 11s;+72°00,3';5,4;;3705,0;96;Hipparcos;F2.5II-III
ASCC82841;5 Dra, HIP61281, HD109387, Kappa Dra;Star+Var Star;12h 33m 29s;+69°47,2';3,9;;926,0;25;ASCC;B6IIIp
ASCC35716;6 Dra, HIP61384, HD109551;Star+Var Star+Dbl;12h 34m 44s;+70°01,3';4,9;;;;ASCC;K2III
WDS20282+8125;75 Dra, STH7, BD+80 00657;Dbl;20h 28m 14s;+81°25,3';5,5;6,7;196,6;282;WDS2024_08;G9III
HIP100843;CCDM20282+8126, HD196565, BD+80  657;Star;20h 26m 48s;+81°26,0';6,6;;;;Hipparcos;K0
WDS04564-0510;62 Eri, SHJ48, BD-05 01091;Dbl;04h 56m 24s;-05°10,2';5,5;8,9;66,1;76;WDS2024_08;B6V
Gaia DR3 3212297162705983104;BD-05 1093, CCDM J04564-0510B, TYC 4745-1842-1;Star;04h 56m 28s;-05°10,0';;;;;User;B8
WDS06290+2013;Nu Gem, STTA77, BD+20 01441;Dbl;06h 28m 58s;+20°12,7';4,1;8,0;112,8;330;WDS2024_08;B6IIIe
ASCC760235;HD257937;Star+Dbl;06h 28m 54s;+20°14,3';8,0;;;;ASCC;A0
WDS06323+1747;20 Gem, STF924, BD+17 01286;Dbl;06h 32m 19s;+17°47,0';6,3;6,9;19,9;211;WDS2024_08;F8III
HIP31158;CCDM06323+1747, HD46136, BD+17 1286;Star+Dbl;06h 32m 19s;+17°47,0';6,3;6,3;;0;Hipparcos;F6V...
WDS07041+2034;Zeta Gem, SHJ77,Mekbuda;Dbl;07h 04m 07s;+20°34,2';4,1;7,7;101,5;347;WDS2024_08;F7-G3Ib
ASCC764613;HD268518;Star+Dbl;07h 04m 05s;+20°35,8';7,6;;;;ASCC;G
ASCC673721;65 Gem, HIP36429, HD59148;Star+Dbl;07h 29m 49s;+27°55,0';5,0;;818,0;333;ASCC;K2III
HIP36393;64 Gem, HD59037, BD+28 1396;Star;07h 29m 20s;+28°07,1';5,1;;;;Hipparcos;A4V
WDS16081+1703;Kappa Her, STF2010, BD+17 02964, Maasym,Marsic, HIP79043, HD145001, 7 Her;Dbl;16h 08m 05s;+17°02,8';5,1;6,2;26,8;14;WDS2024_08;G7g+K0IV
HIP79045;Maasym,Marsic, CCDM16081+1703, HD145000, BD+17 2965;Star+Dbl;16h 08m 05s;+17°03,2';6,2;6,2;;;Hipparcos;K1III
WDS16406+0413;37 Her, STFA31, HIP81641, HD150378, 3, ASCC1149754;Dbl;16h 40m 39s;+04°13,1';5,8;6,9;69,3;229;WDS2024_08;A1V+A3IV
ASCC1149748;HIP81634, HD150379, 36 Her;Star+Dbl;16h 40m 35s;+04°12,4';6,9;;;;ASCC;A3IV
WDS08437-0714;F Hydrae, S579, BD-06 02708;Dbl;08h 43m 40s;-07°14,0';4,7;8,2;78,8;310;WDS2024_08;G1Ib
ASCC1301576;HD74394;Star+Var Star+Dbl;08h 43m 36s;-07°13,1';8,2;;;;ASCC;A0
WDS10476-1516;STF1474, BD-14 03186;Dbl;10h 47m 38s;-15°15,7';6,7;7,0;65,9;27;WDS2024_08;B9IV
HIP52800;CCDM10477-1515, HD93525, BD-14 3188;Star;10h 47m 40s;-15°14,6';6,9;;;;Hipparcos;A:+...
WDS09205-0933;27 Hydrae, SHJ105, BD-08 02643;Dbl;09h 20m 29s;-09°33,3';4,9;7,0;229,1;211;WDS2024_08;G8III+F4V
HIP45802;CCDM09204-0934, HD80550, BD-09 2801;Star+Dbl;09h 20m 21s;-09°36,6';7,0;10,9;9,3;198;Hipparcos;F4V
WDS09291-0246;Tau 1 Hya, HJ1167, BD-02 02901,Ukdah;Dbl;09h 29m 09s;-02°46,1';4,6;7,3;65,7;4;WDS2024_08;F6V+K0
ASCC1225222;TYC4885-01567-1;Star+Var Star+Dbl;09h 29m 09s;-02°45,0';7,2;;;;ASCC;K0
WDS10167+2325;36 Leo, STFA18, BD+24 02209,Adhafera;Dbl;10h 16m 41s;+23°25,0';3,5;6,0;335,4;337;WDS2024_08;F0III
HIP50319;CCDM10166+2327, HD89010, BD+24 2207;Star;10h 16m 32s;+23°30,1';5,9;;;;Hipparcos;G2IV
WDS11141+2031;Delta Leo, STT573, BD+21 02298,Duhr,Zosma;Dbl;11h 14m 07s;+20°31,4';2,5;10,9;207,8;341;WDS2024_08;A4V
ASCC776743;;Star;11h 14m 02s;+20°34,6';11,0;;;;ASCC;
WDS11268+0301;83 Leo, STF1540, BD+03 02502;Dbl;11h 26m 45s;+03°00,7';6,6;7,5;28,6;146;WDS2024_08;G7V
HIP55848;CCDM11268+0300, HD99492, BD+03 2503;Star+Dbl;11h 26m 47s;+03°00,3';7,6;7,6;;;Hipparcos;K2V
WDS11279+0251;Tau Leo, STFA19, BD+03 02504;Dbl;11h 27m 56s;+02°51,3';5,1;7,5;89,2;181;WDS2024_08;G8II-III
ASCC1137433;HD99649;Star+Dbl;11h 27m 56s;+02°49,8';7,4;;;;ASCC;G5
WDS11480+2013;93 Leo, STFB7, BD+21 02358;Dbl;11h 47m 59s;+20°13,1';4,6;9,0;74,4;356;WDS2024_08;A7V
ASCC777622;BD+21 2357, CCDM J11480+2014B, TYC 1443-579-1, Gaia DR3 3976203314442064000;Star+Var Star+Dbl;11h 47m 59s;+20°14,3';8,9;;;;ASCC;
WDS05445-2227;Gamma Lep, H640, CD-22 01211;Dbl;05h 44m 28s;-22°26,9';3,6;6,3;95,5;349;WDS2024_08;F6V+K2V
ASCC1533816;HD38392;Star+Var Star+Dbl;05h 44m 27s;-22°25,3';6,2;;;;ASCC;K2
WDS14509-1603;Alpha Lib, SHJ186, BD-15 03966,Zubenelgenubi;Dbl;14h 50m 53s;-16°02,4';2,7;5,2;230,8;314;WDS2024_08;A3IV+F4IV
HIP72603;CCDM14508-1602, HD130819, BD-15 3965;Star+Dbl;14h 50m 41s;-15°59,8';5,2;5,2;;;Hipparcos;F3V
WDS10459+3041;42 LMi, S612, BD+31 02180;Dbl;10h 45m 52s;+30°40,9';5,3;7,8;196,4;174;WDS2024_08;A1Vn
HIP52645;CCDM10459+3040, BD+31 2181;Star;10h 45m 54s;+30°37,6';7,6;;;;Hipparcos;K2III
WDS06268+5825;5 Lyn, S514, BD+58 00925;Dbl;06h 26m 49s;+58°25,0';5,4;7,9;95,5;272;WDS2024_08;K4III
HIP30661;CCDM06268+5825, HD44647, BD+58  925;Star;06h 26m 37s;+58°25,1';7,9;;;;Hipparcos;G9III
WDS07229+5517;19 Lyn, STF1062, BD+55 01193;Dbl;07h 22m 52s;+55°16,8';5,8;7,6;213,7;4;WDS2024_08;B8V
HIP35787;CCDM07228+5518, HD237611, BD+55 1193;Star;07h 22m 54s;+55°20,4';7,6;;;;Hipparcos;A0V
WDS16256-2327;H219, CD-23 12862;Dbl;16h 25m 35s;-23°26,7';5,1;7,3;151,1;0;WDS2024_08;B5V
WDS16256-2327;BU1115, CD-23 12860, CCDM16255-2327, HD147888, CPD-23  6368, HIP80461;Dbl;16h 25m 24s;-23°27,6';6,8;8,4;0,3;196;WDS2024_08;B5V
WDS16256-2327;KOU63, CCDM16255-2327, HD147932, CD-23 12862, CPD-23  6370, HIP80474;Dbl;16h 25m 35s;-23°24,3';5,8;11,7;4,8;206;WDS2024_08;B5V
WDS17153-2636;SHJ243, CD-26 12036;Dbl;17h 15m 21s;-26°36,1';5,1;6,5;732,5;74;WDS2024_08;K5Ve
HIP84478;CCDM17155-2635, HD156026, CD-26 12036, CPD-26  5863;Star;17h 16m 14s;-26°32,6';6,3;;;;Hipparcos;K5V
HIP84391;CCDM17155-2635, HD155849, CD-26 12025, CPD-26  5857;Star;17h 15m 13s;-26°31,8';7,6;;;;Hipparcos;G8III/IV
WDS05354-0525;Theta 2 Ori, STFA17, BD-05 01319;Dbl;05h 35m 23s;-05°25,0';5,0;5,1;134,4;315;WDS2024_08;O9.5IV
HIP26221;Theta 1 Ori, Trapezium, CCDM05353-0524, HD37022, BD-05 1315;Star+Dbl;05h 35m 16s;-05°23,3';5,1;5,1;;;Hipparcos;O6pe
ASCC1198622;42 Ori, HIP26237, HD37018;Star+Var Star+Dbl;05h 35m 23s;-04°50,3';4,6;5,2;252,0;105;ASCC;B2III...
ASCC1198646;45 Ori, HIP26268, HD37077;Star+Var Star+Dbl;05h 35m 39s;-04°51,3';5,2;;;;ASCC;F0III
WDS05320-0018;Delta Ori, STFA14, BD-00 00982,Mintaka;Dbl;05h 32m 00s;-00°17,9';2,4;6,8;51,8;0;WDS2024_08;O9.5II+
ASCC1198342;HD36485, Delta Ori, 34 Ori;Star+Var Star+Dbl;05h 32m 00s;-00°17,0';6,8;;;;ASCC;
WDS04334+4304;57 Per, SHJ44, BD+42 00990;Dbl;04h 33m 25s;+43°03,8';6,1;6,8;121,4;197;WDS2024_08;F0V
HIP21238;CCDM04334+4303, HD28693, BD+42  989;Star;04h 33m 22s;+43°01,9';6,8;;;;Hipparcos;F0
ASCC832235;HIP6706, HD8723, Rho Psc, 93 Psc;Star+Var Star;01h 26m 15s;+19°10,3';5,3;;447,0;57;ASCC;F2V:var
ASCC832252;HIP6732, HD8763, 94 Psc;Star;01h 26m 42s;+19°14,4';5,5;;;;ASCC;K1III
WDS01057+2128;Psi Psc, STF88, BD+20 00156;Dbl;01h 05m 41s;+21°28,3';5,3;5,4;29,8;159;WDS2024_08;B9.5V+A0V
HIP5132;CCDM01057+2128, HD6457, BD+20  157;Star+Dbl;01h 05m 42s;+21°27,9';5,6;5,6;;;Hipparcos;A0Vn
WDS07478-1601;KNT4, BD-15 02052;Dbl;07h 47m 45s;-16°00,8';6,6;6,5;128,1;313;WDS2024_08;K5II+K2I
HIP38031;CCDM07477-1600, HD63302, BD-15 2049;Star+Var Star;07h 47m 39s;-15°59,4';6,4;6,6;;;Hipparcos;K3Iab/b
WDS16120-1928;Nu Sco, H56, BD-19 04332,Jabbah;Dbl;16h 12m 00s;-19°27,6';4,3;6,6;41,4;336;WDS2024_08;B2IV
ASCC1488720;HD145501, nu Sco, 14 Sco;Star+Dbl;16h 11m 59s;-19°27,0';6,5;;;;ASCC;A
WDS16519-3803;Mu 1 Sco, SKF2608;Dbl;16h 51m 52s;-38°02,8';3,0;3,5;346,8;72;WDS2024_08;B1IV+B2IV
HIP82545;Mu 2 Sco, HD151985, CD-37 11037, CPD-37  6764;Star;16h 52m 20s;-38°01,0';3,6;;;;Hipparcos;B2IV
ASCC1974877;HIP82729, HD152334, zet Sco;Star+Var Star;16h 54m 35s;-42°21,6';3,6;;391,0;270;ASCC;K4III
HIP82671;HD152236, CD-42 11633, CPD-42  7545;Star+Var Star;16h 54m 00s;-42°21,7';4,8;4,9;;;Hipparcos;B1Iae
ASCC1586719;Omega 1 Sco, HIP78933, HD144470, 9 Sco;Star;16h 06m 48s;-20°40,1';4,0;;;;ASCC;B1V
ASCC1586748;Omega 2 Sco, HIP78990, HD144608, 10 Sco;Star+Var Star;16h 07m 24s;-20°52,1';4,3;;877,0;145;ASCC;G6/G8III
WDS20099+2055;Theta Cyg, STF2637, BD+20 04452;Dbl;20h 09m 57s;+20°54,8';6,6;7,5;91,9;222;WDS2024_08;F3V+F5IV
ASCC808677;HD191571;Star+Dbl;20h 09m 52s;+20°53,7';7,4;;;;ASCC;K2
WDS03459+2433;21 Tau, HJL1026, Sterope;Dbl;03h 45m 54s;+24°33,2';5,8;6,4;149,6;130;WDS2024_08;B8V
HIP17588;HD23441, BD+24  556;Star;03h 46m 03s;+24°31,6';6,4;;;;Hipparcos;A0Vn
WDS03475+2406;Eta Tau, STFA8, BD+23 00541,Alcyone;Dbl;03h 47m 29s;+24°06,3';2,8;6,3;117,6;291;WDS2024_08;B7III+A4V
ASCC748230;HD23629;Star+Dbl;03h 47m 21s;+24°07,0';6,3;;;;ASCC;A0
ASCC748228;HD23607;Star+Var Star+Dbl;03h 47m 19s;+24°08,3';8,3;;;;ASCC;A0
ASCC748224;HD 23608, CCDM J03474+2407D, SAO 76188, WDS J03475+2406D, Gaia DR3 66715174415764736;Star+Dbl;03h 47m 17s;+24°07,7';8,7;;;;ASCC;G0
WDS04357+1010;88 Tau, SHJ45;Dbl;04h 35m 39s;+10°09,6';4,3;7,8;69,2;300;WDS2024_08;A5m
ASCC921777;HD286909;Star+Var Star+Dbl;04h 35m 35s;+10°10,2';7,8;;;;ASCC;G0
HIP20885;Theta 1 Tau, CCDM04286+1554, HD28307, BD+15  631;Star;04h 28m 34s;+15°57,7';3,8;;;;Hipparcos;G7III
WDS04287+1552;Theta 2 Tau, STFA10, BD+15 00632;Dbl;04h 28m 40s;+15°52,2';3,4;3,9;336,9;347;WDS2024_08;A7III
WDS04393+1555;Sigma 2 Tau, STFA11, BD+15 00666;Dbl;04h 39m 17s;+15°55,0';4,7;5,1;444,0;194;WDS2024_08;A5Vn+A4m
HIP21673;Sigma 1 Tau, CCDM04392+1552, HD29479, BD+15  665;Star+Dbl;04h 39m 09s;+15°48,0';5,1;5,1;;;Hipparcos;A4m
WDS04254+2218;Kappa Tau, STF541, BD+21 00642;Dbl;04h 25m 22s;+22°17,6';4,2;5,3;339,4;174;WDS2024_08;A7IV/V
HIP20641;CCDM04254+2215, HD27946, BD+21  643;Star;04h 25m 25s;+22°12,0';5,3;;;;Hipparcos;A7V
WDS04240+2418;62 Tau, STF534, BD+23 00684;Dbl;04h 24m 00s;+24°18,0';6,4;7,9;29,1;291;WDS2024_08;B3V+A1V
HIP20531;CCDM04240+2419, BD+23  683;Star+Dbl;04h 23m 58s;+24°18,2';8,2;8,2;;;Hipparcos;A1Vp
ASCC659124;HD283576;Star+Dbl;04h 20m 18s;+27°20,8';7,6;;;;ASCC;F8
WDS04204+2721;Phi Tau, SHJ40, BD+27 00655;Dbl;04h 20m 21s;+27°21,0';5,1;7,5;48,7;259;WDS2024_08;K2III
WDS04422+2257;Tau Tau, S455, BD+22 00737;Dbl;04h 42m 15s;+22°57,4';4,2;7,0;62,5;214;WDS2024_08;B3V
ASCC750298;HD284659;Star+Var Star+Dbl;04h 42m 12s;+22°56,5';7,1;;;;ASCC;A0
WDS02358+3441;15 Tri, AG304, BD+34 00469;Dbl;02h 35m 47s;+34°41,2';5,6;6,8;142,4;16;WDS2024_08;M3IIIa
HIP12091;CCDM02358+3442, HD16070, BD+34  471;Star;02h 35m 50s;+34°43,5';6,7;;;0;Hipparcos;A5
WDS11037+6145;Alpha Uma,BU1077,Dubhe;Dbl;11h 03m 44s;+61°45,0';2,0;7,2;384,5;206;WDS2024_08;G9III
ASCC128129;HD95638;Star+Var Star;11h 03m 22s;+61°39,2';7,1;;;;ASCC;F8
WDS12021+4303;67 Uma, FOR1, BD+43 02179;Dbl;12h 02m 07s;+43°02,7';5,2;6,7;274,4;62;WDS2024_08;A7m
HIP58708;CCDM12021+4304, HD104556, BD+43 2182;Star;12h 02m 29s;+43°05,1';6,6;;;;Hipparcos;G8Vw...
HIP58648;CCDM12021+4304, HD104425, BD+43 2177;Star+Dbl+Var Star;12h 01m 33s;+43°02,5';8,9;9,1;0,6;86;Hipparcos;F6II
HIP58698;CCDM12021+4304, HD104526, BD+43 2180;Star;12h 02m 21s;+43°08,4';8,3;;;;Hipparcos;K0V
WDS11551+4629;65 Uma, STF1579, BD+47 01914;Dbl;11h 55m 06s;+46°28,6';6,7;7,0;62,9;114;WDS2024_08;A3Vn
HIP58117;CCDM11551+4629, HD103498, BD+47 1914;Star;11h 55m 11s;+46°28,1';7,0;;;;Hipparcos;A1spe...
WDS13239+5456;Zeta Uma, STF1744,Mizar;Dbl;13h 23m 55s;+54°55,5';2,2;4,0;715,5;73;WDS2024_08;A1VpSrSi
HIP65477;Alcor, CCDM13240+5456, HD116842, BD+55 1603;Star+Var Star;13h 25m 13s;+54°59,2';4,0;4,1;;;Hipparcos;A5V SB
HIP65355;CCDM13237+0243, HD116443, BD+03 2766;Star+Dbl;13h 23m 41s;+02°43,4';7,3;7,3;;;Hipparcos;G5
WDS13237+0243;STF1740, BD+03 02765;Dbl;13h 23m 39s;+02°43,3';7,1;7,4;26,3;74;WDS2024_08;G5V+G5V
WDS13284+1347;70 Vir, STT579, BD+14 02621;Dbl;13h 28m 26s;+13°46,7';5,0;8,7;268,6;127;WDS2024_08;G2V+K0II
HIP65749;CCDM13285+1346, BD+14 2622;Star;13h 28m 41s;+13°44,0';8,6;;;0;Hipparcos;K0II
