obj,config,negros,negrosProd,b,bProd,soloRampa,ibB,ibBProd,redIbPct,puenteFrac,cieloFracOpPos,cieloFracProd,cieloNivel,anillosDmagMax,fuenteDmag,fuenteDop,chamferErr,ms
M51,s25,149549,149549,48205,48205,49044,618,618,0.0,0.196,0.0000,0.0000,23.556,0.0000,0.0000,0.0000,,0
M51,E1p75s50,146342,149549,45124,48205,45963,503,618,18.6,0.144,0.0000,0.0000,23.556,0.0000,0.0000,0.0000,,565.4
M51,E1p75s100,145253,149549,44152,48205,44991,493,618,20.2,0.154,0.0000,0.0000,23.556,0.0000,0.0000,0.0000,,703.5
M51,E1p90s50,142677,149549,41620,48205,42459,384,618,37.9,0.101,0.0000,0.0000,23.556,0.0000,0.0000,0.0000,,704.1
M51,E1p90s100,138955,149549,38391,48205,39230,303,618,51.0,0.105,0.0000,0.0000,23.556,0.0000,0.0000,0.0000,,724
M51,E2expa50,143837,149549,43795,48205,44634,491,618,20.6,0.137,0.8816,0.0000,23.558,-2.8553,-0.0236,0.0073,0.0038,8179.4
M51,E2expa100,137919,149549,40209,48205,41048,371,618,40.0,0.114,0.8816,0.0000,23.560,-3.5273,-0.1196,0.0683,0.0011,8717.5
M51,E2expa150,132884,149549,37633,48205,38472,324,618,47.6,0.105,0.8816,0.0000,23.563,-3.8716,-0.1884,0.1267,0.0009,8204.3
M51,E2lina50,137193,149549,39634,48205,40473,342,618,44.7,0.114,0.4461,0.0000,23.559,-3.3300,-0.1775,0.1166,0.0023,6773.1
M51,E2lina100,127589,149549,35012,48205,35851,293,618,52.6,0.098,0.7862,0.0000,23.564,-4.0327,-0.2552,0.1871,0.0010,7130.5
M51,E2lina150,122317,149549,32439,48205,33278,284,618,54.0,0.098,0.8782,0.0000,23.569,-4.3529,-0.2800,0.2105,0.0000,7462.7
M81,s25,338413,338413,122305,122305,123551,0,0,,,0.0500,0.0500,23.717,0.0000,,,,0
M81,E1p75s50,336259,338413,120157,122305,121403,0,0,,,0.0500,0.0500,23.717,0.0000,,,,700.3
M81,E1p75s100,335216,338413,119123,122305,120369,0,0,,,0.0500,0.0500,23.717,0.0000,,,,718.2
M81,E1p90s50,332971,338413,116842,122305,118088,0,0,,,0.0500,0.0500,23.717,0.0000,,,,792.8
M81,E1p90s100,330929,338413,115095,122305,116341,0,0,,,0.0500,0.0500,23.717,0.0000,,,,842.2
M81,E2expa50,320613,338413,110061,122305,111211,0,0,,,0.9406,0.0500,23.758,-0.7595,,,0.0039,9685.1
M81,E2expa100,296916,338413,98497,122305,99622,0,0,,,0.9406,0.0500,23.781,-1.1020,,,0.0039,8078.7
M81,E2expa150,278628,338413,90409,122305,91520,0,0,,,0.9406,0.0500,23.797,-1.2873,,,0.0038,8191.5
M81,E2lina50,293741,338413,96458,122305,97571,0,0,,,0.8310,0.0500,23.777,-1.0236,,,0.0039,6832.2
M81,E2lina100,258767,338413,81025,122305,82120,0,0,,,0.9406,0.0500,23.811,-1.4342,,,0.0028,6707.2
M81,E2lina150,240208,338413,73155,122305,74242,0,0,,,0.9406,0.0500,23.827,-1.5777,,,0.0031,6879.6
M104,s25,62754,62754,0,0,0,0,0,,,0.0012,0.0012,23.564,0.0000,,,,0
M104,E1p75s50,61404,62754,0,0,0,0,0,,,0.0012,0.0012,23.564,0.0000,,,,781.5
M104,E1p75s100,60267,62754,0,0,0,0,0,,,0.0012,0.0012,23.564,0.0000,,,,737.5
M104,E1p90s50,59795,62754,0,0,0,0,0,,,0.0012,0.0012,23.564,0.0000,,,,585.4
M104,E1p90s100,57549,62754,0,0,0,0,0,,,0.0012,0.0012,23.564,0.0000,,,,747.1
M104,E2expa50,60265,62754,0,0,0,0,0,,,0.8516,0.0012,23.575,-3.2280,,,0.0039,8818.4
M104,E2expa100,57728,62754,0,0,0,0,0,,,0.8516,0.0012,23.581,-4.2166,,,0.0039,8347.8
M104,E2expa150,56405,62754,0,0,0,0,0,,,0.8516,0.0012,23.585,-4.7631,,,0.0018,343202.3
M104,E2lina50,57433,62754,0,0,0,0,0,,,0.6168,0.0012,23.579,-3.6151,,,0.0032,6507.1
M104,E2lina100,55086,62754,0,0,0,0,0,,,0.8206,0.0012,23.588,-4.9157,,,0.0016,424252.2
M104,E2lina150,54100,62754,0,0,0,0,0,,,0.8516,0.0012,23.595,-5.5012,,,0.0017,7095.6
M101,s25,389728,389728,140728,140728,141442,0,0,,,0.0000,0.0000,0.000,0.0000,0.0000|0.0000,0.0000|0.0000,,0
M101,E1p75s50,386629,389728,137794,140728,138508,0,0,,,0.0000,0.0000,0.000,0.0000,0.0000|0.0000,0.0000|0.0000,,730.3
M101,E1p75s100,386075,389728,137673,140728,138387,0,0,,,0.0000,0.0000,0.000,0.0000,0.0000|0.0000,0.0000|0.0000,,656.6
M101,E1p90s50,378276,389728,130263,140728,130977,0,0,,,0.0000,0.0000,0.000,0.0000,-0.0000|0.0000,0.0001|0.0000,,759.8
M101,E1p90s100,372264,389728,126774,140728,127488,0,0,,,0.0000,0.0000,0.000,0.0000,0.0000|0.0000,0.0000|0.0000,,848
M101,E2expa50,366180,389728,125053,140728,125752,0,0,,,0.0000,0.0000,0.000,0.0000,-0.0095|-0.0017,0.0093|0.0021,0.0038,9354.8
M101,E2expa100,342002,389728,114713,140728,115408,0,0,,,0.0000,0.0000,0.000,0.0000,-0.0162|-0.0032,0.0139|0.0039,0.0028,10059.1
M101,E2expa150,324121,389728,107607,140728,108299,0,0,,,0.0000,0.0000,0.000,0.0000,-0.0189|-0.0040,0.0157|0.0050,0.0028,8274.9
M101,E2lina50,336414,389728,111900,140728,112592,0,0,,,0.0000,0.0000,0.000,0.0000,-0.0188|-0.0040,0.0156|0.0050,0.0028,7485.2
M101,E2lina100,301570,389728,98155,140728,98845,0,0,,,0.0000,0.0000,0.000,0.0000,-0.0216|-0.0051,0.0176|0.0063,0.0026,1064853.3
M101,E2lina150,285051,389728,91253,140728,91942,0,0,,,0.0000,0.0000,0.000,0.0000,-0.0226|-0.0055,0.0182|0.0069,0.0001,345363.8
NGC205,s25,71550,71550,0,0,0,0,0,,,0.0083,0.0083,23.635,0.0000,,,,0
NGC205,E1p75s50,70226,71550,0,0,0,0,0,,,0.0083,0.0083,23.635,0.0000,,,,598.6
NGC205,E1p75s100,69056,71550,0,0,0,0,0,,,0.0083,0.0083,23.635,0.0000,,,,612
NGC205,E1p90s50,68554,71550,0,0,0,0,0,,,0.0083,0.0083,23.635,0.0000,,,,755
NGC205,E1p90s100,66762,71550,0,0,0,0,0,,,0.0083,0.0083,23.635,0.0000,,,,675.6
NGC205,E2expa50,66922,71550,0,0,0,0,0,,,0.8150,0.0083,23.746,-1.7438,,,0.0039,9108.6
NGC205,E2expa100,64266,71550,0,0,0,0,0,,,0.8150,0.0083,23.793,-2.1630,,,0.0036,8083.8
NGC205,E2expa150,62771,71550,0,0,0,0,0,,,0.8150,0.0083,23.821,-2.3699,,,0.0023,8810.4
NGC205,E2lina50,63742,71550,0,0,0,0,0,,,0.8145,0.0083,23.797,-2.1652,,,0.0029,7111.2
NGC205,E2lina100,61283,71550,0,0,0,0,0,,,0.8150,0.0083,23.853,-2.5532,,,0.0000,6694.5
NGC205,E2lina150,60318,71550,0,0,0,0,0,,,0.8150,0.0083,23.880,-2.7195,,,0.0000,7085.2
